{"type":"FeatureCollection","features":[{"type":"Feature","properties":{"name":"1 Ave & E 110 St","station_id":"0b613329-b8c8-4b8c-ad40-79952aa41157","mode":"CitiBike","region_id":"71","coord_source":"mapbox","mapbox_name":"Citi Bike – 1 Ave & E 110 St"},"geometry":{"type":"Point","coordinates":[-73.93824711441994,40.79233042210271]}},{"type":"Feature","properties":{"name":"1 Ave & E 118 St","station_id":"1958457675193833900","mode":"CitiBike","region_id":"71","coord_source":"mapbox","mapbox_name":"Citi Bike – 1 Ave & E 118 St"},"geometry":{"type":"Point","coordinates":[-73.93449604511261,40.79747792929183]}},{"type":"Feature","properties":{"name":"1 Ave & E 16 St","station_id":"66dc7802-0aca-11e7-82f6-3863bb44ef7c","mode":"CitiBike","region_id":"71","coord_source":"mapbox","mapbox_name":"Citi Bike – 1 Ave & E 16 St"},"geometry":{"type":"Point","coordinates":[-73.98165598511696,40.732218230066366]}},{"type":"Feature","properties":{"name":"1 Ave & E 18 St","station_id":"66dc8f1f-0aca-11e7-82f6-3863bb44ef7c","mode":"CitiBike","region_id":"71","coord_source":"mapbox","mapbox_name":"Citi Bike – 1 Ave & E 18 St"},"geometry":{"type":"Point","coordinates":[-73.98054420948029,40.733812191966315]}},{"type":"Feature","properties":{"name":"1 Ave & E 30 St","station_id":"66dc89ae-0aca-11e7-82f6-3863bb44ef7c","mode":"CitiBike","region_id":"71","coord_source":"mapbox","mapbox_name":"Citi Bike – 1 Ave & E 30 St"},"geometry":{"type":"Point","coordinates":[-73.97537022829056,40.74147964646514]}},{"type":"Feature","properties":{"name":"1 Ave & E 38 St","station_id":"1917312704757770810","mode":"CitiBike","region_id":"71","coord_source":"mapbox","mapbox_name":"Citi Bike – 1 Ave & E 38 St"},"geometry":{"type":"Point","coordinates":[-73.97182434797287,40.746201314087585]}},{"type":"Feature","properties":{"name":"1 Ave & E 42 St","station_id":"1984510483573713186","mode":"CitiBike","region_id":"71","coord_source":"mapbox","mapbox_name":"Citi Bike – 1 Ave & E 42 St"},"geometry":{"type":"Point","coordinates":[-73.97012785077095,40.74877182499563]}},{"type":"Feature","properties":{"name":"1 Ave & E 44 St","station_id":"66dc2172-0aca-11e7-82f6-3863bb44ef7c","mode":"CitiBike","region_id":"71","coord_source":"mapbox","mapbox_name":"Citi Bike – 1 Ave & E 44 St"},"geometry":{"type":"Point","coordinates":[-73.96905362606049,40.75001335633857]}},{"type":"Feature","properties":{"name":"1 Ave & E 6 St","station_id":"c37931bb-8571-4671-a9a8-f3cf23897680","mode":"CitiBike","region_id":"71","coord_source":"mapbox","mapbox_name":"Citi Bike – 1 Ave & E 6 St"},"geometry":{"type":"Point","coordinates":[-73.98612454533577,40.72619568697576]}},{"type":"Feature","properties":{"name":"1 Ave & E 62 St","station_id":"66dd4356-0aca-11e7-82f6-3863bb44ef7c","mode":"CitiBike","region_id":"71","coord_source":"mapbox","mapbox_name":"Citi Bike – 1 Ave & E 62 St"},"geometry":{"type":"Point","coordinates":[-73.96077632904053,40.761380113363145]}},{"type":"Feature","properties":{"name":"1 Ave & E 68 St","station_id":"66dd42eb-0aca-11e7-82f6-3863bb44ef7c","mode":"CitiBike","region_id":"71","coord_source":"mapbox","mapbox_name":"Citi Bike – 1 Ave & E 68 St"},"geometry":{"type":"Point","coordinates":[-73.95802706480026,40.765132372346585]}},{"type":"Feature","properties":{"name":"1 Ave & E 78 St","station_id":"66dd427e-0aca-11e7-82f6-3863bb44ef7c","mode":"CitiBike","region_id":"71","coord_source":"mapbox","mapbox_name":"Citi Bike – E 77 St & 1 Ave"},"geometry":{"type":"Point","coordinates":[-73.95359069108963,40.77095130678168]}},{"type":"Feature","properties":{"name":"1 Ave & E 94 St","station_id":"66dded11-0aca-11e7-82f6-3863bb44ef7c","mode":"CitiBike","region_id":"71","coord_source":"mapbox","mapbox_name":"Citi Bike – 1 Ave & E 94 St"},"geometry":{"type":"Point","coordinates":[-73.94594505429268,40.78175799814122]}},{"type":"Feature","properties":{"name":"1 Pl & Clinton St","station_id":"66de4336-0aca-11e7-82f6-3863bb44ef7c","mode":"CitiBike","region_id":"71","coord_source":"mapbox","mapbox_name":"Citi Bike – 1 Pl & Clinton St"},"geometry":{"type":"Point","coordinates":[-73.99915874004364,40.68098381548609]}},{"type":"Feature","properties":{"name":"1 St & 6 Ave","station_id":"8066575c-f8e9-4e14-95ea-8d25ceeae2ca","mode":"CitiBike","region_id":"71","coord_source":"mapbox","mapbox_name":"Citi Bike – 1 St & 6 Ave"},"geometry":{"type":"Point","coordinates":[-73.97982805967331,40.67277081193643]}},{"type":"Feature","properties":{"name":"10 Ave & W 14 St","station_id":"116dbc02-a3c1-4b65-9f73-2a09a2aa1379","mode":"CitiBike","region_id":"71","coord_source":"mapbox","mapbox_name":"Citi Bike – 10 Ave & W 14 St"},"geometry":{"type":"Point","coordinates":[-74.00818303227425,40.74194705265643]}},{"type":"Feature","properties":{"name":"10 Ave & W 204 St","station_id":"99b7c9a5-9679-417f-b884-21c4b240aa99","mode":"CitiBike","region_id":"71","coord_source":"mapbox","mapbox_name":"Citi Bike – 10 Ave & W 204 St"},"geometry":{"type":"Point","coordinates":[-73.92007783055305,40.8626329667822]}},{"type":"Feature","properties":{"name":"10 Ave & W 207 St","station_id":"a5bd1f58-7df8-4df6-9636-372f1bc194be","mode":"CitiBike","region_id":"71","coord_source":"mapbox","mapbox_name":"Citi Bike – 10 Ave & W 207 St"},"geometry":{"type":"Point","coordinates":[-73.91859725117683,40.86463811053761]}},{"type":"Feature","properties":{"name":"10 Ave & W 215 St","station_id":"158e7752-27e2-4912-be0b-eb15405aa096","mode":"CitiBike","region_id":"71","coord_source":"mapbox","mapbox_name":"Citi Bike – 10 Ave & W 215 St"},"geometry":{"type":"Point","coordinates":[-73.91520023345947,40.86930640172616]}},{"type":"Feature","properties":{"name":"10 Ave & W 28 St","station_id":"66dc51e9-0aca-11e7-82f6-3863bb44ef7c","mode":"CitiBike","region_id":"71","coord_source":"mapbox","mapbox_name":"Citi Bike – 10 Ave & W 28 St"},"geometry":{"type":"Point","coordinates":[-74.00175914168358,40.75066052837951]}},{"type":"Feature","properties":{"name":"10 Ave & W 34 St","station_id":"2171919049376995084","mode":"CitiBike","region_id":"71","coord_source":"mapbox","mapbox_name":"Citi Bike – 10 Ave & W 34 St"},"geometry":{"type":"Point","coordinates":[-73.99915739893913,40.754779117751525]}},{"type":"Feature","properties":{"name":"10 St & 2 Ave","station_id":"3f878b81-324e-4673-9221-43d34647e76f","mode":"CitiBike","region_id":"71","coord_source":"mapbox","mapbox_name":"Citi Bike – 10 St & 2 Ave"},"geometry":{"type":"Point","coordinates":[-73.99358913302422,40.671914363717434]}},{"type":"Feature","properties":{"name":"10 St & 5 Ave","station_id":"66ddef2d-0aca-11e7-82f6-3863bb44ef7c","mode":"CitiBike","region_id":"71","coord_source":"mapbox","mapbox_name":"Citi Bike – 10 St & 5 Ave"},"geometry":{"type":"Point","coordinates":[-73.98700162768364,40.668633922878286]}},{"type":"Feature","properties":{"name":"10 St & 7 Ave","station_id":"66ddea99-0aca-11e7-82f6-3863bb44ef7c","mode":"CitiBike","region_id":"71","coord_source":"mapbox","mapbox_name":"Citi Bike – 10 St & 7 Ave"},"geometry":{"type":"Point","coordinates":[-73.9819885790348,40.666199680615904]}},{"type":"Feature","properties":{"name":"100 St & 37 Ave","station_id":"1835249197527877718","mode":"CitiBike","region_id":"71","coord_source":"mapbox","mapbox_name":"Citi Bike – 100 St & 37 Ave"},"geometry":{"type":"Point","coordinates":[-73.86716991662979,40.75243132956871]}},{"type":"Feature","properties":{"name":"100 St & Humphreys St","station_id":"1835249964093653018","mode":"CitiBike","region_id":"71","coord_source":"mapbox","mapbox_name":"Citi Bike – 100 St & Humphreys St"},"geometry":{"type":"Point","coordinates":[-73.87012839317322,40.76574283082937]}},{"type":"Feature","properties":{"name":"100 St & Lewis Ave","station_id":"1846086665080867236","mode":"CitiBike","region_id":"71","coord_source":"mapbox","mapbox_name":"Citi Bike – 100 St & Lewis Ave"},"geometry":{"type":"Point","coordinates":[-73.8601116836071,40.73986808602095]}},{"type":"Feature","properties":{"name":"100 St & Northern Blvd","station_id":"1828969417249358046","mode":"CitiBike","region_id":"71","coord_source":"mapbox","mapbox_name":"Citi Bike – 100 St & Northern Blvd"},"geometry":{"type":"Point","coordinates":[-73.86845469474792,40.75748542237676]}},{"type":"Feature","properties":{"name":"101 St & Fort Hamilton Pkwy","station_id":"2126624772423916318","mode":"CitiBike","region_id":"71","coord_source":"mapbox","mapbox_name":"Citi Bike – 101 St & Fort Hamilton Pkwy"},"geometry":{"type":"Point","coordinates":[-74.03285264968872,40.611256591409784]}},{"type":"Feature","properties":{"name":"102 St & 34 Ave","station_id":"1835249448692130546","mode":"CitiBike","region_id":"71","coord_source":"mapbox","mapbox_name":"Citi Bike – 102 St & 34 Ave"},"geometry":{"type":"Point","coordinates":[-73.86621907353401,40.75585697975413]}},{"type":"Feature","properties":{"name":"103 St & 41 Ave","station_id":"1846086138339179502","mode":"CitiBike","region_id":"71","coord_source":"mapbox","mapbox_name":"Citi Bike – 103 St & 41 Ave"},"geometry":{"type":"Point","coordinates":[-73.8628502190113,40.748756585105184]}},{"type":"Feature","properties":{"name":"103 St & Martense Ave","station_id":"1854538793462575652","mode":"CitiBike","region_id":"71","coord_source":"mapbox","mapbox_name":"Citi Bike – 103 St & Martense Ave"},"geometry":{"type":"Point","coordinates":[-73.8565094769001,40.74045337352209]}},{"type":"Feature","properties":{"name":"104 St & 32 Ave","station_id":"1854538169357726138","mode":"CitiBike","region_id":"71","coord_source":"mapbox","mapbox_name":"Citi Bike – 104 St & 32 Ave"},"geometry":{"type":"Point","coordinates":[-73.86490076780319,40.75951711020383]}},{"type":"Feature","properties":{"name":"104 St & 38 Ave","station_id":"1828969515711812276","mode":"CitiBike","region_id":"71","coord_source":"mapbox","mapbox_name":"Citi Bike – 104 St & 38 Ave"},"geometry":{"type":"Point","coordinates":[-73.86242374777794,40.75137271513529]}},{"type":"Feature","properties":{"name":"104 St & Northern Blvd","station_id":"1828969851041055492","mode":"CitiBike","region_id":"71","coord_source":"mapbox","mapbox_name":"Citi Bike – 104 St & Northern Blvd"},"geometry":{"type":"Point","coordinates":[-73.86455208063126,40.7575605959326]}},{"type":"Feature","properties":{"name":"107 St & 32 Ave","station_id":"1838070703178521596","mode":"CitiBike","region_id":"71","coord_source":"mapbox","mapbox_name":"Citi Bike – 107 St & 32 Ave"},"geometry":{"type":"Point","coordinates":[-73.86224538087845,40.75996915230027]}},{"type":"Feature","properties":{"name":"108 St & 39 Ave","station_id":"1828969634783171152","mode":"CitiBike","region_id":"71","coord_source":"mapbox","mapbox_name":"Citi Bike – 108 St & 39 Ave"},"geometry":{"type":"Point","coordinates":[-73.85915815830231,40.75165718132237]}},{"type":"Feature","properties":{"name":"108 St & 52 Ave","station_id":"1978170169761096104","mode":"CitiBike","region_id":"71","coord_source":"mapbox","mapbox_name":"Citi Bike – 108 St & 52 Ave"},"geometry":{"type":"Point","coordinates":[-73.8546547293663,40.743097264340406]}},{"type":"Feature","properties":{"name":"108 St & 62 Dr","station_id":"2206771827276449614","mode":"CitiBike","region_id":"71","coord_source":"mapbox","mapbox_name":"Citi Bike – 108 St & 62 Dr"},"geometry":{"type":"Point","coordinates":[-73.85100692510605,40.735497573325546]}},{"type":"Feature","properties":{"name":"108 St & 66 Rd","station_id":"2206776896907975198","mode":"CitiBike","region_id":"71","coord_source":"mapbox","mapbox_name":"Citi Bike – 108 St & 66 Rd"},"geometry":{"type":"Point","coordinates":[-73.84793311357498,40.72949463651159]}},{"type":"Feature","properties":{"name":"108 St & Jewel Ave","station_id":"2206778896946400902","mode":"CitiBike","region_id":"71","coord_source":"mapbox","mapbox_name":"Citi Bike – 108 St & Jewel Ave"},"geometry":{"type":"Point","coordinates":[-73.84481638669968,40.7237645634346]}},{"type":"Feature","properties":{"name":"11 Ave & Prospect Ave","station_id":"3f031133-ec95-4a92-9d63-2ae28183f498","mode":"CitiBike","region_id":"71","coord_source":"mapbox","mapbox_name":"Citi Bike – 11 Ave & Prospect Ave"},"geometry":{"type":"Point","coordinates":[-73.97733494639397,40.65629903859465]}},{"type":"Feature","properties":{"name":"11 Ave & W 27 St","station_id":"66dc22a7-0aca-11e7-82f6-3863bb44ef7c","mode":"CitiBike","region_id":"71","coord_source":"mapbox","mapbox_name":"Citi Bike – 11 Ave & W 27 St"},"geometry":{"type":"Point","coordinates":[-74.00519371032715,40.75120203483891]}},{"type":"Feature","properties":{"name":"11 Ave & W 41 St","station_id":"66dc41bb-0aca-11e7-82f6-3863bb44ef7c","mode":"CitiBike","region_id":"71","coord_source":"mapbox","mapbox_name":"Citi Bike – 11 Ave & W 41 St"},"geometry":{"type":"Point","coordinates":[-73.99884222,40.76030096]}},{"type":"Feature","properties":{"name":"11 Ave & W 59 St","station_id":"66dc864c-0aca-11e7-82f6-3863bb44ef7c","mode":"CitiBike","region_id":"71","coord_source":"mapbox","mapbox_name":"Citi Bike – 11 Ave & W 59 St"},"geometry":{"type":"Point","coordinates":[-73.99042680859566,40.771463194241164]}},{"type":"Feature","properties":{"name":"11 St & 43 Ave","station_id":"2018303498843153278","mode":"CitiBike","region_id":"71","coord_source":"mapbox","mapbox_name":"Citi Bike – 11 St & 43 Ave"},"geometry":{"type":"Point","coordinates":[-73.94819676876068,40.75178315881638]}},{"type":"Feature","properties":{"name":"11 St & 44 Rd","station_id":"1882735457106787122","mode":"CitiBike","region_id":"71","coord_source":"mapbox","mapbox_name":"Citi Bike – 11 St & 44 Rd"},"geometry":{"type":"Point","coordinates":[-73.94937425851822,40.74920158846828]}},{"type":"Feature","properties":{"name":"11 St & Washington St","station_id":"f417d8da-0f15-49b0-9e3c-3c3e55c2691d","mode":"CitiBike","region_id":"311","coord_source":"mapbox","mapbox_name":"Citi Bike – 11 St & Washington St"},"geometry":{"type":"Point","coordinates":[-74.02714490890503,40.75000319660168]}},{"type":"Feature","properties":{"name":"110 St & 66 Rd","station_id":"2206776688665279120","mode":"CitiBike","region_id":"71","coord_source":"mapbox","mapbox_name":"Citi Bike – 110 St & 66 Rd"},"geometry":{"type":"Point","coordinates":[-73.8456854224205,40.730157252369395]}},{"type":"Feature","properties":{"name":"110 St & 68 Ave","station_id":"2206778041579977376","mode":"CitiBike","region_id":"71","coord_source":"mapbox","mapbox_name":"Citi Bike – 110 St & 68 Ave"},"geometry":{"type":"Point","coordinates":[-73.84427592158318,40.727754730335135]}},{"type":"Feature","properties":{"name":"111 St & 37 Ave","station_id":"1840540966407039246","mode":"CitiBike","region_id":"71","coord_source":"mapbox","mapbox_name":"Citi Bike – 111 St & 37 Ave"},"geometry":{"type":"Point","coordinates":[-73.85742545127869,40.75397248762957]}},{"type":"Feature","properties":{"name":"111 St & 49 Ave","station_id":"1857217122161783302","mode":"CitiBike","region_id":"71","coord_source":"mapbox","mapbox_name":"Citi Bike – 111 St & 49 Ave"},"geometry":{"type":"Point","coordinates":[-73.8526739180088,40.74598591498594]}},{"type":"Feature","properties":{"name":"111 St & 53 Ave","station_id":"1859811213834095332","mode":"CitiBike","region_id":"71","coord_source":"mapbox","mapbox_name":"Citi Bike – 111 St & 53 Ave"},"geometry":{"type":"Point","coordinates":[-73.85144010186195,40.743555514514526]}},{"type":"Feature","properties":{"name":"111 St & Roosevelt Ave","station_id":"1849010133527040242","mode":"CitiBike","region_id":"71","coord_source":"mapbox","mapbox_name":"Citi Bike – 111 St & Roosevelt Ave"},"geometry":{"type":"Point","coordinates":[-73.85566860437393,40.7514499275064]}},{"type":"Feature","properties":{"name":"112 St & 67 Rd","station_id":"2206777859619701214","mode":"CitiBike","region_id":"71","coord_source":"mapbox","mapbox_name":"Citi Bike – 112 St & 67 Rd"},"geometry":{"type":"Point","coordinates":[-73.8426062464714,40.72956272770912]}},{"type":"Feature","properties":{"name":"112 St & Northern Blvd","station_id":"1838070843306263244","mode":"CitiBike","region_id":"71","coord_source":"mapbox","mapbox_name":"Citi Bike – 112 St & Northern Blvd"},"geometry":{"type":"Point","coordinates":[-73.8576252758503,40.75788160637666]}},{"type":"Feature","properties":{"name":"113 St & Jewel Ave","station_id":"2206779232336912856","mode":"CitiBike","region_id":"71","coord_source":"mapbox","mapbox_name":"Citi Bike – 113 St & Jewel Ave"},"geometry":{"type":"Point","coordinates":[-73.83925884962082,40.725197636133544]}},{"type":"Feature","properties":{"name":"114 St & 39 Ave","station_id":"1838071090619298218","mode":"CitiBike","region_id":"71","coord_source":"mapbox","mapbox_name":"Citi Bike – 114 St & 39 Ave"},"geometry":{"type":"Point","coordinates":[-73.85300517082214,40.75320343695191]}},{"type":"Feature","properties":{"name":"12 Ave & 36 St","station_id":"ad037fe2-4a28-4b55-863c-229aada0b43a","mode":"CitiBike","region_id":"71","coord_source":"mapbox","mapbox_name":"Citi Bike – 12 Ave & 36 St"},"geometry":{"type":"Point","coordinates":[-73.9864169061184,40.643553817584575]}},{"type":"Feature","properties":{"name":"12 Ave & W 125 St","station_id":"eab2749b-2f79-4797-a0a6-0579b27e6929","mode":"CitiBike","region_id":"71","coord_source":"mapbox","mapbox_name":"Citi Bike – 12 Ave & W 125 St"},"geometry":{"type":"Point","coordinates":[-73.96036326885223,40.81832480409352]}},{"type":"Feature","properties":{"name":"12 Ave & W 40 St","station_id":"66dc7d58-0aca-11e7-82f6-3863bb44ef7c","mode":"CitiBike","region_id":"71","coord_source":"mapbox","mapbox_name":"Citi Bike – 12 Ave & W 40 St"},"geometry":{"type":"Point","coordinates":[-74.00288835167885,40.76092097021393]}},{"type":"Feature","properties":{"name":"12 St & 4 Ave","station_id":"66de06ef-0aca-11e7-82f6-3863bb44ef7c","mode":"CitiBike","region_id":"71","coord_source":"mapbox","mapbox_name":"Citi Bike – 12 St & 4 Ave"},"geometry":{"type":"Point","coordinates":[-73.99052873253822,40.66865528441039]}},{"type":"Feature","properties":{"name":"12 St & Sinatra Dr N","station_id":"bd6f422b-d7ae-4d7e-9261-653fdd8e6888","mode":"CitiBike","region_id":"311","coord_source":"mapbox","mapbox_name":"Citi Bike – 12 St & Sinatra Dr N"},"geometry":{"type":"Point","coordinates":[-74.0242052078247,40.75062395367544]}},{"type":"Feature","properties":{"name":"14 St & 5 Ave","station_id":"66ddeffd-0aca-11e7-82f6-3863bb44ef7c","mode":"CitiBike","region_id":"71","coord_source":"mapbox","mapbox_name":"Citi Bike – 14 St & 5 Ave"},"geometry":{"type":"Point","coordinates":[-73.98898378014565,40.66631361286676]}},{"type":"Feature","properties":{"name":"14 St & 7 Ave","station_id":"66ddec3e-0aca-11e7-82f6-3863bb44ef7c","mode":"CitiBike","region_id":"71","coord_source":"mapbox","mapbox_name":"Citi Bike – 14 St & 7 Ave"},"geometry":{"type":"Point","coordinates":[-73.98390233516693,40.66375822846902]}},{"type":"Feature","properties":{"name":"14 St Ferry - 14 St & Shipyard Ln","station_id":"4a48175b-c239-4d5e-b1b8-03eda4239678","mode":"CitiBike","region_id":"311","coord_source":"mapbox","mapbox_name":"Citi Bike – 14 St Ferry – 14 St & Shipyard Ln"},"geometry":{"type":"Point","coordinates":[-74.02434065937996,40.752982980889925]}},{"type":"Feature","properties":{"name":"15 Ave & 37 St","station_id":"2121032973750651666","mode":"CitiBike","region_id":"71","coord_source":"mapbox","mapbox_name":"Citi Bike – 15 Ave & 37 St"},"geometry":{"type":"Point","coordinates":[-73.98074269294739,40.63899482085753]}},{"type":"Feature","properties":{"name":"16 St & 4 Ave","station_id":"0eacb768-c7d5-4499-9182-9a1331d9280c","mode":"CitiBike","region_id":"71","coord_source":"mapbox","mapbox_name":"Citi Bike – 16 St & 4 Ave"},"geometry":{"type":"Point","coordinates":[-73.99247333407402,40.666200697869016]}},{"type":"Feature","properties":{"name":"17 St & 5 Ave","station_id":"5526b855-dc09-4159-a20a-99651861a481","mode":"CitiBike","region_id":"71","coord_source":"mapbox","mapbox_name":"Citi Bike – 17 St & 5 Ave"},"geometry":{"type":"Point","coordinates":[-73.99092972278595,40.66345609255163]}},{"type":"Feature","properties":{"name":"19 St & 24 Ave","station_id":"3e1bdcec-e762-4e83-b447-007f05923cce","mode":"CitiBike","region_id":"71","coord_source":"mapbox","mapbox_name":"Citi Bike – 19 St & 24 Ave"},"geometry":{"type":"Point","coordinates":[-73.92234027385712,40.77759944284492]}},{"type":"Feature","properties":{"name":"19 St & 8 Ave","station_id":"22e38a04-e70d-4484-bbf3-f6e8c64fdbd4","mode":"CitiBike","region_id":"71","coord_source":"mapbox","mapbox_name":"Citi Bike – 19 St & 8 Ave"},"geometry":{"type":"Point","coordinates":[-73.98559883236885,40.658525081643745]}},{"type":"Feature","properties":{"name":"2 Ave & 32 St","station_id":"b200a8bf-2d79-4511-9a16-ac41e7245622","mode":"CitiBike","region_id":"71","coord_source":"mapbox","mapbox_name":"Citi Bike – 2 Ave & 32 St"},"geometry":{"type":"Point","coordinates":[-74.0065710246563,40.65919552521018]}},{"type":"Feature","properties":{"name":"2 Ave & 36 St","station_id":"dd482585-3028-453f-a98d-55019db9b26c","mode":"CitiBike","region_id":"71","coord_source":"mapbox","mapbox_name":"Citi Bike – 2 Ave & 36 St"},"geometry":{"type":"Point","coordinates":[-74.00855585932732,40.657275739388666]}},{"type":"Feature","properties":{"name":"2 Ave & E 122 St","station_id":"625711ba-3b5d-46a7-a8f9-7f4eb17ec1be","mode":"CitiBike","region_id":"71","coord_source":"mapbox","mapbox_name":"Citi Bike – 2 Ave & E 122 St"},"geometry":{"type":"Point","coordinates":[-73.93489837646484,40.800679944424985]}},{"type":"Feature","properties":{"name":"2 Ave & E 125 St","station_id":"bb07a569-cc74-439e-b424-916c0304f136","mode":"CitiBike","region_id":"71","coord_source":"mapbox","mapbox_name":"Citi Bike – 2 Ave & E 125 St"},"geometry":{"type":"Point","coordinates":[-73.93350630998611,40.8025783395596]}},{"type":"Feature","properties":{"name":"2 Ave & E 29 St","station_id":"cdb6e2aa-4da3-4ed7-9b13-ce626addf6b0","mode":"CitiBike","region_id":"71","coord_source":"mapbox","mapbox_name":"Citi Bike – 2 Ave & E 29 St"},"geometry":{"type":"Point","coordinates":[-73.97800549864769,40.741711317770466]}},{"type":"Feature","properties":{"name":"2 Ave & E 31 St","station_id":"1893622839585237496","mode":"CitiBike","region_id":"71","coord_source":"mapbox","mapbox_name":"Citi Bike – 2 Ave & E 31 St"},"geometry":{"type":"Point","coordinates":[-73.97706001996994,40.74290928940903]}},{"type":"Feature","properties":{"name":"2 Ave & E 72 St","station_id":"e36b5913-8e46-4c2a-b9be-73bdf8ee548b","mode":"CitiBike","region_id":"71","coord_source":"mapbox","mapbox_name":"Citi Bike – 2 Ave & E 72 St"},"geometry":{"type":"Point","coordinates":[-73.95849242806435,40.768553305283405]}},{"type":"Feature","properties":{"name":"2 Ave & E 96 St","station_id":"66ddef96-0aca-11e7-82f6-3863bb44ef7c","mode":"CitiBike","region_id":"71","coord_source":"mapbox","mapbox_name":"Citi Bike – 2 Ave & E 96 St"},"geometry":{"type":"Point","coordinates":[-73.94714400172234,40.78409561137147]}},{"type":"Feature","properties":{"name":"2 Ave & E 99 St","station_id":"66de10a8-0aca-11e7-82f6-3863bb44ef7c","mode":"CitiBike","region_id":"71","coord_source":"mapbox","mapbox_name":"Citi Bike – 2 Ave & E 99 St"},"geometry":{"type":"Point","coordinates":[-73.94555479288101,40.786280829610405]}},{"type":"Feature","properties":{"name":"2 St & Park Ave","station_id":"b6a13f2b-deb4-4f4d-9d67-7d23bee27c88","mode":"CitiBike","region_id":"311","coord_source":"mapbox","mapbox_name":"Citi Bike – 2 St & Park Ave"},"geometry":{"type":"Point","coordinates":[-74.03308868408203,40.73915679219502]}},{"type":"Feature","properties":{"name":"20 Ave & 21 St","station_id":"bd70035d-4151-42b2-91f6-7bb3333e5253","mode":"CitiBike","region_id":"71","coord_source":"mapbox","mapbox_name":"Citi Bike – 21 St & 20 Ave"},"geometry":{"type":"Point","coordinates":[-73.91228064894676,40.78399508147905]}},{"type":"Feature","properties":{"name":"20 Ave & 31 St","station_id":"d2024260-cc58-451b-9417-3a695f8a1b34","mode":"CitiBike","region_id":"71","coord_source":"mapbox","mapbox_name":"Citi Bike – 20 Ave & 31 St"},"geometry":{"type":"Point","coordinates":[-73.90668824315071,40.78002453677081]}},{"type":"Feature","properties":{"name":"20 Ave & 38 St","station_id":"6cb5fac5-f7e8-4ec9-94cf-816771d91ecd","mode":"CitiBike","region_id":"71","coord_source":"mapbox","mapbox_name":"Citi Bike – 20 Ave & 38 St"},"geometry":{"type":"Point","coordinates":[-73.90265017747879,40.77726938762268]}},{"type":"Feature","properties":{"name":"20 Ave & 42 St","station_id":"e10a6e12-d98c-4625-940a-9f83d9b2f6c4","mode":"CitiBike","region_id":"71","coord_source":"mapbox","mapbox_name":"Citi Bike – 20 Ave & 42 St"},"geometry":{"type":"Point","coordinates":[-73.90006050467491,40.77542815717075]}},{"type":"Feature","properties":{"name":"20 Ave & 48 St","station_id":"c02864f0-2611-440b-98f4-45fddfd545fe","mode":"CitiBike","region_id":"71","coord_source":"mapbox","mapbox_name":"Citi Bike – 20 Ave & 48 St"},"geometry":{"type":"Point","coordinates":[-73.89687672257423,40.772945004952874]}},{"type":"Feature","properties":{"name":"20 Ave & Shore Blvd","station_id":"4034789e-b70d-4aae-bf18-3ed37a4d751f","mode":"CitiBike","region_id":"71","coord_source":"mapbox","mapbox_name":"Citi Bike – 20 Ave & Shore Blvd"},"geometry":{"type":"Point","coordinates":[-73.91511172056198,40.786021897189556]}},{"type":"Feature","properties":{"name":"21 Ave & 80 St","station_id":"d7d297fd-36dc-42f2-8e3b-24b1003be874","mode":"CitiBike","region_id":"71","coord_source":"mapbox","mapbox_name":"Citi Bike – 21 Ave & 80 St"},"geometry":{"type":"Point","coordinates":[-73.88992041349411,40.770891383190275]}},{"type":"Feature","properties":{"name":"21 Ave & Crescent St","station_id":"8c6cba48-d803-4a90-99f7-e06edcdbbf92","mode":"CitiBike","region_id":"71","coord_source":"mapbox","mapbox_name":"Citi Bike – 21 Ave & Crescent St"},"geometry":{"type":"Point","coordinates":[-73.91220957040787,40.780471361838295]}},{"type":"Feature","properties":{"name":"21 Ave & Shore Blvd","station_id":"a70b26b7-fbad-4787-bf15-29f7b13a19ab","mode":"CitiBike","region_id":"71","coord_source":"mapbox","mapbox_name":"Citi Bike – 21 Ave & Shore Blvd"},"geometry":{"type":"Point","coordinates":[-73.91687795519829,40.78398188057278]}},{"type":"Feature","properties":{"name":"21 St & 21 Ave","station_id":"bc346753-b68a-4cb3-b93f-b0be68227eae","mode":"CitiBike","region_id":"71","coord_source":"mapbox","mapbox_name":"Citi Bike – 21 St & 21 Ave"},"geometry":{"type":"Point","coordinates":[-73.91454845666885,40.7824546195514]}},{"type":"Feature","properties":{"name":"21 St & 23 Ave","station_id":"5a24acbb-94ef-4cb5-9db8-f6073ac26a2b","mode":"CitiBike","region_id":"71","coord_source":"mapbox","mapbox_name":"Citi Bike – 21 St & 23 Ave"},"geometry":{"type":"Point","coordinates":[-73.91901165246964,40.77855507040988]}},{"type":"Feature","properties":{"name":"21 St & 31 Dr","station_id":"2ec1235f-a043-4e3a-9ba1-56f7dd4624b7","mode":"CitiBike","region_id":"71","coord_source":"mapbox","mapbox_name":"Citi Bike – 21 St & 31 Dr"},"geometry":{"type":"Point","coordinates":[-73.93084019422531,40.76590331648799]}},{"type":"Feature","properties":{"name":"21 St & 36 Ave","station_id":"b94d0241-bce7-44a9-ab1c-ece0740a4134","mode":"CitiBike","region_id":"71","coord_source":"mapbox","mapbox_name":"Citi Bike – 21 St & 36 Ave"},"geometry":{"type":"Point","coordinates":[-73.93638297915459,40.760154031552844]}},{"type":"Feature","properties":{"name":"21 St & 38 Ave","station_id":"49d2cd03-f508-483f-a7c9-7fd450e5e6db","mode":"CitiBike","region_id":"71","coord_source":"mapbox","mapbox_name":"Citi Bike – 21 St & 38 Ave"},"geometry":{"type":"Point","coordinates":[-73.93913358449936,40.75764999140188]}},{"type":"Feature","properties":{"name":"21 St & 4 Ave","station_id":"7bdd60e9-c0fd-40f6-aa9a-d5fa004d4fe3","mode":"CitiBike","region_id":"71","coord_source":"mapbox","mapbox_name":"Citi Bike – 21 St & 4 Ave"},"geometry":{"type":"Point","coordinates":[-73.99548411369324,40.66256188429179]}},{"type":"Feature","properties":{"name":"21 St & 43 Ave","station_id":"66dd2786-0aca-11e7-82f6-3863bb44ef7c","mode":"CitiBike","region_id":"71","coord_source":"mapbox","mapbox_name":"Citi Bike – 21 St & 43 Ave"},"geometry":{"type":"Point","coordinates":[-73.94587934017181,40.75060871420945]}},{"type":"Feature","properties":{"name":"21 St & Hoyt Ave S","station_id":"ff9581d3-3e1a-463a-bdab-d8150c468be2","mode":"CitiBike","region_id":"71","coord_source":"mapbox","mapbox_name":"Citi Bike – 21 St & Hoyt Ave S"},"geometry":{"type":"Point","coordinates":[-73.92368406057358,40.77467052629174]}},{"type":"Feature","properties":{"name":"21 St & Queens Plaza N","station_id":"66dd3cb4-0aca-11e7-82f6-3863bb44ef7c","mode":"CitiBike","region_id":"71","coord_source":"mapbox","mapbox_name":"Citi Bike – 21 St & Queens Plaza North"},"geometry":{"type":"Point","coordinates":[-73.94335806369781,40.75325931279619]}},{"type":"Feature","properties":{"name":"23 Ave & 27 St","station_id":"a04bf523-3c76-4fad-88bf-e99037f9b796","mode":"CitiBike","region_id":"71","coord_source":"mapbox","mapbox_name":"Citi Bike – 23 Ave & 27 St"},"geometry":{"type":"Point","coordinates":[-73.91528338193893,40.77616851465609]}},{"type":"Feature","properties":{"name":"23 Ave & 31 St","station_id":"1817822909864556798","mode":"CitiBike","region_id":"71","coord_source":"mapbox","mapbox_name":"Citi Bike – 23 Ave & 31 St"},"geometry":{"type":"Point","coordinates":[-73.91278490424156,40.77419116288155]}},{"type":"Feature","properties":{"name":"23 Ave & 83 St","station_id":"1828967208126648828","mode":"CitiBike","region_id":"71","coord_source":"mapbox","mapbox_name":"Citi Bike – 23 Ave & 83 St"},"geometry":{"type":"Point","coordinates":[-73.88672456145287,40.76645688746311]}},{"type":"Feature","properties":{"name":"23 Rd & 31 St","station_id":"e6b6c6e2-5fcb-47cd-8f2d-4324b7c977c8","mode":"CitiBike","region_id":"71","coord_source":"mapbox","mapbox_name":"Citi Bike – 23 Rd & 31 St"},"geometry":{"type":"Point","coordinates":[-73.91378000378609,40.773395940104905]}},{"type":"Feature","properties":{"name":"23 St & 3 Ave","station_id":"36b55a0f-e55d-4849-859a-09b3273fb782","mode":"CitiBike","region_id":"71","coord_source":"mapbox","mapbox_name":"Citi Bike – 23 St & 3 Ave"},"geometry":{"type":"Point","coordinates":[-73.99861425161362,40.662603593931095]}},{"type":"Feature","properties":{"name":"24 Ave & 26 St","station_id":"387e2863-83ad-4589-8004-794a7b624801","mode":"CitiBike","region_id":"71","coord_source":"mapbox","mapbox_name":"Citi Bike – 24 Ave & 26 St"},"geometry":{"type":"Point","coordinates":[-73.91862139105797,40.774657323532296]}},{"type":"Feature","properties":{"name":"24 Ave & 29 St","station_id":"3299ff79-36aa-42ef-b7f1-c40e95c8f570","mode":"CitiBike","region_id":"71","coord_source":"mapbox","mapbox_name":"Citi Bike – 24 Ave & 29 St"},"geometry":{"type":"Point","coordinates":[-73.91613900661469,40.772902348766536]}},{"type":"Feature","properties":{"name":"24 Ave & 87 St","station_id":"1828968883163894358","mode":"CitiBike","region_id":"71","coord_source":"mapbox","mapbox_name":"Citi Bike – 24 Ave & 87 St"},"geometry":{"type":"Point","coordinates":[-73.88254970312119,40.76539951210643]}},{"type":"Feature","properties":{"name":"24 Ave & 92 St","station_id":"1835246937517543544","mode":"CitiBike","region_id":"71","coord_source":"mapbox","mapbox_name":"Citi Bike – 24 Ave & 92 St"},"geometry":{"type":"Point","coordinates":[-73.87788131833076,40.76588909625539]}},{"type":"Feature","properties":{"name":"24 St & 38 Ave","station_id":"067d5007-bda5-4697-b0a2-ccc2837f295c","mode":"CitiBike","region_id":"71","coord_source":"mapbox","mapbox_name":"Citi Bike – 24 St & 38 Ave"},"geometry":{"type":"Point","coordinates":[-73.9365103840828,40.7563649199744]}},{"type":"Feature","properties":{"name":"24 St & 41 Ave","station_id":"3bfc859b-5c5f-43bc-b2e7-b64ed8ea9ede","mode":"CitiBike","coord_source":"mapbox","mapbox_name":"Citi Bike – 24 St & 41 Ave"},"geometry":{"type":"Point","coordinates":[-73.93974646925926,40.75271477529441]}},{"type":"Feature","properties":{"name":"24 St & 5 Ave","station_id":"1c82b223-42ba-4d15-8e8a-bd8ae2a57cde","mode":"CitiBike","region_id":"71","coord_source":"mapbox","mapbox_name":"Citi Bike – 24 St & 5 Ave"},"geometry":{"type":"Point","coordinates":[-73.99507373571396,40.65955465230064]}},{"type":"Feature","properties":{"name":"25 Ave & 41 St","station_id":"c7be2714-14db-421f-a19e-f6a7bf6e8d26","mode":"CitiBike","region_id":"71","coord_source":"mapbox","mapbox_name":"Citi Bike – 25 Ave & 41 St"},"geometry":{"type":"Point","coordinates":[-73.91095831990242,40.76767168026598]}},{"type":"Feature","properties":{"name":"25 Ave & 85 St","station_id":"1828968794479100296","mode":"CitiBike","region_id":"71","coord_source":"mapbox","mapbox_name":"Citi Bike – 25 Ave & 85 St"},"geometry":{"type":"Point","coordinates":[-73.88404101133347,40.763293852859874]}},{"type":"Feature","properties":{"name":"25 Ave & 96 St","station_id":"1835247469495105628","mode":"CitiBike","region_id":"71","coord_source":"mapbox","mapbox_name":"Citi Bike – 25 Ave & 96 St"},"geometry":{"type":"Point","coordinates":[-73.87369707226753,40.764469089136526]}},{"type":"Feature","properties":{"name":"26 Ave & 2 St","station_id":"c190f78c-77ad-469e-aecc-e2af7bb6d92a","mode":"CitiBike","region_id":"71","coord_source":"mapbox","mapbox_name":"Citi Bike – 26 Ave & 2 St"},"geometry":{"type":"Point","coordinates":[-73.93462210893631,40.77684996123588]}},{"type":"Feature","properties":{"name":"27 Ave & 3 St","station_id":"285ad3c2-3ffe-45bb-8765-9c20a69641a6","mode":"CitiBike","region_id":"71","coord_source":"mapbox","mapbox_name":"Citi Bike – 27 Ave & 3 St"},"geometry":{"type":"Point","coordinates":[-73.93419697880745,40.77486856736897]}},{"type":"Feature","properties":{"name":"27 Ave & 9 St","station_id":"0927e331-866f-4d99-99b4-04edde99117a","mode":"CitiBike","region_id":"71","coord_source":"mapbox","mapbox_name":"Citi Bike – 27 Ave & 9 St"},"geometry":{"type":"Point","coordinates":[-73.93088445067406,40.77397382324668]}},{"type":"Feature","properties":{"name":"27 St & Hunter St","station_id":"72796825-88b1-43a0-bb6d-2b41d337b1fc","mode":"CitiBike","region_id":"71","coord_source":"mapbox","mapbox_name":"Citi Bike – 27 St & Hunter St"},"geometry":{"type":"Point","coordinates":[-73.94127935171127,40.74849547443955]}},{"type":"Feature","properties":{"name":"28 Ave & 35 St","station_id":"3575749f-123a-4a80-870d-7ca7c7f9c8a9","mode":"CitiBike","region_id":"71","coord_source":"mapbox","mapbox_name":"Citi Bike – 28 Ave & 35 St"},"geometry":{"type":"Point","coordinates":[-73.91697585582733,40.76708358518542]}},{"type":"Feature","properties":{"name":"28 Ave & 44 St","station_id":"00284700-9d22-42ce-8485-113fed9879c1","mode":"CitiBike","region_id":"71","coord_source":"mapbox","mapbox_name":"Citi Bike – 28 Ave & 44 St"},"geometry":{"type":"Point","coordinates":[-73.91075849533081,40.76417655171207]}},{"type":"Feature","properties":{"name":"28 St & 36 Ave","station_id":"35b8b636-18d3-4860-b0a9-39c0bce96a10","mode":"CitiBike","region_id":"71","coord_source":"mapbox","mapbox_name":"Citi Bike – 28 St & 36 Ave"},"geometry":{"type":"Point","coordinates":[-73.93272444605827,40.757205044580815]}},{"type":"Feature","properties":{"name":"28 St & 41 Ave","station_id":"9a40cb60-6ede-4c9e-9d64-dc55cae57f31","mode":"CitiBike","region_id":"71","coord_source":"mapbox","mapbox_name":"Citi Bike – 28 St & 41 Ave"},"geometry":{"type":"Point","coordinates":[-73.93807008862495,40.75095820508403]}},{"type":"Feature","properties":{"name":"29 St & 5 Ave","station_id":"d6834194-029d-4e2d-83b0-ee78ab5acda2","mode":"CitiBike","region_id":"71","coord_source":"mapbox","mapbox_name":"Citi Bike – 29 St & 5 Ave"},"geometry":{"type":"Point","coordinates":[-73.99818375706673,40.65699188719438]}},{"type":"Feature","properties":{"name":"29 St & Skillman Ave","station_id":"1884688942632618210","mode":"CitiBike","region_id":"71","coord_source":"mapbox","mapbox_name":"Citi Bike – 29 St & Skillman Ave"},"geometry":{"type":"Point","coordinates":[-73.93843084573746,40.74481949641225]}},{"type":"Feature","properties":{"name":"3 Ave & 14 St","station_id":"66de07ec-0aca-11e7-82f6-3863bb44ef7c","mode":"CitiBike","region_id":"71","coord_source":"mapbox","mapbox_name":"Citi Bike – 3 Ave & 14 St"},"geometry":{"type":"Point","coordinates":[-73.99334102869034,40.66855559720193]}},{"type":"Feature","properties":{"name":"3 Ave & 17 St","station_id":"8d2eff37-be09-4b46-a95d-abff89e16d56","mode":"CitiBike","region_id":"71","coord_source":"mapbox","mapbox_name":"Citi Bike – 3 Ave & 17 St"},"geometry":{"type":"Point","coordinates":[-73.99561285972595,40.66608269640582]}},{"type":"Feature","properties":{"name":"3 Ave & 77 St","station_id":"2124382079594320876","mode":"CitiBike","region_id":"71","coord_source":"mapbox","mapbox_name":"Citi Bike – 3 Ave & 77 St"},"geometry":{"type":"Point","coordinates":[-74.0283465385437,40.629905409695425]}},{"type":"Feature","properties":{"name":"3 Ave & 81 St","station_id":"2123939659270367896","mode":"CitiBike","region_id":"71","coord_source":"mapbox","mapbox_name":"Citi Bike – 3 Ave & 81 St"},"geometry":{"type":"Point","coordinates":[-74.02947306632996,40.626993401807226]}},{"type":"Feature","properties":{"name":"3 Ave & 92 St","station_id":"2126624118513887578","mode":"CitiBike","region_id":"71","coord_source":"mapbox","mapbox_name":"Citi Bike – 3 Ave & 92 St"},"geometry":{"type":"Point","coordinates":[-74.03262063860893,40.61944561104508]}},{"type":"Feature","properties":{"name":"3 Ave & Carroll St","station_id":"bdcbd89b-9ae0-461b-aa1d-7db7ead07400","mode":"CitiBike","region_id":"71","coord_source":"mapbox","mapbox_name":"Citi Bike – 3 Ave & Carroll St"},"geometry":{"type":"Point","coordinates":[-73.98653760552406,40.67698474311817]}},{"type":"Feature","properties":{"name":"3 Ave & E 100 St","station_id":"66de0933-0aca-11e7-82f6-3863bb44ef7c","mode":"CitiBike","region_id":"71","coord_source":"mapbox","mapbox_name":"Citi Bike – 3 Ave & E 100 St"},"geometry":{"type":"Point","coordinates":[-73.94729420542717,40.78772778631901]}},{"type":"Feature","properties":{"name":"3 Ave & E 109 St","station_id":"1835618878584115330","mode":"CitiBike","region_id":"71","coord_source":"mapbox","mapbox_name":"Citi Bike – 3 Ave & E 109 St"},"geometry":{"type":"Point","coordinates":[-73.9430120587349,40.793271623350904]}},{"type":"Feature","properties":{"name":"3 Ave & E 112 St","station_id":"594b4656-9d83-4301-8967-3b92c126531c","mode":"CitiBike","region_id":"71","coord_source":"mapbox","mapbox_name":"Citi Bike – 3 Ave & E 112 St"},"geometry":{"type":"Point","coordinates":[-73.94164279103279,40.79552050218604]}},{"type":"Feature","properties":{"name":"3 Ave & E 163 St","station_id":"039d4cc9-8560-4d22-88c3-20753c54a50f","mode":"CitiBike","region_id":"71","coord_source":"mapbox","mapbox_name":"Citi Bike – 3 Ave & E 163 St"},"geometry":{"type":"Point","coordinates":[-73.90870794653893,40.82388232336032]}},{"type":"Feature","properties":{"name":"3 Ave & E 169 St","station_id":"c80c55c4-d623-42d7-8acf-6bfa68a84ecb","mode":"CitiBike","region_id":"71","coord_source":"mapbox","mapbox_name":"Citi Bike – 3 Ave & E 169 St"},"geometry":{"type":"Point","coordinates":[-73.90515133738518,40.832685511832835]}},{"type":"Feature","properties":{"name":"3 Ave & E 170 St","station_id":"8d8a381c-21df-4095-837e-65924d85a06d","mode":"CitiBike","region_id":"71","coord_source":"mapbox","mapbox_name":"Citi Bike – 3 Ave & E 170 St"},"geometry":{"type":"Point","coordinates":[-73.90372440218925,40.834870145200085]}},{"type":"Feature","properties":{"name":"3 Ave & E 172 St","station_id":"18267c09-1916-48d8-951c-caf88c89edd1","mode":"CitiBike","region_id":"71","coord_source":"mapbox","mapbox_name":"Citi Bike – 3 Ave & E 172 St"},"geometry":{"type":"Point","coordinates":[-73.90027776360512,40.8395932936038]}},{"type":"Feature","properties":{"name":"3 Ave & E 174 St","station_id":"c530a1cb-7c60-4651-be8a-9bfa5eb43f8a","mode":"CitiBike","region_id":"71","coord_source":"mapbox","mapbox_name":"Citi Bike – 3 Ave & E 174 St"},"geometry":{"type":"Point","coordinates":[-73.89851152896881,40.84224135631885]}},{"type":"Feature","properties":{"name":"3 Ave & E 189 St","station_id":"1869851741257474316","mode":"CitiBike","region_id":"71","coord_source":"mapbox","mapbox_name":"Citi Bike – 3 Ave & E 189 St"},"geometry":{"type":"Point","coordinates":[-73.89136075973511,40.859801117618815]}},{"type":"Feature","properties":{"name":"3 Ave & E 62 St","station_id":"1960020234227886806","mode":"CitiBike","region_id":"71","coord_source":"mapbox","mapbox_name":"Citi Bike – 3 Ave & E 62 St"},"geometry":{"type":"Point","coordinates":[-73.96517246961594,40.76315266058651]}},{"type":"Feature","properties":{"name":"3 Ave & E 71 St","station_id":"1882824287789509296","mode":"CitiBike","region_id":"71","coord_source":"mapbox","mapbox_name":"Citi Bike – 3 Ave & E 71 St"},"geometry":{"type":"Point","coordinates":[-73.96139860153198,40.76880722737005]}},{"type":"Feature","properties":{"name":"3 Ave & E 72 St","station_id":"66de269c-0aca-11e7-82f6-3863bb44ef7c","mode":"CitiBike","region_id":"71","coord_source":"mapbox","mapbox_name":"Citi Bike – 3 Ave & E 72 St"},"geometry":{"type":"Point","coordinates":[-73.96063953638077,40.76993869239328]}},{"type":"Feature","properties":{"name":"3 Ave & E 82 St","station_id":"1884599469785421928","mode":"CitiBike","region_id":"71","coord_source":"mapbox","mapbox_name":"Citi Bike – 3 Ave & E 82 St"},"geometry":{"type":"Point","coordinates":[-73.9565746486187,40.77564549204803]}},{"type":"Feature","properties":{"name":"3 Ave & E Tremont Ave","station_id":"1869753057823626206","mode":"CitiBike","region_id":"71","coord_source":"mapbox","mapbox_name":"Citi Bike – 3 Ave & E Tremont Ave"},"geometry":{"type":"Point","coordinates":[-73.89619141817093,40.846508471551346]}},{"type":"Feature","properties":{"name":"3 Ave & Franklin Ave","station_id":"c46a2889-258b-4fc5-a452-1d4e7dfe683a","mode":"CitiBike","region_id":"71","coord_source":"mapbox","mapbox_name":"Citi Bike – 3 Ave & Franklin Ave"},"geometry":{"type":"Point","coordinates":[-73.90746474266052,40.826966362952845]}},{"type":"Feature","properties":{"name":"3 Ave & Schermerhorn St","station_id":"66db69d0-0aca-11e7-82f6-3863bb44ef7c","mode":"CitiBike","region_id":"71","coord_source":"mapbox","mapbox_name":"Citi Bike – 3 Ave & Schermerhorn St"},"geometry":{"type":"Point","coordinates":[-73.9796772,40.68683208]}},{"type":"Feature","properties":{"name":"3 Ave & Wakeman Pl","station_id":"ebfafca3-5818-4e6f-8374-98f44a0ca0c6","mode":"CitiBike","region_id":"71","coord_source":"mapbox","mapbox_name":"Citi Bike – 3 Ave & Wakeman Pl"},"geometry":{"type":"Point","coordinates":[-74.02471482753754,40.63825293680003]}},{"type":"Feature","properties":{"name":"3 St & 3 Ave","station_id":"66de25bd-0aca-11e7-82f6-3863bb44ef7c","mode":"CitiBike","region_id":"71","coord_source":"mapbox","mapbox_name":"Citi Bike – 3 St & 3 Ave"},"geometry":{"type":"Point","coordinates":[-73.98767352104187,40.675041058496845]}},{"type":"Feature","properties":{"name":"3 St & 7 Ave","station_id":"66de205d-0aca-11e7-82f6-3863bb44ef7c","mode":"CitiBike","region_id":"71","coord_source":"mapbox","mapbox_name":"Citi Bike – 3 St & 7 Ave"},"geometry":{"type":"Point","coordinates":[-73.97833004593849,40.67026653453789]}},{"type":"Feature","properties":{"name":"3 St & Prospect Park West","station_id":"66de19ab-0aca-11e7-82f6-3863bb44ef7c","mode":"CitiBike","region_id":"71","coord_source":"mapbox","mapbox_name":"Citi Bike – 3 St & Prospect Park West"},"geometry":{"type":"Point","coordinates":[-73.97364422678947,40.66818939801422]}},{"type":"Feature","properties":{"name":"30 Ave & 12 St","station_id":"92a51669-deec-45a9-8494-fafdf6356c51","mode":"CitiBike","region_id":"71","coord_source":"mapbox","mapbox_name":"Citi Bike – 30 Ave & 12 St"},"geometry":{"type":"Point","coordinates":[-73.93184334039688,40.77191515508903]}},{"type":"Feature","properties":{"name":"30 Ave & 21 St","station_id":"914e3e7c-87da-4f52-aa03-5449c6361fa2","mode":"CitiBike","region_id":"71","coord_source":"mapbox","mapbox_name":"Citi Bike – 30 Ave & 21 St"},"geometry":{"type":"Point","coordinates":[-73.92880037426949,40.77042316479336]}},{"type":"Feature","properties":{"name":"30 Ave & 41 St","station_id":"2743a950-3a1f-4a58-8fe0-f4105033e0e3","mode":"CitiBike","region_id":"71","coord_source":"mapbox","mapbox_name":"Citi Bike – 30 Ave & 41 St"},"geometry":{"type":"Point","coordinates":[-73.91413137316704,40.76342895022191]}},{"type":"Feature","properties":{"name":"30 Ave & 47 St","station_id":"398aa734-3893-4dba-a704-57ae8632c4f9","mode":"CitiBike","region_id":"71","coord_source":"mapbox","mapbox_name":"Citi Bike – 30 Ave & 47 St"},"geometry":{"type":"Point","coordinates":[-73.9095850288868,40.761267359476506]}},{"type":"Feature","properties":{"name":"30 Ave & 70 St","station_id":"1828966227118051662","mode":"CitiBike","region_id":"71","coord_source":"mapbox","mapbox_name":"Citi Bike – 30 Ave & 70 St"},"geometry":{"type":"Point","coordinates":[-73.89741316437721,40.76012558862436]}},{"type":"Feature","properties":{"name":"30 Ave & 80 St","station_id":"1828967346753327602","mode":"CitiBike","region_id":"71","coord_source":"mapbox","mapbox_name":"Citi Bike – 30 Ave & 80 St"},"geometry":{"type":"Point","coordinates":[-73.88837411999702,40.7610895939514]}},{"type":"Feature","properties":{"name":"30 Ave & 96 St","station_id":"1835246815877178358","mode":"CitiBike","region_id":"71","coord_source":"mapbox","mapbox_name":"Citi Bike – 30 Ave & 96 St"},"geometry":{"type":"Point","coordinates":[-73.8730962574482,40.76086306919336]}},{"type":"Feature","properties":{"name":"30 St & 4 Ave","station_id":"0efa08a3-1c38-48fe-ab37-8c9b72b20126","mode":"CitiBike","region_id":"71","coord_source":"mapbox","mapbox_name":"Citi Bike – 30 St & 4 Ave"},"geometry":{"type":"Point","coordinates":[-74.00114357471466,40.65774678893129]}},{"type":"Feature","properties":{"name":"30 St & 48 Ave","station_id":"46dca5c6-7bd3-4a4f-aa1e-33aa66652294","mode":"CitiBike","region_id":"71","coord_source":"mapbox","mapbox_name":"Citi Bike – 30 St & 48 Ave"},"geometry":{"type":"Point","coordinates":[-73.93800035119057,40.74133231122397]}},{"type":"Feature","properties":{"name":"31 Ave & 103 St","station_id":"1835249854657874848","mode":"CitiBike","region_id":"71","coord_source":"mapbox","mapbox_name":"Citi Bike – 31 Ave & 103 St"},"geometry":{"type":"Point","coordinates":[-73.8666495680809,40.76133948135396]}},{"type":"Feature","properties":{"name":"31 Ave & 14 St","station_id":"d7904cd0-4b1b-47d0-8103-937bcf5ff845","mode":"CitiBike","region_id":"71","coord_source":"mapbox","mapbox_name":"Citi Bike – 31 Ave & 14 St"},"geometry":{"type":"Point","coordinates":[-73.93228054046631,40.76822320512022]}},{"type":"Feature","properties":{"name":"31 Ave & 30 St","station_id":"42032bf9-4599-4035-bc01-c80bec1a7122","mode":"CitiBike","region_id":"71","coord_source":"mapbox","mapbox_name":"Citi Bike – 31 Ave & 30 St"},"geometry":{"type":"Point","coordinates":[-73.92398715019226,40.76469661735419]}},{"type":"Feature","properties":{"name":"31 Ave & 34 St","station_id":"0e5be726-2452-42a0-9be8-ea85c8408e4c","mode":"CitiBike","region_id":"71","coord_source":"mapbox","mapbox_name":"Citi Bike – 31 Ave & 34 St"},"geometry":{"type":"Point","coordinates":[-73.9208234846592,40.76315266058651]}},{"type":"Feature","properties":{"name":"31 Ave & 57 St","station_id":"499e10ad-c008-461e-8cf7-20757218a9cc","mode":"CitiBike","region_id":"71","coord_source":"mapbox","mapbox_name":"Citi Bike – 31 Ave & 57 St"},"geometry":{"type":"Point","coordinates":[-73.90453711152077,40.75738789979923]}},{"type":"Feature","properties":{"name":"31 Ave & 61 St","station_id":"ce700c09-6095-4b20-ab65-07defdd1a7d7","mode":"CitiBike","region_id":"71","coord_source":"mapbox","mapbox_name":"Citi Bike – 31 Ave & 61 St"},"geometry":{"type":"Point","coordinates":[-73.90159070491791,40.75751691401183]}},{"type":"Feature","properties":{"name":"31 Ave & 84 St","station_id":"1851947582840610924","mode":"CitiBike","region_id":"71","coord_source":"mapbox","mapbox_name":"Citi Bike – 31 Ave & 84 St"},"geometry":{"type":"Point","coordinates":[-73.88430118560791,40.75946530293578]}},{"type":"Feature","properties":{"name":"31 Ave & 86 St","station_id":"1828968611856235508","mode":"CitiBike","region_id":"71","coord_source":"mapbox","mapbox_name":"Citi Bike – 31 Ave & 86 St"},"geometry":{"type":"Point","coordinates":[-73.8821916282177,40.759592281462176]}},{"type":"Feature","properties":{"name":"31 Ave & Crescent St","station_id":"a6287af0-9a9e-4708-b61f-8e758be4b914","mode":"CitiBike","region_id":"71","coord_source":"mapbox","mapbox_name":"Citi Bike – 31 Ave & Crescent St"},"geometry":{"type":"Point","coordinates":[-73.92657279968262,40.76586471870675]}},{"type":"Feature","properties":{"name":"31 Ave & Steinway St","station_id":"b7df61c0-8ead-46cb-9d6e-a6a3011ffb71","mode":"CitiBike","region_id":"71","coord_source":"mapbox","mapbox_name":"Citi Bike – 31 Ave & Steinway St"},"geometry":{"type":"Point","coordinates":[-73.91686856746674,40.76110279940676]}},{"type":"Feature","properties":{"name":"31 Pl & Hunters Point Ave","station_id":"09b00240-4c2a-4900-9d09-f13344461c02","mode":"CitiBike","region_id":"71","coord_source":"mapbox","mapbox_name":"Citi Bike – 31 Pl & Hunters Point Ave"},"geometry":{"type":"Point","coordinates":[-73.93537178635597,40.74020950435582]}},{"type":"Feature","properties":{"name":"31 St & 21 Ave","station_id":"7a8bf573-275f-41d5-ad8b-1ff9ee7c2dce","mode":"CitiBike","region_id":"71","coord_source":"mapbox","mapbox_name":"Citi Bike – 31 St & 21 Ave"},"geometry":{"type":"Point","coordinates":[-73.90844777226448,40.778108232451984]}},{"type":"Feature","properties":{"name":"31 St & Astoria Blvd","station_id":"b506be9e-45d3-43d1-a262-27d8fa91e974","mode":"CitiBike","region_id":"71","coord_source":"mapbox","mapbox_name":"Citi Bike – 31 St & Astoria Blvd"},"geometry":{"type":"Point","coordinates":[-73.91850739717484,40.76982290601367]}},{"type":"Feature","properties":{"name":"31 St & Ditmars Blvd","station_id":"e666a344-1afb-4512-b2e9-2fc5ed71be2b","mode":"CitiBike","region_id":"71","coord_source":"mapbox","mapbox_name":"Citi Bike – 31 St & Ditmars Blvd"},"geometry":{"type":"Point","coordinates":[-73.91047015786171,40.77617867039413]}},{"type":"Feature","properties":{"name":"31 St & Hoyt Ave N","station_id":"6cd10426-b4e9-40e1-9b35-61f609190ac0","mode":"CitiBike","region_id":"71","coord_source":"mapbox","mapbox_name":"Citi Bike – 31 St & Hoyt Ave N"},"geometry":{"type":"Point","coordinates":[-73.91699194908142,40.77120521970488]}},{"type":"Feature","properties":{"name":"31 St & Newtown Ave","station_id":"cae4f2f4-9642-474c-95cc-6cc07592f120","mode":"CitiBike","region_id":"71","coord_source":"mapbox","mapbox_name":"Citi Bike – 31 St & Newtown Ave"},"geometry":{"type":"Point","coordinates":[-73.9209870994091,40.76756604699074]}},{"type":"Feature","properties":{"name":"31 St & Northern Blvd","station_id":"1e83ffdc-8e72-45c0-8210-4f37e60505c9","mode":"CitiBike","region_id":"71","coord_source":"mapbox","mapbox_name":"Citi Bike – 31 St & Northern Blvd"},"geometry":{"type":"Point","coordinates":[-73.93347546458244,40.751883737450726]}},{"type":"Feature","properties":{"name":"31 St & Thomson Ave","station_id":"66dd24ca-0aca-11e7-82f6-3863bb44ef7c","mode":"CitiBike","region_id":"71","coord_source":"mapbox","mapbox_name":"Citi Bike – 31 St & Thomson Ave"},"geometry":{"type":"Point","coordinates":[-73.93543481826782,40.74453906520304]}},{"type":"Feature","properties":{"name":"32 Ave & 75 St","station_id":"1828966363527611286","mode":"CitiBike","region_id":"71","coord_source":"mapbox","mapbox_name":"Citi Bike – 32 Ave & 75 St"},"geometry":{"type":"Point","coordinates":[-73.89239609241486,40.757047585517455]}},{"type":"Feature","properties":{"name":"32 Ave & 77 St","station_id":"1838618090943186984","mode":"CitiBike","region_id":"71","coord_source":"mapbox","mapbox_name":"Citi Bike – 32 Ave & 77 St"},"geometry":{"type":"Point","coordinates":[-73.8902422785759,40.75726193292488]}},{"type":"Feature","properties":{"name":"32 Ave & 81 St","station_id":"1828967607558607844","mode":"CitiBike","region_id":"71","coord_source":"mapbox","mapbox_name":"Citi Bike – 32 Ave & 81 St"},"geometry":{"type":"Point","coordinates":[-73.88680770993233,40.75761849982979]}},{"type":"Feature","properties":{"name":"32 Ave & 84 St","station_id":"1828968462257099768","mode":"CitiBike","region_id":"71","coord_source":"mapbox","mapbox_name":"Citi Bike – 32 Ave & 84 St"},"geometry":{"type":"Point","coordinates":[-73.88401284813881,40.75792427220509]}},{"type":"Feature","properties":{"name":"33 St & 47 Ave","station_id":"d837d1b0-8f80-4f6c-ae45-5dd0deec6977","mode":"CitiBike","region_id":"71","coord_source":"mapbox","mapbox_name":"Citi Bike – 33 St & 47 Ave"},"geometry":{"type":"Point","coordinates":[-73.93210887908936,40.74285035661845]}},{"type":"Feature","properties":{"name":"33 St & Queens Blvd","station_id":"d33261e6-600e-4756-ad03-a9facbd8ace1","mode":"CitiBike","region_id":"71","coord_source":"mapbox","mapbox_name":"Citi Bike – 33 St & Queens Blvd"},"geometry":{"type":"Point","coordinates":[-73.93167436122894,40.74433077314106]}},{"type":"Feature","properties":{"name":"34 Ave & 108 St","station_id":"1838070776953752336","mode":"CitiBike","region_id":"71","coord_source":"mapbox","mapbox_name":"Citi Bike – 34 Ave & 108 St"},"geometry":{"type":"Point","coordinates":[-73.86087074875832,40.7561454902754]}},{"type":"Feature","properties":{"name":"34 Ave & 113 St","station_id":"1838070940162509196","mode":"CitiBike","region_id":"71","coord_source":"mapbox","mapbox_name":"Citi Bike – 34 Ave & 113 St"},"geometry":{"type":"Point","coordinates":[-73.85611787438393,40.75692161799827]}},{"type":"Feature","properties":{"name":"34 Ave & 13 St","station_id":"ec42fb3a-af54-46aa-a8b3-b17d72ed4475","mode":"CitiBike","region_id":"71","coord_source":"mapbox","mapbox_name":"Citi Bike – 34 Ave & 13 St"},"geometry":{"type":"Point","coordinates":[-73.93663376569748,40.76396933692405]}},{"type":"Feature","properties":{"name":"34 Ave & 21 St","station_id":"0fa27bd7-b182-4e7a-b5bb-90f4249cb368","mode":"CitiBike","region_id":"71","coord_source":"mapbox","mapbox_name":"Citi Bike – 34 Ave & 21 St"},"geometry":{"type":"Point","coordinates":[-73.93423855304718,40.762790028697026]}},{"type":"Feature","properties":{"name":"34 Ave & 31 St","station_id":"b64eb0a5-d6d4-4f45-8c9a-e2d004819c99","mode":"CitiBike","region_id":"71","coord_source":"mapbox","mapbox_name":"Citi Bike – 34 Ave & 31 St"},"geometry":{"type":"Point","coordinates":[-73.92713606357574,40.75955469584363]}},{"type":"Feature","properties":{"name":"34 Ave & 38 St","station_id":"2025623258130320038","mode":"CitiBike","region_id":"71","coord_source":"mapbox","mapbox_name":"Citi Bike – 34 Ave & 38 St"},"geometry":{"type":"Point","coordinates":[-73.92174482345581,40.757166441748154]}},{"type":"Feature","properties":{"name":"34 Ave & 45 St","station_id":"9719498d-bd5c-4424-86ac-dfe0795c57d1","mode":"CitiBike","region_id":"71","coord_source":"mapbox","mapbox_name":"Citi Bike – 34 Ave & 45 St"},"geometry":{"type":"Point","coordinates":[-73.91708314418793,40.75479943576423]}},{"type":"Feature","properties":{"name":"34 Ave & 48 St","station_id":"5a6218aa-c5b7-4436-93c1-dee7cb5322d9","mode":"CitiBike","region_id":"71","coord_source":"mapbox","mapbox_name":"Citi Bike – 34 Ave & 48 St"},"geometry":{"type":"Point","coordinates":[-73.91492128372192,40.75385870526307]}},{"type":"Feature","properties":{"name":"34 Ave & 71 St","station_id":"1834145064843958330","mode":"CitiBike","region_id":"71","coord_source":"mapbox","mapbox_name":"Citi Bike – 34 Ave & 71 St"},"geometry":{"type":"Point","coordinates":[-73.89538407325745,40.75256949681176]}},{"type":"Feature","properties":{"name":"34 Ave & 74 St","station_id":"1834145204469569922","mode":"CitiBike","region_id":"71","coord_source":"mapbox","mapbox_name":"Citi Bike – 34 Ave & 74 St"},"geometry":{"type":"Point","coordinates":[-73.89223650097847,40.75300126759569]}},{"type":"Feature","properties":{"name":"34 Ave & 83 St","station_id":"2009671276352543716","mode":"CitiBike","region_id":"71","coord_source":"mapbox","mapbox_name":"Citi Bike – 34 Ave & 83 St"},"geometry":{"type":"Point","coordinates":[-73.88388946652412,40.75393693066093]}},{"type":"Feature","properties":{"name":"34 Ave & 89 St","station_id":"1856766912456610780","mode":"CitiBike","region_id":"71","coord_source":"mapbox","mapbox_name":"Citi Bike – 34 Ave & 89 St"},"geometry":{"type":"Point","coordinates":[-73.87834802269936,40.75435548577167]}},{"type":"Feature","properties":{"name":"34 Ave & Junction Blvd","station_id":"1835246381185208614","mode":"CitiBike","region_id":"71","coord_source":"mapbox","mapbox_name":"Citi Bike – 34 Ave & Junction Blvd"},"geometry":{"type":"Point","coordinates":[-73.87283205986023,40.7550168381118]}},{"type":"Feature","properties":{"name":"34 Ave & Vernon Blvd","station_id":"77e31650-e86a-4b06-b2de-b92df2a7a7f5","mode":"CitiBike","region_id":"71","coord_source":"mapbox","mapbox_name":"Citi Bike – 34 Ave & Vernon Blvd"},"geometry":{"type":"Point","coordinates":[-73.93983900547028,40.76525730856568]}},{"type":"Feature","properties":{"name":"34 St & 35 Ave","station_id":"f6143531-4a16-4aac-9b55-573ef7ef162e","mode":"CitiBike","region_id":"71","coord_source":"mapbox","mapbox_name":"Citi Bike – 34 St & 35 Ave"},"geometry":{"type":"Point","coordinates":[-73.92628982663155,40.756913491053325]}},{"type":"Feature","properties":{"name":"34 St & 38 Ave","station_id":"4223f276-a4d4-45e0-b914-67f5ef1e81ba","mode":"CitiBike","region_id":"71","coord_source":"mapbox","mapbox_name":"Citi Bike – 34 St & 38 Ave"},"geometry":{"type":"Point","coordinates":[-73.92974585294724,40.75245266423528]}},{"type":"Feature","properties":{"name":"34 St & 48 Ave","station_id":"f523c481-ba41-44ba-96e1-0c431fbea558","mode":"CitiBike","region_id":"71","coord_source":"mapbox","mapbox_name":"Citi Bike – 34 St & 48 Ave"},"geometry":{"type":"Point","coordinates":[-73.9314517378807,40.740830352849]}},{"type":"Feature","properties":{"name":"34 St & 5 Ave","station_id":"dccab832-b4a2-4105-927d-b52ec0d92c92","mode":"CitiBike","region_id":"71","coord_source":"mapbox","mapbox_name":"Citi Bike – 34 St & 5 Ave"},"geometry":{"type":"Point","coordinates":[-74.00113955140114,40.654107514153225]}},{"type":"Feature","properties":{"name":"35 Ave & 10 St","station_id":"43f3d3c7-46b0-4812-879d-15afe8804c5f","mode":"CitiBike","region_id":"71","coord_source":"mapbox","mapbox_name":"Citi Bike – 35 Ave & 10 St"},"geometry":{"type":"Point","coordinates":[-73.93986448645592,40.763115076981165]}},{"type":"Feature","properties":{"name":"35 Ave & 37 St","station_id":"60c5a043-1367-4a27-96ee-394ba60e2154","mode":"CitiBike","region_id":"71","coord_source":"mapbox","mapbox_name":"Citi Bike – 35 Ave & 37 St"},"geometry":{"type":"Point","coordinates":[-73.92364382743835,40.75574218472667]}},{"type":"Feature","properties":{"name":"35 St & 21 Ave","station_id":"52e81f02-b1f9-45d6-9e5c-e15277de1268","mode":"CitiBike","region_id":"71","coord_source":"mapbox","mapbox_name":"Citi Bike – 35 St & 21 Ave"},"geometry":{"type":"Point","coordinates":[-73.90654608607292,40.77675856046119]}},{"type":"Feature","properties":{"name":"35 St & 23 Ave","station_id":"b79c8433-9dd1-4d68-9156-7f2c2162bafe","mode":"CitiBike","region_id":"71","coord_source":"mapbox","mapbox_name":"Citi Bike – 35 St & 23 Ave"},"geometry":{"type":"Point","coordinates":[-73.91123458743095,40.77303031724338]}},{"type":"Feature","properties":{"name":"35 St & 34 Ave","station_id":"d5788cfa-817e-4b65-b43f-edda222a3c3c","mode":"CitiBike","region_id":"71","coord_source":"mapbox","mapbox_name":"Citi Bike – 35 St & 34 Ave"},"geometry":{"type":"Point","coordinates":[-73.92427146434784,40.75800249281937]}},{"type":"Feature","properties":{"name":"35 St & Broadway","station_id":"8c2ed08f-1660-4db8-9168-4709427c23ed","mode":"CitiBike","region_id":"71","coord_source":"mapbox","mapbox_name":"Citi Bike – 35 St & Broadway"},"geometry":{"type":"Point","coordinates":[-73.9222463965416,40.760340941922834]}},{"type":"Feature","properties":{"name":"36 Ave & 10 St","station_id":"822d96e8-fb6c-463a-b866-aec9e408ad5e","mode":"CitiBike","region_id":"71","coord_source":"mapbox","mapbox_name":"Citi Bike – 36 Ave & 10 St"},"geometry":{"type":"Point","coordinates":[-73.94095212221146,40.76139331876078]}},{"type":"Feature","properties":{"name":"36 Ave & 31 St","station_id":"59ad8f95-32a4-43de-b1c3-79c667b2d2df","mode":"CitiBike","region_id":"71","coord_source":"mapbox","mapbox_name":"Citi Bike – 36 Ave & 31 St"},"geometry":{"type":"Point","coordinates":[-73.92950847744942,40.75653355526944]}},{"type":"Feature","properties":{"name":"36 St & 3 Ave","station_id":"5645b05e-85be-460d-8506-cacd20bff233","mode":"CitiBike","region_id":"71","coord_source":"mapbox","mapbox_name":"Citi Bike – 36 St & 3 Ave"},"geometry":{"type":"Point","coordinates":[-74.00678291916847,40.65578728236571]}},{"type":"Feature","properties":{"name":"36 St & 4 Ave","station_id":"33af8810-cda5-4b61-9c38-0235f9d59aaa","mode":"CitiBike","region_id":"71","coord_source":"mapbox","mapbox_name":"Citi Bike – 36 St & 4 Ave"},"geometry":{"type":"Point","coordinates":[-74.00420933961868,40.65413193264942]}},{"type":"Feature","properties":{"name":"36 St & 47 Ave","station_id":"623c9658-5544-4254-847e-738763cf45a3","mode":"CitiBike","region_id":"71","coord_source":"mapbox","mapbox_name":"Citi Bike – 36 St & 47 Ave"},"geometry":{"type":"Point","coordinates":[-73.9293797314167,40.742226478702065]}},{"type":"Feature","properties":{"name":"36 St & Ditmars Blvd","station_id":"76c1ef9c-3984-4b4e-bff4-5c398e2395bd","mode":"CitiBike","region_id":"71","coord_source":"mapbox","mapbox_name":"Citi Bike – 36 St & Ditmars Blvd"},"geometry":{"type":"Point","coordinates":[-73.90834450721741,40.774296785624955]}},{"type":"Feature","properties":{"name":"36 St & Hunters Point Ave","station_id":"18846fd4-877c-4971-9b6f-1bd8fbc10346","mode":"CitiBike","region_id":"71","coord_source":"mapbox","mapbox_name":"Citi Bike – 36 St & Hunters Point Ave"},"geometry":{"type":"Point","coordinates":[-73.93025681376457,40.73783783008736]}},{"type":"Feature","properties":{"name":"36 St & Queens Blvd","station_id":"bcd3ee0f-21d7-4cc8-ac45-ccea48b6fc1b","mode":"CitiBike","region_id":"71","coord_source":"mapbox","mapbox_name":"Citi Bike – 36 St & Queens Blvd"},"geometry":{"type":"Point","coordinates":[-73.92904847860336,40.744043227417734]}},{"type":"Feature","properties":{"name":"37 Ave & 106 St","station_id":"1828969726487003714","mode":"CitiBike","region_id":"71","coord_source":"mapbox","mapbox_name":"Citi Bike – 37 Ave & 106 St"},"geometry":{"type":"Point","coordinates":[-73.86199727654457,40.75398467858582]}},{"type":"Feature","properties":{"name":"37 Ave & 113 St","station_id":"1838071008881986168","mode":"CitiBike","region_id":"71","coord_source":"mapbox","mapbox_name":"Citi Bike – 37 Ave & 113 St"},"geometry":{"type":"Point","coordinates":[-73.8548894226551,40.75476286333685]}},{"type":"Feature","properties":{"name":"37 Ave & 35 St","station_id":"12279d2b-29f6-4e02-a7f0-244970f7edd5","mode":"CitiBike","region_id":"71","coord_source":"mapbox","mapbox_name":"Citi Bike – 37 Ave & 35 St"},"geometry":{"type":"Point","coordinates":[-73.9279742538929,40.75312317883885]}},{"type":"Feature","properties":{"name":"37 Ave & 63 St","station_id":"16cbe771-8fca-4437-b9d2-374e00da6c3a","mode":"CitiBike","region_id":"71","coord_source":"mapbox","mapbox_name":"Citi Bike – 37 Ave & 63 St"},"geometry":{"type":"Point","coordinates":[-73.89991164207458,40.748969943253655]}},{"type":"Feature","properties":{"name":"37 St & 13 Ave","station_id":"2121032386733337206","mode":"CitiBike","region_id":"71","coord_source":"mapbox","mapbox_name":"Citi Bike – 37 St & 13 Ave"},"geometry":{"type":"Point","coordinates":[-73.98505568504333,40.64166105763795]}},{"type":"Feature","properties":{"name":"37 St & 24 Ave","station_id":"0630217a-3913-47d9-9540-cf85688296a5","mode":"CitiBike","region_id":"71","coord_source":"mapbox","mapbox_name":"Citi Bike – 37 St & 24 Ave"},"geometry":{"type":"Point","coordinates":[-73.91208350658417,40.770163154887825]}},{"type":"Feature","properties":{"name":"37 St & Fort Hamilton Pkwy","station_id":"2121032193446634360","mode":"CitiBike","region_id":"71","coord_source":"mapbox","mapbox_name":"Citi Bike – 37 St & Fort Hamilton Pkwy"},"geometry":{"type":"Point","coordinates":[-73.989227861166,40.644172514572375]}},{"type":"Feature","properties":{"name":"38 Ave & 29 St","station_id":"ad41e353-033e-484f-8d76-78014e11e9d7","mode":"CitiBike","region_id":"71","coord_source":"mapbox","mapbox_name":"Citi Bike – 38 Ave & 29 St"},"geometry":{"type":"Point","coordinates":[-73.93371686339378,40.75476184743579]}},{"type":"Feature","properties":{"name":"38 St & Northern Blvd","station_id":"61be9a4a-737c-413a-9b72-d47b28a366d5","mode":"CitiBike","region_id":"71","coord_source":"mapbox","mapbox_name":"Citi Bike – 38 St & Northern Blvd"},"geometry":{"type":"Point","coordinates":[-73.9253979921341,40.75237138927838]}},{"type":"Feature","properties":{"name":"39 Ave & 45 St","station_id":"514f3dda-4d08-464c-b2d4-5706d400065a","mode":"CitiBike","region_id":"71","coord_source":"mapbox","mapbox_name":"Citi Bike – 39 Ave & 45 St"},"geometry":{"type":"Point","coordinates":[-73.91826063394547,40.749480984035216]}},{"type":"Feature","properties":{"name":"39 Ave & 54 St","station_id":"7e7d974c-a6ec-4d9a-b4ed-01a4d2056d8b","mode":"CitiBike","region_id":"71","coord_source":"mapbox","mapbox_name":"Citi Bike – 39 Ave & 54 St"},"geometry":{"type":"Point","coordinates":[-73.90899360179901,40.74890390389987]}},{"type":"Feature","properties":{"name":"39 Ave & 56 St","station_id":"b0239a13-649a-4d31-aa04-56b8aaeba4d4","mode":"CitiBike","region_id":"71","coord_source":"mapbox","mapbox_name":"Citi Bike – 39 Ave & 56 St"},"geometry":{"type":"Point","coordinates":[-73.90692427754402,40.7483522187361]}},{"type":"Feature","properties":{"name":"39 Ave & 99 St","station_id":"1854537815365165328","mode":"CitiBike","region_id":"71","coord_source":"mapbox","mapbox_name":"Citi Bike – 39 Ave & 99 St"},"geometry":{"type":"Point","coordinates":[-73.86677160859108,40.74962626926606]}},{"type":"Feature","properties":{"name":"39 St & 2 Ave","station_id":"5a5a38d1-f28d-4e51-bf85-27bb384135c7","mode":"CitiBike","region_id":"71","coord_source":"mapbox","mapbox_name":"Citi Bike – 39 St & 2 Ave"},"geometry":{"type":"Point","coordinates":[-74.01062920689583,40.65542406532441]}},{"type":"Feature","properties":{"name":"39 St & 47 Ave","station_id":"067b53bd-33bf-4698-8103-3931a5f32a37","mode":"CitiBike","region_id":"71","coord_source":"mapbox","mapbox_name":"Citi Bike – 39 St & 47 Ave"},"geometry":{"type":"Point","coordinates":[-73.92661705613136,40.74216754530647]}},{"type":"Feature","properties":{"name":"39 St & 50 Ave","station_id":"fda18503-7488-4b91-b74c-949a90401e83","mode":"CitiBike","region_id":"71","coord_source":"mapbox","mapbox_name":"Citi Bike – 39 St & 50 Ave"},"geometry":{"type":"Point","coordinates":[-73.92737478017807,40.73824937345944]}},{"type":"Feature","properties":{"name":"39 St & Queens Blvd","station_id":"576abdc1-986e-48b0-bde2-051a13d3ff59","mode":"CitiBike","region_id":"71","coord_source":"mapbox","mapbox_name":"Citi Bike – 39 St & Queens Blvd"},"geometry":{"type":"Point","coordinates":[-73.92601758241653,40.74431654829351]}},{"type":"Feature","properties":{"name":"4 Ave & 17 St","station_id":"aa120a3a-9f2b-4dfc-a88b-384bbb66838a","mode":"CitiBike","region_id":"71","coord_source":"mapbox","mapbox_name":"Citi Bike – 4 Ave & 17 St"},"geometry":{"type":"Point","coordinates":[-73.9930647611618,40.66546928888451]}},{"type":"Feature","properties":{"name":"4 Ave & 26 St","station_id":"5b4a4b20-539b-47c1-9228-1f1f124b3ec9","mode":"CitiBike","region_id":"71","coord_source":"mapbox","mapbox_name":"Citi Bike – 4 Ave & 26 St"},"geometry":{"type":"Point","coordinates":[-73.9986290037632,40.66008876125301]}},{"type":"Feature","properties":{"name":"4 Ave & 3 St","station_id":"d1138533-504c-4d29-b71c-299e1d31f159","mode":"CitiBike","region_id":"71","coord_source":"mapbox","mapbox_name":"Citi Bike – 4 Ave & 3 St"},"geometry":{"type":"Point","coordinates":[-73.98568868637085,40.67375642578503]}},{"type":"Feature","properties":{"name":"4 Ave & 72 St","station_id":"2124425670552673214","mode":"CitiBike","region_id":"71","coord_source":"mapbox","mapbox_name":"Citi Bike – 4 Ave & 72 St"},"geometry":{"type":"Point","coordinates":[-74.02437686920166,40.63281729060361]}},{"type":"Feature","properties":{"name":"4 Ave & 81 St","station_id":"2123940513700131194","mode":"CitiBike","region_id":"71","coord_source":"mapbox","mapbox_name":"Citi Bike – 4 Ave & 81 St"},"geometry":{"type":"Point","coordinates":[-74.02706444263458,40.62644070649051]}},{"type":"Feature","properties":{"name":"4 Ave & 87 St","station_id":"2126225134412534550","mode":"CitiBike","region_id":"71","coord_source":"mapbox","mapbox_name":"Citi Bike – 4 Ave & 87 St"},"geometry":{"type":"Point","coordinates":[-74.02864426374435,40.62185509289699]}},{"type":"Feature","properties":{"name":"4 Ave & 9 St","station_id":"66de4f9c-0aca-11e7-82f6-3863bb44ef7c","mode":"CitiBike","region_id":"71","coord_source":"mapbox","mapbox_name":"Citi Bike – 4 Ave & 9 St"},"geometry":{"type":"Point","coordinates":[-73.98864984512329,40.67064187698793]}},{"type":"Feature","properties":{"name":"4 Ave & 94 St","station_id":"2124037510131026812","mode":"CitiBike","region_id":"71","coord_source":"mapbox","mapbox_name":"Citi Bike – 4 Ave & 94 St"},"geometry":{"type":"Point","coordinates":[-74.03089463710785,40.61690064779614]}},{"type":"Feature","properties":{"name":"4 Ave & 99 St","station_id":"2124037775602344266","mode":"CitiBike","region_id":"71","coord_source":"mapbox","mapbox_name":"Citi Bike – 4 Ave & 99 St"},"geometry":{"type":"Point","coordinates":[-74.03315708041191,40.613278488924294]}},{"type":"Feature","properties":{"name":"4 Ave & E 12 St","station_id":"0f45bcf6-7028-4584-a51e-4129847dbebc","mode":"CitiBike","region_id":"71","coord_source":"mapbox","mapbox_name":"Citi Bike – 4 Ave & E 12 St"},"geometry":{"type":"Point","coordinates":[-73.99015054106712,40.732546476538005]}},{"type":"Feature","properties":{"name":"4 Ave & Shore Road Dr","station_id":"eb217a2c-1dd0-4690-a34e-ecc1a708f883","mode":"CitiBike","region_id":"71","coord_source":"mapbox","mapbox_name":"Citi Bike – 4 Ave & Shore Road Dr"},"geometry":{"type":"Point","coordinates":[-74.0221680700779,40.63702458663374]}},{"type":"Feature","properties":{"name":"4 St & Grand St","station_id":"3d1db3fa-1df5-46c8-baf3-619b729f5bda","mode":"CitiBike","region_id":"311","coord_source":"mapbox","mapbox_name":"Citi Bike – 4 St & Grand St"},"geometry":{"type":"Point","coordinates":[-74.03511643409729,40.74228439595376]}},{"type":"Feature","properties":{"name":"4 St & River St","station_id":"1839334257267825432","mode":"CitiBike","coord_source":"mapbox","mapbox_name":"Citi Bike – 4 St & River St"},"geometry":{"type":"Point","coordinates":[-74.02740105986595,40.740826288393265]}},{"type":"Feature","properties":{"name":"40 Ave & 9 St","station_id":"5db1fefa-0f10-4c58-a7ce-113f3164ced8","mode":"CitiBike","region_id":"71","coord_source":"mapbox","mapbox_name":"Citi Bike – 40 Ave & 9 St"},"geometry":{"type":"Point","coordinates":[-73.94512295722961,40.757466121044644]}},{"type":"Feature","properties":{"name":"40 Ave & Crescent St","station_id":"c36cfa58-29fe-4c0c-a14f-41c3463487fd","mode":"CitiBike","region_id":"71","coord_source":"mapbox","mapbox_name":"Citi Bike – 40 Ave & Crescent St"},"geometry":{"type":"Point","coordinates":[-73.9379346370697,40.75359456687579]}},{"type":"Feature","properties":{"name":"40 St & 3 Ave","station_id":"1893519215751496610","mode":"CitiBike","region_id":"71","coord_source":"mapbox","mapbox_name":"Citi Bike – 40 St & 3 Ave"},"geometry":{"type":"Point","coordinates":[-74.0090560913086,40.65351739777756]}},{"type":"Feature","properties":{"name":"40 St & Queens Blvd","station_id":"16c54bf4-194b-4f26-9c49-a42901b4748d","mode":"CitiBike","region_id":"71","coord_source":"mapbox","mapbox_name":"Citi Bike – 40 St & Queens Blvd"},"geometry":{"type":"Point","coordinates":[-73.92435863614082,40.74353519306595]}},{"type":"Feature","properties":{"name":"41 Ave & 67 St","station_id":"00967b8f-1a4d-4131-a65a-17fa8ca89e28","mode":"CitiBike","region_id":"71","coord_source":"mapbox","mapbox_name":"Citi Bike – 41 Ave & 67 St"},"geometry":{"type":"Point","coordinates":[-73.89763042330742,40.74446794115764]}},{"type":"Feature","properties":{"name":"41 Ave & 77 St","station_id":"1846085439406916338","mode":"CitiBike","region_id":"71","coord_source":"mapbox","mapbox_name":"Citi Bike – 41 Ave & 77 St"},"geometry":{"type":"Point","coordinates":[-73.8882078230381,40.74556933927232]}},{"type":"Feature","properties":{"name":"41 Ave & 80 St","station_id":"1843486301383097150","mode":"CitiBike","region_id":"71","coord_source":"mapbox","mapbox_name":"Citi Bike – 41 Ave & 80 St"},"geometry":{"type":"Point","coordinates":[-73.8853807747364,40.745863990656915]}},{"type":"Feature","properties":{"name":"41 St & 3 Ave","station_id":"29a41b09-698f-43e2-82ff-f94f73e74841","mode":"CitiBike","region_id":"71","coord_source":"mapbox","mapbox_name":"Citi Bike – 41 St & 3 Ave"},"geometry":{"type":"Point","coordinates":[-74.00890320539474,40.65250808318942]}},{"type":"Feature","properties":{"name":"41 St & 4 Ave","station_id":"5780ae63-54e5-48e3-a00c-9c403cb75401","mode":"CitiBike","region_id":"71","coord_source":"mapbox","mapbox_name":"Citi Bike – 41 St & 4 Ave"},"geometry":{"type":"Point","coordinates":[-74.00717854499817,40.65136241123494]}},{"type":"Feature","properties":{"name":"42 Ave & 108 St","station_id":"1848242143834868452","mode":"CitiBike","region_id":"71","coord_source":"mapbox","mapbox_name":"Citi Bike – 42 Ave & 108 St"},"geometry":{"type":"Point","coordinates":[-73.85791763663292,40.749443392700016]}},{"type":"Feature","properties":{"name":"42 Pl & Northern Blvd","station_id":"22ac9559-d7f1-4dcd-ae3e-f6caf586a455","mode":"CitiBike","region_id":"71","coord_source":"mapbox","mapbox_name":"Citi Bike – 42 Pl & Northern Blvd"},"geometry":{"type":"Point","coordinates":[-73.92059817910194,40.7530947329021]}},{"type":"Feature","properties":{"name":"42 St & 1 Ave","station_id":"5864d88d-a0fd-40ad-beee-896118d9360d","mode":"CitiBike","region_id":"71","coord_source":"mapbox","mapbox_name":"Citi Bike – 42 St & 1 Ave"},"geometry":{"type":"Point","coordinates":[-74.01439502835274,40.65479936808492]}},{"type":"Feature","properties":{"name":"43 Ave & 111 St","station_id":"1848242216849312578","mode":"CitiBike","region_id":"71","coord_source":"mapbox","mapbox_name":"Citi Bike – 43 Ave & 111 St"},"geometry":{"type":"Point","coordinates":[-73.85465070605278,40.74954702281585]}},{"type":"Feature","properties":{"name":"43 Ave & 40 St","station_id":"d67375ea-3f93-4996-b0dc-f542341f2e6a","mode":"CitiBike","region_id":"71","coord_source":"mapbox","mapbox_name":"Citi Bike – 43 Ave & 40 St"},"geometry":{"type":"Point","coordinates":[-73.92407029867172,40.74564351026106]}},{"type":"Feature","properties":{"name":"43 Ave & 42 St","station_id":"ab5c5ee6-9c4e-4aaa-a14e-d236d3e01d9a","mode":"CitiBike","region_id":"71","coord_source":"mapbox","mapbox_name":"Citi Bike – 43 Ave & 42 St"},"geometry":{"type":"Point","coordinates":[-73.9219231903553,40.745399660124036]}},{"type":"Feature","properties":{"name":"43 Ave & 47 St","station_id":"a82cc641-0926-4a63-b488-7060ab7dcd74","mode":"CitiBike","region_id":"71","coord_source":"mapbox","mapbox_name":"Citi Bike – 43 Ave & 47 St"},"geometry":{"type":"Point","coordinates":[-73.91725480556488,40.744869282988844]}},{"type":"Feature","properties":{"name":"43 St & 23 Ave","station_id":"d7bdc3d7-6e6d-4899-9cc7-f4238a86c695","mode":"CitiBike","region_id":"71","coord_source":"mapbox","mapbox_name":"Citi Bike – 43 St & 23 Ave"},"geometry":{"type":"Point","coordinates":[-73.90601634979248,40.76967969626509]}},{"type":"Feature","properties":{"name":"43 St & 35 Ave","station_id":"e3e6105e-eaa2-43c5-badb-fb8592ad7227","mode":"CitiBike","region_id":"71","coord_source":"mapbox","mapbox_name":"Citi Bike – 43 St & 35 Ave"},"geometry":{"type":"Point","coordinates":[-73.91955614089966,40.754092365269344]}},{"type":"Feature","properties":{"name":"43 St & 37 Ave","station_id":"6a671276-d345-4a4c-a7df-98f5dbb19e4c","mode":"CitiBike","region_id":"71","coord_source":"mapbox","mapbox_name":"Citi Bike – 43 St & 37 Ave"},"geometry":{"type":"Point","coordinates":[-73.92002686858177,40.750115969594106]}},{"type":"Feature","properties":{"name":"43 St & 50 Ave","station_id":"bdefa3e3-aa5a-40eb-b7f8-542de55063e9","mode":"CitiBike","region_id":"71","coord_source":"mapbox","mapbox_name":"Citi Bike – 43 St & 50 Ave"},"geometry":{"type":"Point","coordinates":[-73.92271041870117,40.737971963021636]}},{"type":"Feature","properties":{"name":"43 St & Broadway","station_id":"e4645d0d-8b76-4c46-b2b9-be25592e0659","mode":"CitiBike","region_id":"71","coord_source":"mapbox","mapbox_name":"Citi Bike – 43 St & Broadway"},"geometry":{"type":"Point","coordinates":[-73.91663387417793,40.75774243431752]}},{"type":"Feature","properties":{"name":"43 St & Skillman Ave","station_id":"41495491-5d89-4e14-aab9-c3db04aad399","mode":"CitiBike","region_id":"71","coord_source":"mapbox","mapbox_name":"Citi Bike – 43 St & Skillman Ave"},"geometry":{"type":"Point","coordinates":[-73.92082750797272,40.74694402922469]}},{"type":"Feature","properties":{"name":"44 Dr & 21 St","station_id":"1882736039096477712","mode":"CitiBike","region_id":"71","coord_source":"mapbox","mapbox_name":"Citi Bike – 44 Dr & 21 St"},"geometry":{"type":"Point","coordinates":[-73.9467041194439,40.74804640233657]}},{"type":"Feature","properties":{"name":"44 Dr & Jackson Ave","station_id":"66dd266a-0aca-11e7-82f6-3863bb44ef7c","mode":"CitiBike","region_id":"71","coord_source":"mapbox","mapbox_name":"Citi Bike – 44 Dr & Jackson Ave"},"geometry":{"type":"Point","coordinates":[-73.94317165017128,40.747214290130074]}},{"type":"Feature","properties":{"name":"44 St & 2 Ave","station_id":"324e93c8-4f3d-4a5f-becd-00e6f49fe4dd","mode":"CitiBike","region_id":"71","coord_source":"mapbox","mapbox_name":"Citi Bike – 44 St & 2 Ave"},"geometry":{"type":"Point","coordinates":[-74.01358634233475,40.65249892603154]}},{"type":"Feature","properties":{"name":"44 St & 3 Ave","station_id":"16e70b05-5b73-4930-9dcf-f79e5ce9eaf5","mode":"CitiBike","region_id":"71","coord_source":"mapbox","mapbox_name":"Citi Bike – 44 St & 3 Ave"},"geometry":{"type":"Point","coordinates":[-74.01143789291382,40.65121691152393]}},{"type":"Feature","properties":{"name":"44 St & 48 Ave","station_id":"e2b28abd-07a4-4552-ad17-abf155aff28a","mode":"CitiBike","region_id":"71","coord_source":"mapbox","mapbox_name":"Citi Bike – 44 St & 48 Ave"},"geometry":{"type":"Point","coordinates":[-73.92129823565483,40.7394087943062]}},{"type":"Feature","properties":{"name":"44 St & Greenpoint Ave","station_id":"ed279ef2-52ee-4ff2-9a52-edd8137ea034","mode":"CitiBike","region_id":"71","coord_source":"mapbox","mapbox_name":"Citi Bike – 44 St & Greenpoint Ave"},"geometry":{"type":"Point","coordinates":[-73.92104342579842,40.74112400911926]}},{"type":"Feature","properties":{"name":"45 Ave & 21 St","station_id":"2366d8a4-7a49-42f3-9afe-efd2b200336b","mode":"CitiBike","region_id":"71","coord_source":"mapbox","mapbox_name":"Citi Bike – 45 Ave & 21 St"},"geometry":{"type":"Point","coordinates":[-73.9479312300682,40.7473504361852]}},{"type":"Feature","properties":{"name":"45 Rd & 11 St","station_id":"66dd25e0-0aca-11e7-82f6-3863bb44ef7c","mode":"CitiBike","region_id":"71","coord_source":"mapbox","mapbox_name":"Citi Bike – 45 Rd & 11 St"},"geometry":{"type":"Point","coordinates":[-73.94979268312454,40.747120816557725]}},{"type":"Feature","properties":{"name":"45 St & 4 Ave","station_id":"6fefe1b3-5f0d-47aa-b1dd-cec211239950","mode":"CitiBike","region_id":"71","coord_source":"mapbox","mapbox_name":"Citi Bike – 45 St & 4 Ave"},"geometry":{"type":"Point","coordinates":[-74.00949195027351,40.64911984898288]}},{"type":"Feature","properties":{"name":"46 Ave & 5 St","station_id":"66dd2556-0aca-11e7-82f6-3863bb44ef7c","mode":"CitiBike","region_id":"71","coord_source":"mapbox","mapbox_name":"Citi Bike – 46 Ave & 5 St"},"geometry":{"type":"Point","coordinates":[-73.9544503390789,40.74729963545096]}},{"type":"Feature","properties":{"name":"46 Ave & Junction Blvd","station_id":"1848241684520917882","mode":"CitiBike","region_id":"71","coord_source":"mapbox","mapbox_name":"Citi Bike – 46 Ave & Junction Blvd"},"geometry":{"type":"Point","coordinates":[-73.86780425906181,40.74400360087782]}},{"type":"Feature","properties":{"name":"46 Rd & 11 St","station_id":"1882735162923150168","mode":"CitiBike","region_id":"71","coord_source":"mapbox","mapbox_name":"Citi Bike – 46 Rd & 11 St"},"geometry":{"type":"Point","coordinates":[-73.95074754953384,40.74580709256023]}},{"type":"Feature","properties":{"name":"46 St & 25 Ave","station_id":"f3f46097-54cf-4c30-805a-6b2a4851eed7","mode":"CitiBike","region_id":"71","coord_source":"mapbox","mapbox_name":"Citi Bike – 46 St & 25 Ave"},"geometry":{"type":"Point","coordinates":[-73.90674322843552,40.76575197242792]}},{"type":"Feature","properties":{"name":"46 St & 28 Ave","station_id":"37a37e5b-f975-4f92-a897-dca8e4670631","mode":"CitiBike","region_id":"71","coord_source":"mapbox","mapbox_name":"Citi Bike – 46 St & 28 Ave"},"geometry":{"type":"Point","coordinates":[-73.9087226986885,40.76333448367433]}},{"type":"Feature","properties":{"name":"46 St & 30 Rd","station_id":"d1c204d7-d575-417d-b134-6ebdf7e99f98","mode":"CitiBike","region_id":"71","coord_source":"mapbox","mapbox_name":"Citi Bike – 46 St & 30 Rd"},"geometry":{"type":"Point","coordinates":[-73.91100525856018,40.76070358717416]}},{"type":"Feature","properties":{"name":"46 St & 6 Ave","station_id":"7155b0a6-2545-4b02-ae8c-9c0c4220f8c3","mode":"CitiBike","region_id":"71","coord_source":"mapbox","mapbox_name":"Citi Bike – 46 St & 6 Ave"},"geometry":{"type":"Point","coordinates":[-74.00570064783096,40.64591256910285]}},{"type":"Feature","properties":{"name":"46 St & 7 Ave","station_id":"31f340f3-3201-449e-b017-a26813aa448f","mode":"CitiBike","region_id":"71","coord_source":"mapbox","mapbox_name":"Citi Bike – 46 St & 7 Ave"},"geometry":{"type":"Point","coordinates":[-74.00375872850418,40.64473422134424]}},{"type":"Feature","properties":{"name":"46 St & Queens Blvd","station_id":"ffef95fa-600b-4f08-b2ce-e8eb034ebfd8","mode":"CitiBike","region_id":"71","coord_source":"mapbox","mapbox_name":"Citi Bike – 46 St & Queens Blvd"},"geometry":{"type":"Point","coordinates":[-73.91858115792274,40.743511823392396]}},{"type":"Feature","properties":{"name":"47 Ave & 104 St","station_id":"1849009794224623642","mode":"CitiBike","region_id":"71","coord_source":"mapbox","mapbox_name":"Citi Bike – 47 Ave & 104 St"},"geometry":{"type":"Point","coordinates":[-73.85946124792099,40.74581014067377]}},{"type":"Feature","properties":{"name":"47 Ave & 109 St","station_id":"1851674145014649512","mode":"CitiBike","region_id":"71","coord_source":"mapbox","mapbox_name":"Citi Bike – 47 Ave & 109 St"},"geometry":{"type":"Point","coordinates":[-73.8550141453743,40.74713808885818]}},{"type":"Feature","properties":{"name":"47 Ave & 31 St","station_id":"66dd8bd9-0aca-11e7-82f6-3863bb44ef7c","mode":"CitiBike","region_id":"71","coord_source":"mapbox","mapbox_name":"Citi Bike – 47 Ave & 31 St"},"geometry":{"type":"Point","coordinates":[-73.93551260232925,40.742992608092834]}},{"type":"Feature","properties":{"name":"47 Ave & 48 St","station_id":"e5b2a7ce-d867-465b-8446-743e00617068","mode":"CitiBike","region_id":"71","coord_source":"mapbox","mapbox_name":"Citi Bike – 47 Ave & 48 St"},"geometry":{"type":"Point","coordinates":[-73.91706973314285,40.74085880403226]}},{"type":"Feature","properties":{"name":"47 Ave & Skillman Ave","station_id":"c72970e7-7f1a-4671-bf55-fc34be7c9413","mode":"CitiBike","region_id":"71","coord_source":"mapbox","mapbox_name":"Citi Bike – 47 Ave & Skillman Ave"},"geometry":{"type":"Point","coordinates":[-73.94179031252861,40.74368353949782]}},{"type":"Feature","properties":{"name":"47 St & 3 Ave","station_id":"1dba415a-2c46-419e-838d-7e068b8d7d6f","mode":"CitiBike","region_id":"71","coord_source":"mapbox","mapbox_name":"Citi Bike – 47 St & 3 Ave"},"geometry":{"type":"Point","coordinates":[-74.01238337159157,40.649158514487794]}},{"type":"Feature","properties":{"name":"48 Ave & 37 St","station_id":"c0b541ae-9e66-4739-babb-483180747dc2","mode":"CitiBike","region_id":"71","coord_source":"mapbox","mapbox_name":"Citi Bike – 48 Ave & 37 St"},"geometry":{"type":"Point","coordinates":[-73.92893046140671,40.74030603600772]}},{"type":"Feature","properties":{"name":"48 Ave & 41 St","station_id":"923a60f7-2a0e-4a31-8dd5-66c8518c929e","mode":"CitiBike","region_id":"71","coord_source":"mapbox","mapbox_name":"Citi Bike – 48 Ave & 41 St"},"geometry":{"type":"Point","coordinates":[-73.92391204833984,40.73987824730622]}},{"type":"Feature","properties":{"name":"48 Ave & 5 St","station_id":"66dd243c-0aca-11e7-82f6-3863bb44ef7c","mode":"CitiBike","region_id":"71","coord_source":"mapbox","mapbox_name":"Citi Bike – 48 Ave & 5 St"},"geometry":{"type":"Point","coordinates":[-73.95586118102074,40.74438767250078]}},{"type":"Feature","properties":{"name":"48 St & 2 Ave","station_id":"48e7e465-f861-452a-9bf7-7eacd0b2bcac","mode":"CitiBike","region_id":"71","coord_source":"mapbox","mapbox_name":"Citi Bike – 48 St & 2 Ave"},"geometry":{"type":"Point","coordinates":[-74.0156127512455,40.650186194696744]}},{"type":"Feature","properties":{"name":"48 St & 37 Ave","station_id":"f882ccc8-45aa-426b-aef6-514fe1d3d9cc","mode":"CitiBike","region_id":"71","coord_source":"mapbox","mapbox_name":"Citi Bike – 48 St & 37 Ave"},"geometry":{"type":"Point","coordinates":[-73.91502857208252,40.751578953242216]}},{"type":"Feature","properties":{"name":"48 St & 5 Ave","station_id":"328d778a-7e71-4240-acae-b84f0fdaa5c5","mode":"CitiBike","region_id":"71","coord_source":"mapbox","mapbox_name":"Citi Bike – 48 St & 5 Ave"},"geometry":{"type":"Point","coordinates":[-74.0092733502388,40.64635317220399]}},{"type":"Feature","properties":{"name":"48 St & 50 Ave","station_id":"db29242d-6ff3-4e22-85fe-45fa3d03ec39","mode":"CitiBike","region_id":"71","coord_source":"mapbox","mapbox_name":"Citi Bike – 48 St & 50 Ave"},"geometry":{"type":"Point","coordinates":[-73.91802459955215,40.73743542966179]}},{"type":"Feature","properties":{"name":"48 St & Barnett Ave","station_id":"d7c12bf1-1ec8-496a-beca-90ba76c53241","mode":"CitiBike","region_id":"71","coord_source":"mapbox","mapbox_name":"Citi Bike – 48 St & Barnett Ave"},"geometry":{"type":"Point","coordinates":[-73.9153665304184,40.7500265639942]}},{"type":"Feature","properties":{"name":"48 St & Broadway","station_id":"cd5e7c3e-c618-416a-ae99-b509bd56e1b2","mode":"CitiBike","region_id":"71","coord_source":"mapbox","mapbox_name":"Citi Bike – 48 St & Broadway"},"geometry":{"type":"Point","coordinates":[-73.9127379655838,40.75576656598804]}},{"type":"Feature","properties":{"name":"48 St & Skillman Ave","station_id":"dfad8e49-7e1b-4376-90b4-7a449319f294","mode":"CitiBike","region_id":"71","coord_source":"mapbox","mapbox_name":"Citi Bike – 48 St & Skillman Ave"},"geometry":{"type":"Point","coordinates":[-73.91602233052254,40.74643093688991]}},{"type":"Feature","properties":{"name":"49 Ave & 108 St","station_id":"1854538387432581604","mode":"CitiBike","region_id":"71","coord_source":"mapbox","mapbox_name":"Citi Bike – 49 Ave & 108 St"},"geometry":{"type":"Point","coordinates":[-73.85579869151115,40.745359018347585]}},{"type":"Feature","properties":{"name":"49 Ave & 21 St","station_id":"9e0b3452-ef6d-4e94-8c05-7bef199cdb74","mode":"CitiBike","region_id":"71","coord_source":"mapbox","mapbox_name":"Citi Bike – 49 Ave & 21 St"},"geometry":{"type":"Point","coordinates":[-73.9490295946598,40.74255874014486]}},{"type":"Feature","properties":{"name":"49 Ave & 27 St","station_id":"1880644160834607498","mode":"CitiBike","region_id":"71","coord_source":"mapbox","mapbox_name":"Citi Bike – 49 Ave & 27 St"},"geometry":{"type":"Point","coordinates":[-73.94248634576797,40.74116973402741]}},{"type":"Feature","properties":{"name":"49 St & 25 Ave","station_id":"06f0d251-e1e3-435c-8c5f-9b991a14ca4a","mode":"CitiBike","region_id":"71","coord_source":"mapbox","mapbox_name":"Citi Bike – 49 St & 25 Ave"},"geometry":{"type":"Point","coordinates":[-73.90464574098587,40.76449753020631]}},{"type":"Feature","properties":{"name":"49 St & 31 Ave","station_id":"92fc1ad7-0867-4655-b02f-ede65d336b14","mode":"CitiBike","region_id":"71","coord_source":"mapbox","mapbox_name":"Citi Bike – 49 St & 31 Ave"},"geometry":{"type":"Point","coordinates":[-73.90983983874321,40.75807258653833]}},{"type":"Feature","properties":{"name":"5 Ave & 3 St","station_id":"66de2199-0aca-11e7-82f6-3863bb44ef7c","mode":"CitiBike","region_id":"71","coord_source":"mapbox","mapbox_name":"Citi Bike – 5 Ave & 3 St"},"geometry":{"type":"Point","coordinates":[-73.9836260676384,40.67279725790587]}},{"type":"Feature","properties":{"name":"5 Ave & 37 St","station_id":"4d24ab76-2f4a-4004-9fc5-09c00c1d9aa4","mode":"CitiBike","region_id":"71","coord_source":"mapbox","mapbox_name":"Citi Bike – 5 Ave & 37 St"},"geometry":{"type":"Point","coordinates":[-74.00224193930626,40.65275532597727]}},{"type":"Feature","properties":{"name":"5 Ave & 41 St","station_id":"4eb6d6a8-ecc1-4e89-a586-4f96ed3d83e1","mode":"CitiBike","region_id":"71","coord_source":"mapbox","mapbox_name":"Citi Bike – 5 Ave & 41 St"},"geometry":{"type":"Point","coordinates":[-74.0051320195198,40.65001016742781]}},{"type":"Feature","properties":{"name":"5 Ave & 44 St","station_id":"1975559886658995034","mode":"CitiBike","region_id":"71","coord_source":"mapbox","mapbox_name":"Citi Bike – 5 Ave & 44 St"},"geometry":{"type":"Point","coordinates":[-74.00645166635513,40.648667053902784]}},{"type":"Feature","properties":{"name":"5 Ave & 67 St","station_id":"ddc8ca6c-dceb-4603-ab1e-4bd972ca2a3d","mode":"CitiBike","region_id":"71","coord_source":"mapbox","mapbox_name":"Citi Bike – 5 Ave & 67 St"},"geometry":{"type":"Point","coordinates":[-74.01980638504028,40.63587254257584]}},{"type":"Feature","properties":{"name":"5 Ave & 88 St","station_id":"2124426189188761638","mode":"CitiBike","region_id":"71","coord_source":"mapbox","mapbox_name":"Citi Bike – 5 Ave & 88 St"},"geometry":{"type":"Point","coordinates":[-74.02717173099518,40.620211117022734]}},{"type":"Feature","properties":{"name":"5 Ave & E 103 St","station_id":"66de2131-0aca-11e7-82f6-3863bb44ef7c","mode":"CitiBike","region_id":"71","coord_source":"mapbox","mapbox_name":"Citi Bike – 5 Ave & E 103 St"},"geometry":{"type":"Point","coordinates":[-73.95250037312508,40.79222279737746]}},{"type":"Feature","properties":{"name":"5 Ave & E 135 St","station_id":"023127f2-a6e0-4fae-ba34-178acccb993e","mode":"CitiBike","region_id":"71","coord_source":"mapbox","mapbox_name":"Citi Bike – 5 Ave & E 135 St"},"geometry":{"type":"Point","coordinates":[-73.93783673644066,40.812198408796235]}},{"type":"Feature","properties":{"name":"5 Ave & E 30 St","station_id":"5c3c345d-1975-400d-a9d8-18815816886e","mode":"CitiBike","region_id":"71","coord_source":"mapbox","mapbox_name":"Citi Bike – 5 Ave & E 30 St"},"geometry":{"type":"Point","coordinates":[-73.98623317480087,40.745983882915624]}},{"type":"Feature","properties":{"name":"5 Ave & E 63 St","station_id":"66dd4051-0aca-11e7-82f6-3863bb44ef7c","mode":"CitiBike","region_id":"71","coord_source":"mapbox","mapbox_name":"Citi Bike – 5 Ave & E 63 St"},"geometry":{"type":"Point","coordinates":[-73.97157222032547,40.7663868025854]}},{"type":"Feature","properties":{"name":"5 Ave & E 72 St","station_id":"66dd40dd-0aca-11e7-82f6-3863bb44ef7c","mode":"CitiBike","region_id":"71","coord_source":"mapbox","mapbox_name":"Citi Bike – 5 Ave & E 72 St"},"geometry":{"type":"Point","coordinates":[-73.96687164902687,40.77283227068665]}},{"type":"Feature","properties":{"name":"5 Ave & E 78 St","station_id":"66dd43bd-0aca-11e7-82f6-3863bb44ef7c","mode":"CitiBike","region_id":"71","coord_source":"mapbox","mapbox_name":"Citi Bike – 5 Ave & E 78 St"},"geometry":{"type":"Point","coordinates":[-73.964284658432,40.77634014642041]}},{"type":"Feature","properties":{"name":"5 Ave & E 87 St","station_id":"b9720921-8170-43ea-a5ae-b61b9161eb49","mode":"CitiBike","region_id":"71","coord_source":"mapbox","mapbox_name":"Citi Bike – 5 Ave & E 87 St"},"geometry":{"type":"Point","coordinates":[-73.95978257060051,40.782286050026016]}},{"type":"Feature","properties":{"name":"5 Ave & W 126 St","station_id":"1d130e43-0408-4423-bb52-77a08372cefa","mode":"CitiBike","region_id":"71","coord_source":"mapbox","mapbox_name":"Citi Bike – 5 Ave & W 126 St"},"geometry":{"type":"Point","coordinates":[-73.94179165363312,40.807228670615245]}},{"type":"Feature","properties":{"name":"5 Ave & W 131 St","station_id":"dad39e68-53f5-47c2-87e2-b1cc0e34f90f","mode":"CitiBike","region_id":"71","coord_source":"mapbox","mapbox_name":"Citi Bike – 5 Ave & W 131 St"},"geometry":{"type":"Point","coordinates":[-73.93972232937813,40.81015310614791]}},{"type":"Feature","properties":{"name":"5 Ave & W 139 St","station_id":"4780d9d1-b886-4e72-9d18-cb152f73e10a","mode":"CitiBike","region_id":"71","coord_source":"mapbox","mapbox_name":"Citi Bike – 5 Ave & W 139 St"},"geometry":{"type":"Point","coordinates":[-73.93585860729218,40.815493091293575]}},{"type":"Feature","properties":{"name":"5 Corners Library","station_id":"66dd8b48-0aca-11e7-82f6-3863bb44ef7c","mode":"CitiBike","region_id":"70","coord_source":"mapbox","mapbox_name":"Citi Bike – 5 Corners Library"},"geometry":{"type":"Point","coordinates":[-74.0595030784607,40.73496102000951]}},{"type":"Feature","properties":{"name":"5 St & 51 Ave","station_id":"40eaa69a-d3ab-48fc-b395-b5bdc6a1aa85","mode":"CitiBike","region_id":"71","coord_source":"mapbox","mapbox_name":"Citi Bike – 5 St & 51 Ave"},"geometry":{"type":"Point","coordinates":[-73.95664975047112,40.74236466714899]}},{"type":"Feature","properties":{"name":"5 St & 6 Ave","station_id":"66de5095-0aca-11e7-82f6-3863bb44ef7c","mode":"CitiBike","region_id":"71","coord_source":"mapbox","mapbox_name":"Citi Bike – 5 St & 6 Ave"},"geometry":{"type":"Point","coordinates":[-73.98212403059006,40.67049031619874]}},{"type":"Feature","properties":{"name":"5 St & Market St","station_id":"918af7b2-e05c-477a-a8c0-7dcff984c566","mode":"CitiBike","region_id":"71","coord_source":"mapbox","mapbox_name":"Citi Bike – 5 St & Market St"},"geometry":{"type":"Point","coordinates":[-73.97440060973167,40.70002391955603]}},{"type":"Feature","properties":{"name":"50 Ave & 65 St","station_id":"6651fc84-09d1-4cdb-a8d5-7d6345fb3466","mode":"CitiBike","region_id":"71","coord_source":"mapbox","mapbox_name":"Citi Bike – 50 Ave & 65 St"},"geometry":{"type":"Point","coordinates":[-73.90071630477905,40.737071641323524]}},{"type":"Feature","properties":{"name":"50 St & 30 Ave","station_id":"7a725e59-49be-4c1d-9c3d-3b3a8ed1232f","mode":"CitiBike","region_id":"71","coord_source":"mapbox","mapbox_name":"Citi Bike – 50 St & 30 Ave"},"geometry":{"type":"Point","coordinates":[-73.90712141990662,40.76008292420886]}},{"type":"Feature","properties":{"name":"50 St & 7 Ave","station_id":"7cb65297-c880-459a-b054-4e059576c02a","mode":"CitiBike","region_id":"71","coord_source":"mapbox","mapbox_name":"Citi Bike – 50 St & 7 Ave"},"geometry":{"type":"Point","coordinates":[-74.00607615709305,40.64248533066373]}},{"type":"Feature","properties":{"name":"50 St & Barnett Ave","station_id":"d07790cd-1acd-4f74-b5f1-3d70f8a8a526","mode":"CitiBike","region_id":"71","coord_source":"mapbox","mapbox_name":"Citi Bike – 50 St & Barnett Ave"},"geometry":{"type":"Point","coordinates":[-73.91345947980881,40.750100730011724]}},{"type":"Feature","properties":{"name":"50 St & Northern Blvd","station_id":"e6a32ec8-fc8b-4ed6-93a2-3ace3921b89d","mode":"CitiBike","region_id":"71","coord_source":"mapbox","mapbox_name":"Citi Bike – 50 St & Northern Blvd"},"geometry":{"type":"Point","coordinates":[-73.91235306859016,40.75345436992089]}},{"type":"Feature","properties":{"name":"51 Ave & 61 St","station_id":"ba33c334-e17d-4478-ae3c-9c2f4dbfbb51","mode":"CitiBike","region_id":"71","coord_source":"mapbox","mapbox_name":"Citi Bike – 51 Ave & 61 St"},"geometry":{"type":"Point","coordinates":[-73.90388265252113,40.73567337489135]}},{"type":"Feature","properties":{"name":"51 Ave & Junction Blvd","station_id":"1848241791125254746","mode":"CitiBike","region_id":"71","coord_source":"mapbox","mapbox_name":"Citi Bike – 51 Ave & Junction Blvd"},"geometry":{"type":"Point","coordinates":[-73.86770904064178,40.7408801424117]}},{"type":"Feature","properties":{"name":"51 Ave & Van Loon St","station_id":"1846085533896197012","mode":"CitiBike","region_id":"71","coord_source":"mapbox","mapbox_name":"Citi Bike – 51 Ave & Van Loon St"},"geometry":{"type":"Point","coordinates":[-73.87912854552269,40.73832253645904]}},{"type":"Feature","properties":{"name":"51 St & Hobart St","station_id":"b3c8aaaf-6e1c-4f56-9391-b79e883b8009","mode":"CitiBike","region_id":"71","coord_source":"mapbox","mapbox_name":"Citi Bike – 51 St & Hobart St"},"geometry":{"type":"Point","coordinates":[-73.90764713287354,40.75780338562018]}},{"type":"Feature","properties":{"name":"51 St & Queens Blvd","station_id":"ab692d1f-5a4a-4fff-b929-013c3a7e8a98","mode":"CitiBike","region_id":"71","coord_source":"mapbox","mapbox_name":"Citi Bike – 51 St & Queens Blvd"},"geometry":{"type":"Point","coordinates":[-73.91395434737206,40.7429245306395]}},{"type":"Feature","properties":{"name":"52 St & 1 Ave","station_id":"5b0b689f-9bd2-4743-b4cc-d4629a9a709b","mode":"CitiBike","region_id":"71","coord_source":"mapbox","mapbox_name":"Citi Bike – 52 St & 1 Ave"},"geometry":{"type":"Point","coordinates":[-74.02010142803192,40.649304018687076]}},{"type":"Feature","properties":{"name":"52 St & 6 Ave","station_id":"816e50eb-dc4b-47dc-b773-154e2020cb0d","mode":"CitiBike","region_id":"71","coord_source":"mapbox","mapbox_name":"Citi Bike – 52 St & 6 Ave"},"geometry":{"type":"Point","coordinates":[-74.0094718337059,40.6427285401426]}},{"type":"Feature","properties":{"name":"53 Ave & 62 St","station_id":"7f402242-dc1b-4a48-ba21-58c4fa7216b4","mode":"CitiBike","region_id":"71","coord_source":"mapbox","mapbox_name":"Citi Bike – 53 Ave & 62 St"},"geometry":{"type":"Point","coordinates":[-73.90160948038101,40.73169486159975]}},{"type":"Feature","properties":{"name":"53 Ave & 94 St","station_id":"1846086263936934630","mode":"CitiBike","region_id":"71","coord_source":"mapbox","mapbox_name":"Citi Bike – 53 Ave & 94 St"},"geometry":{"type":"Point","coordinates":[-73.86886909604073,40.73921369598099]}},{"type":"Feature","properties":{"name":"53 St & 2 Ave","station_id":"6969d756-33a6-4a0b-83d0-3db38bc382d1","mode":"CitiBike","region_id":"71","coord_source":"mapbox","mapbox_name":"Citi Bike – 53 St & 2 Ave"},"geometry":{"type":"Point","coordinates":[-74.01886627078056,40.64743889537493]}},{"type":"Feature","properties":{"name":"53 St & 4 Ave","station_id":"2ad41c1f-5636-4a63-ad52-761e2613061a","mode":"CitiBike","region_id":"71","coord_source":"mapbox","mapbox_name":"Citi Bike – 53 St & 4 Ave"},"geometry":{"type":"Point","coordinates":[-74.01455864310265,40.64486752425003]}},{"type":"Feature","properties":{"name":"53 St & 5 Ave","station_id":"83d1ff16-ba56-4eae-aa6a-b37b6439db82","mode":"CitiBike","region_id":"71","coord_source":"mapbox","mapbox_name":"Citi Bike – 53 St & 5 Ave"},"geometry":{"type":"Point","coordinates":[-74.01189923286438,40.64338082562452]}},{"type":"Feature","properties":{"name":"53 St & Flushing Ave","station_id":"d52d4171-fd60-4a28-b7e2-89f3693e0591","mode":"CitiBike","region_id":"71","coord_source":"mapbox","mapbox_name":"Citi Bike – 53 St & Flushing Ave"},"geometry":{"type":"Point","coordinates":[-73.9140535891056,40.71435328611315]}},{"type":"Feature","properties":{"name":"54 St & 37 Ave","station_id":"5d049d4b-0736-4323-834a-1b2454bd6551","mode":"CitiBike","region_id":"71","coord_source":"mapbox","mapbox_name":"Citi Bike – 54 St & 37 Ave"},"geometry":{"type":"Point","coordinates":[-73.9079837501049,40.75098563597609]}},{"type":"Feature","properties":{"name":"55 Ave & 90 St","station_id":"1843486757863039016","mode":"CitiBike","region_id":"71","coord_source":"mapbox","mapbox_name":"Citi Bike – 55 Ave & 90 St"},"geometry":{"type":"Point","coordinates":[-73.87317940592766,40.73676678922871]}},{"type":"Feature","properties":{"name":"55 Ave & 97 Pl","station_id":"1849009654626746672","mode":"CitiBike","region_id":"71","coord_source":"mapbox","mapbox_name":"Citi Bike – 55 Ave & 97 Pl"},"geometry":{"type":"Point","coordinates":[-73.86366695165634,40.738915966704724]}},{"type":"Feature","properties":{"name":"55 Ave & Center Blvd","station_id":"1880644037244334512","mode":"CitiBike","region_id":"71","coord_source":"mapbox","mapbox_name":"Citi Bike – 55 Ave & Center Blvd"},"geometry":{"type":"Point","coordinates":[-73.96072268486023,40.740280632955006]}},{"type":"Feature","properties":{"name":"55 Dr & Maurice Ave","station_id":"42c3bb6e-0478-4e4a-af10-151f5f4dffb9","mode":"CitiBike","region_id":"71","coord_source":"mapbox","mapbox_name":"Citi Bike – 55 Dr & Maurice Ave"},"geometry":{"type":"Point","coordinates":[-73.90920549631119,40.72615300078988]}},{"type":"Feature","properties":{"name":"55 St & 5 Ave","station_id":"566a6389-5c22-49ca-8c24-4d9eea135170","mode":"CitiBike","region_id":"71","coord_source":"mapbox","mapbox_name":"Citi Bike – 55 St & 5 Ave"},"geometry":{"type":"Point","coordinates":[-74.0133449435234,40.642429361829784]}},{"type":"Feature","properties":{"name":"55 St & 7 Ave","station_id":"3ac37967-e174-421a-bfeb-d02249fb1266","mode":"CitiBike","region_id":"71","coord_source":"mapbox","mapbox_name":"Citi Bike – 55 St & 7 Ave"},"geometry":{"type":"Point","coordinates":[-74.00899171829224,40.63969599039228]}},{"type":"Feature","properties":{"name":"55 St & Northern Blvd","station_id":"26b3a82b-3487-44c2-85f1-eddb5a8a3a9d","mode":"CitiBike","region_id":"71","coord_source":"mapbox","mapbox_name":"Citi Bike – 55 St & Northern Blvd"},"geometry":{"type":"Point","coordinates":[-73.905840665102,40.75326744018781]}},{"type":"Feature","properties":{"name":"56 Ave & 92 St","station_id":"1846086362824884662","mode":"CitiBike","region_id":"71","coord_source":"mapbox","mapbox_name":"Citi Bike – 56 Ave & 92 St"},"geometry":{"type":"Point","coordinates":[-73.86994332075119,40.736501566769874]}},{"type":"Feature","properties":{"name":"56 Ave & Junction Blvd","station_id":"1848241879913802606","mode":"CitiBike","region_id":"71","coord_source":"mapbox","mapbox_name":"Citi Bike – 56 Ave & Junction Blvd"},"geometry":{"type":"Point","coordinates":[-73.86624991893768,40.73717122603844]}},{"type":"Feature","properties":{"name":"56 Dr & 59 St","station_id":"7a1ad7c0-4958-4354-91a1-11bf13348abd","mode":"CitiBike","region_id":"71","coord_source":"mapbox","mapbox_name":"Citi Bike – 56 Dr & 59 St"},"geometry":{"type":"Point","coordinates":[-73.9085040986538,40.72402678755415]}},{"type":"Feature","properties":{"name":"56 Dr & 61 St","station_id":"69717638-5c4a-47a7-bccb-3b42c81eb09f","mode":"CitiBike","region_id":"71","coord_source":"mapbox","mapbox_name":"Citi Bike – 56 Dr & 61 St"},"geometry":{"type":"Point","coordinates":[-73.90458673238754,40.72366495865336]}},{"type":"Feature","properties":{"name":"56 St & 2 Ave","station_id":"2022386456542683974","mode":"CitiBike","region_id":"71","coord_source":"mapbox","mapbox_name":"Citi Bike – 56 St & 2 Ave"},"geometry":{"type":"Point","coordinates":[-74.02025565505028,40.64569888063912]}},{"type":"Feature","properties":{"name":"56 St & Arnold Ave","station_id":"a68acb0c-4244-416a-bf59-ca55d3120cdd","mode":"CitiBike","region_id":"71","coord_source":"mapbox","mapbox_name":"Citi Bike – 56 St & Arnold Ave"},"geometry":{"type":"Point","coordinates":[-73.90898823738098,40.71483409751528]}},{"type":"Feature","properties":{"name":"57 Ave & 98 Pl","station_id":"1856767555236917834","mode":"CitiBike","region_id":"71","coord_source":"mapbox","mapbox_name":"Citi Bike – 57 Ave & 98 Pl"},"geometry":{"type":"Point","coordinates":[-73.8610129058361,40.73803801323078]}},{"type":"Feature","properties":{"name":"57 Rd & 58 St","station_id":"b9b58379-b29a-4fa8-ba72-c647728e1686","mode":"CitiBike","region_id":"71","coord_source":"mapbox","mapbox_name":"Citi Bike – 57 Rd & 58 St"},"geometry":{"type":"Point","coordinates":[-73.91214653849602,40.72236296816092]}},{"type":"Feature","properties":{"name":"57 Rd & 59 St","station_id":"9dde927d-9984-4f97-bcd0-fbcb59e6ca66","mode":"CitiBike","region_id":"71","coord_source":"mapbox","mapbox_name":"Citi Bike – 57 Rd & 59 St"},"geometry":{"type":"Point","coordinates":[-73.90858188271523,40.72249306671685]}},{"type":"Feature","properties":{"name":"57 St & 1 Ave","station_id":"160e21da-6dd2-47ff-8385-e13c8cdce4fa","mode":"CitiBike","region_id":"71","coord_source":"mapbox","mapbox_name":"Citi Bike – 57 St & 1 Ave"},"geometry":{"type":"Point","coordinates":[-74.02308538556099,40.64638268131469]}},{"type":"Feature","properties":{"name":"57 St & 37 Ave","station_id":"e7739b9e-7cc6-4cbb-98d3-669b8e2ae98b","mode":"CitiBike","region_id":"71","coord_source":"mapbox","mapbox_name":"Citi Bike – 57 St & 37 Ave"},"geometry":{"type":"Point","coordinates":[-73.90512987971306,40.750489846254965]}},{"type":"Feature","properties":{"name":"57 St & 4 Ave","station_id":"380394f7-64fa-4a65-a4d1-7bcaddd41fab","mode":"CitiBike","region_id":"71","coord_source":"mapbox","mapbox_name":"Citi Bike – 57 St & 4 Ave"},"geometry":{"type":"Point","coordinates":[-74.01689484715462,40.642629831799866]}},{"type":"Feature","properties":{"name":"57 St & 43 Ave","station_id":"afc79a38-e26d-48f7-94e4-d0aca8fd1c49","mode":"CitiBike","region_id":"71","coord_source":"mapbox","mapbox_name":"Citi Bike – 57 St & 43 Ave"},"geometry":{"type":"Point","coordinates":[-73.90799179673195,40.74326796543946]}},{"type":"Feature","properties":{"name":"57 St & 7 Ave","station_id":"30a75e12-5327-48f0-8155-3925aa934054","mode":"CitiBike","region_id":"71","coord_source":"mapbox","mapbox_name":"Citi Bike – 57 St & 7 Ave"},"geometry":{"type":"Point","coordinates":[-74.01021480560303,40.63859691150341]}},{"type":"Feature","properties":{"name":"57 St & Grand Ave","station_id":"1202a491-9f76-4609-9b5c-eb7723ab5b45","mode":"CitiBike","region_id":"71","coord_source":"mapbox","mapbox_name":"Citi Bike – 57 St & Grand Ave"},"geometry":{"type":"Point","coordinates":[-73.91236111521721,40.71921918121089]}},{"type":"Feature","properties":{"name":"58 St & 32 Ave","station_id":"6a9b19e3-cd69-4e0c-9b28-1889db936c7c","mode":"CitiBike","region_id":"71","coord_source":"mapbox","mapbox_name":"Citi Bike – 58 St & 32 Ave"},"geometry":{"type":"Point","coordinates":[-73.90343070030212,40.75572796232012]}},{"type":"Feature","properties":{"name":"58 St & 56 Dr","station_id":"a37bd0e0-d1e9-4302-9ff7-286e415aff1c","mode":"CitiBike","region_id":"71","coord_source":"mapbox","mapbox_name":"Citi Bike – 58 St & 56 Dr"},"geometry":{"type":"Point","coordinates":[-73.91243621706963,40.72418432480359]}},{"type":"Feature","properties":{"name":"58 St & Pier 4","station_id":"711ccb32-e1bc-4577-ac7b-50592cc9b8a0","mode":"CitiBike","region_id":"71","coord_source":"mapbox","mapbox_name":"Citi Bike – 58 St & Pier 4"},"geometry":{"type":"Point","coordinates":[-74.02608275413513,40.64654548996671]}},{"type":"Feature","properties":{"name":"59 St & 4 Ave","station_id":"178bad16-1b02-4264-94c0-a8fd0faa60fe","mode":"CitiBike","region_id":"71","coord_source":"mapbox","mapbox_name":"Citi Bike – 59 St & 4 Ave"},"geometry":{"type":"Point","coordinates":[-74.01764452457428,40.64126519944341]}},{"type":"Feature","properties":{"name":"59 St & 5 Ave","station_id":"0b857ee5-3d10-4152-952e-95fbaf06677a","mode":"CitiBike","region_id":"71","coord_source":"mapbox","mapbox_name":"Citi Bike – 59 St & 5 Ave"},"geometry":{"type":"Point","coordinates":[-74.01574820280075,40.64012035212099]}},{"type":"Feature","properties":{"name":"59 St & 59 Rd","station_id":"06e5447e-35b8-45cb-b3bb-937791a6f8ae","mode":"CitiBike","region_id":"71","coord_source":"mapbox","mapbox_name":"Citi Bike – 59 St & 59 Rd"},"geometry":{"type":"Point","coordinates":[-73.90847995877266,40.717913037899336]}},{"type":"Feature","properties":{"name":"6 Ave & 12 St","station_id":"66dded7a-0aca-11e7-82f6-3863bb44ef7c","mode":"CitiBike","region_id":"71","coord_source":"mapbox","mapbox_name":"Citi Bike – 6 Ave & 12 St"},"geometry":{"type":"Point","coordinates":[-73.98543655872345,40.66635023390603]}},{"type":"Feature","properties":{"name":"6 Ave & 21 St","station_id":"340036c3-2787-4998-9a77-fe54f352d619","mode":"CitiBike","region_id":"71","coord_source":"mapbox","mapbox_name":"Citi Bike – 6 Ave & 21 St"},"geometry":{"type":"Point","coordinates":[-73.99094715714455,40.66017523563349]}},{"type":"Feature","properties":{"name":"6 Ave & 55 St","station_id":"9789dc0f-1eb6-4830-bda9-1ce5f1413e19","mode":"CitiBike","region_id":"71","coord_source":"mapbox","mapbox_name":"Citi Bike – 6 Ave & 55 St"},"geometry":{"type":"Point","coordinates":[-74.01100069284439,40.64082456275381]}},{"type":"Feature","properties":{"name":"6 Ave & 60 St","station_id":"0bd9bd58-42e6-4680-9d19-83943372221f","mode":"CitiBike","region_id":"71","coord_source":"mapbox","mapbox_name":"Citi Bike – 6 Ave & 60 St"},"geometry":{"type":"Point","coordinates":[-74.01378750801086,40.638223424095]}},{"type":"Feature","properties":{"name":"6 Ave & 74 St","station_id":"2137774972219769002","mode":"CitiBike","region_id":"71","coord_source":"mapbox","mapbox_name":"Citi Bike – 6 Ave & 74 St"},"geometry":{"type":"Point","coordinates":[-74.01986673474312,40.62929675863424]}},{"type":"Feature","properties":{"name":"6 Ave & 78 St","station_id":"2123940148896639644","mode":"CitiBike","region_id":"71","coord_source":"mapbox","mapbox_name":"Citi Bike – 6 Ave & 78 St"},"geometry":{"type":"Point","coordinates":[-74.02117297053337,40.625681379130924]}},{"type":"Feature","properties":{"name":"6 Ave & 9 St","station_id":"66dde9af-0aca-11e7-82f6-3863bb44ef7c","mode":"CitiBike","region_id":"71","coord_source":"mapbox","mapbox_name":"Citi Bike – 6 Ave & 9 St"},"geometry":{"type":"Point","coordinates":[-73.98371458053589,40.66821788024538]}},{"type":"Feature","properties":{"name":"6 Ave & W 33 St","station_id":"66dc78c4-0aca-11e7-82f6-3863bb44ef7c","mode":"CitiBike","region_id":"71","coord_source":"mapbox","mapbox_name":"Citi Bike – 6 Ave & W 33 St"},"geometry":{"type":"Point","coordinates":[-73.9885801076889,40.74889780795624]}},{"type":"Feature","properties":{"name":"6 Ave & W 34 St","station_id":"547cdccc-7864-4898-97c9-8798d924ef54","mode":"CitiBike","region_id":"71","coord_source":"mapbox","mapbox_name":"Citi Bike – 6 Ave & W 34 St"},"geometry":{"type":"Point","coordinates":[-73.98802891373634,40.74970653160011]}},{"type":"Feature","properties":{"name":"6 Ave & W 45 St","station_id":"904930bd-2671-4695-9c1a-8a894b041129","mode":"CitiBike","region_id":"71","coord_source":"mapbox","mapbox_name":"Citi Bike – 6 Ave & W 45 St"},"geometry":{"type":"Point","coordinates":[-73.98245260119438,40.75727513914066]}},{"type":"Feature","properties":{"name":"6 Ave & Walker St","station_id":"19d17911-1e4a-41fa-b62b-719aa0a6182e","mode":"CitiBike","region_id":"71","coord_source":"mapbox","mapbox_name":"Citi Bike – 6 Ave & Walker St"},"geometry":{"type":"Point","coordinates":[-74.0052379667759,40.719786354528225]}},{"type":"Feature","properties":{"name":"6 St & 7 Ave","station_id":"66dde69c-0aca-11e7-82f6-3863bb44ef7c","mode":"CitiBike","region_id":"71","coord_source":"mapbox","mapbox_name":"Citi Bike – 6 St & 7 Ave"},"geometry":{"type":"Point","coordinates":[-73.97987365722656,40.66866749099711]}},{"type":"Feature","properties":{"name":"6 St & Grand St","station_id":"9d344652-976b-4c2d-bede-2ef19b0fbf13","mode":"CitiBike","region_id":"311","coord_source":"mapbox","mapbox_name":"Citi Bike – 6 St & Grand St"},"geometry":{"type":"Point","coordinates":[-74.03449147939682,40.74440697762964]}},{"type":"Feature","properties":{"name":"60 Ave & Fresh Pond Rd","station_id":"ca5cc034-a95d-446e-8314-6691589886b1","mode":"CitiBike","region_id":"71","coord_source":"mapbox","mapbox_name":"Citi Bike – 60 Ave & Fresh Pond Rd"},"geometry":{"type":"Point","coordinates":[-73.90197694301605,40.71693722539317]}},{"type":"Feature","properties":{"name":"60 Ave & Junction Blvd","station_id":"1877920686883352866","mode":"CitiBike","region_id":"71","coord_source":"mapbox","mapbox_name":"Citi Bike – 60 Ave & Junction Blvd"},"geometry":{"type":"Point","coordinates":[-73.86500135064125,40.73465717445123]}},{"type":"Feature","properties":{"name":"60 Ave & Otis Ave","station_id":"1851254468343716806","mode":"CitiBike","region_id":"71","coord_source":"mapbox","mapbox_name":"Citi Bike – 60 Ave & Otis Ave"},"geometry":{"type":"Point","coordinates":[-73.85614067316055,40.73716208050962]}},{"type":"Feature","properties":{"name":"60 Pl & 67 Ave","station_id":"968d40e0-2a5b-4f6c-a161-fad1631b609b","mode":"CitiBike","region_id":"71","coord_source":"mapbox","mapbox_name":"Citi Bike – 60 Pl & 67 Ave"},"geometry":{"type":"Point","coordinates":[-73.89965012669563,40.70497321144177]}},{"type":"Feature","properties":{"name":"60 Pl & Bleecker St","station_id":"1797078913880883846","mode":"CitiBike","region_id":"71","coord_source":"mapbox","mapbox_name":"Citi Bike – 60 Pl & Bleecker St"},"geometry":{"type":"Point","coordinates":[-73.9030310511589,40.711129828673194]}},{"type":"Feature","properties":{"name":"60 Pl & Flushing Ave","station_id":"d319629d-63cf-4765-9f69-5569f35d6469","mode":"CitiBike","region_id":"71","coord_source":"mapbox","mapbox_name":"Citi Bike – 60 Pl & Flushing Ave"},"geometry":{"type":"Point","coordinates":[-73.90556305646896,40.719864620000834]}},{"type":"Feature","properties":{"name":"60 Pl & Linden St","station_id":"d11db4cd-f9bf-430b-ac19-104fef323b24","mode":"CitiBike","region_id":"71","coord_source":"mapbox","mapbox_name":"Citi Bike – 60 Pl & Linden St"},"geometry":{"type":"Point","coordinates":[-73.90182137489319,40.70886284461122]}},{"type":"Feature","properties":{"name":"60 St & 37 Ave","station_id":"1854255035042870020","mode":"CitiBike","region_id":"71","coord_source":"mapbox","mapbox_name":"Citi Bike – 60 St & 37 Ave"},"geometry":{"type":"Point","coordinates":[-73.90268638730049,40.74953381506498]}},{"type":"Feature","properties":{"name":"60 St & 60 Rd","station_id":"956de8aa-9e06-4efb-8eb0-35fe9b274a48","mode":"CitiBike","region_id":"71","coord_source":"mapbox","mapbox_name":"Citi Bike – 60 St & 60 Rd"},"geometry":{"type":"Point","coordinates":[-73.90601500868797,40.71593700272999]}},{"type":"Feature","properties":{"name":"61 St & 39 Ave","station_id":"72719900-dd61-40bd-9f4a-40d70c47590c","mode":"CitiBike","region_id":"71","coord_source":"mapbox","mapbox_name":"Citi Bike – 61 St & 39 Ave"},"geometry":{"type":"Point","coordinates":[-73.90279233455658,40.747095416107754]}},{"type":"Feature","properties":{"name":"61 St & 60 Ln","station_id":"d34f2271-10ee-40c3-a93a-09df58860512","mode":"CitiBike","region_id":"71","coord_source":"mapbox","mapbox_name":"Citi Bike – 61 St & 60 Ln"},"geometry":{"type":"Point","coordinates":[-73.894312530756,40.7005638047207]}},{"type":"Feature","properties":{"name":"61 St & Borden Ave","station_id":"525535e3-dde3-47b4-9c2e-0174eaa4f2bb","mode":"CitiBike","region_id":"71","coord_source":"mapbox","mapbox_name":"Citi Bike – 61 St & Borden Ave"},"geometry":{"type":"Point","coordinates":[-73.9041830599308,40.72557876729496]}},{"type":"Feature","properties":{"name":"61 St & Laurel Hill Blvd","station_id":"787fe4b2-6029-4f71-917e-892479d8d64e","mode":"CitiBike","region_id":"71","coord_source":"mapbox","mapbox_name":"Citi Bike – 61 St & Laurel Hill Blvd"},"geometry":{"type":"Point","coordinates":[-73.90336766839027,40.7388428043578]}},{"type":"Feature","properties":{"name":"61 St & Queens Blvd","station_id":"f5393bc2-36d4-4508-bf51-fa48d121f751","mode":"CitiBike","region_id":"71","coord_source":"mapbox","mapbox_name":"Citi Bike – 61 St & Queens Blvd"},"geometry":{"type":"Point","coordinates":[-73.90270113945007,40.740980737536916]}},{"type":"Feature","properties":{"name":"61 St & Woodside Ave","station_id":"a4c9faeb-2234-457d-ad56-1ab14104b538","mode":"CitiBike","region_id":"71","coord_source":"mapbox","mapbox_name":"Citi Bike – 61 St & Woodside Ave"},"geometry":{"type":"Point","coordinates":[-73.90360102057457,40.74501661039511]}},{"type":"Feature","properties":{"name":"62 Ave & 102 St","station_id":"2206771320470308682","mode":"CitiBike","region_id":"71","coord_source":"mapbox","mapbox_name":"Citi Bike – 62 Ave & 102 St"},"geometry":{"type":"Point","coordinates":[-73.8563834130764,40.73566727773499]}},{"type":"Feature","properties":{"name":"62 Ave & Queens Blvd","station_id":"2206769886708883714","mode":"CitiBike","region_id":"71","coord_source":"mapbox","mapbox_name":"Citi Bike – 62 Ave & Queens Blvd"},"geometry":{"type":"Point","coordinates":[-73.86691108345985,40.73158713864717]}},{"type":"Feature","properties":{"name":"62 Dr & 110 St","station_id":"2206772051528680770","mode":"CitiBike","region_id":"71","coord_source":"mapbox","mapbox_name":"Citi Bike – 62 Dr & 110 St"},"geometry":{"type":"Point","coordinates":[-73.84905695915222,40.7363633661424]}},{"type":"Feature","properties":{"name":"62 Dr & 97 Pl","station_id":"2206770641351326294","mode":"CitiBike","region_id":"71","coord_source":"mapbox","mapbox_name":"Citi Bike – 62 Dr & 97 Pl"},"geometry":{"type":"Point","coordinates":[-73.86065617203712,40.73286049409282]}},{"type":"Feature","properties":{"name":"62 Dr & 97 St","station_id":"2206769710011354736","mode":"CitiBike","region_id":"71","coord_source":"mapbox","mapbox_name":"Citi Bike – 62 Dr & 97 St"},"geometry":{"type":"Point","coordinates":[-73.86254042387009,40.73231578955833]}},{"type":"Feature","properties":{"name":"62 St & 34 Ave","station_id":"8f72fe26-98aa-4e87-a612-9ae0eb1d9a38","mode":"CitiBike","region_id":"71","coord_source":"mapbox","mapbox_name":"Citi Bike – 62 St & 34 Ave"},"geometry":{"type":"Point","coordinates":[-73.89986470341682,40.75201987394581]}},{"type":"Feature","properties":{"name":"62 St & 4 Ave","station_id":"44a43ebf-cacf-4251-9ceb-e1c331ef1673","mode":"CitiBike","region_id":"71","coord_source":"mapbox","mapbox_name":"Citi Bike – 62 St & 4 Ave"},"geometry":{"type":"Point","coordinates":[-74.0197728574276,40.63986288597434]}},{"type":"Feature","properties":{"name":"62 St & 43 Ave","station_id":"a45a712c-1e3d-4fee-bef8-adafafd80670","mode":"CitiBike","region_id":"71","coord_source":"mapbox","mapbox_name":"Citi Bike – 62 St & 43 Ave"},"geometry":{"type":"Point","coordinates":[-73.90299886465073,40.742614624933964]}},{"type":"Feature","properties":{"name":"62 St & Northern Blvd","station_id":"bbaae5d3-7e2b-46a8-872e-152404c664f7","mode":"CitiBike","region_id":"71","coord_source":"mapbox","mapbox_name":"Citi Bike – 62 St & Northern Blvd"},"geometry":{"type":"Point","coordinates":[-73.90030726790428,40.75415738355983]}},{"type":"Feature","properties":{"name":"63 Ave & 99 St","station_id":"2206771530409556572","mode":"CitiBike","region_id":"71","coord_source":"mapbox","mapbox_name":"Citi Bike – 63 Ave & 99 St"},"geometry":{"type":"Point","coordinates":[-73.85711565613747,40.73302004289752]}},{"type":"Feature","properties":{"name":"63 Dr & 102 St","station_id":"2206772833868913154","mode":"CitiBike","region_id":"71","coord_source":"mapbox","mapbox_name":"Citi Bike – 63 Dr & 102 St"},"geometry":{"type":"Point","coordinates":[-73.85404586791992,40.73244586865843]}},{"type":"Feature","properties":{"name":"63 Dr & Booth St","station_id":"2206774846124309118","mode":"CitiBike","region_id":"71","coord_source":"mapbox","mapbox_name":"Citi Bike – 63 Dr & Booth St"},"geometry":{"type":"Point","coordinates":[-73.86341214179993,40.728585053384904]}},{"type":"Feature","properties":{"name":"63 St & 5 Ave","station_id":"b43ecf62-4c9d-4b06-ac9a-5837084f769f","mode":"CitiBike","region_id":"71","coord_source":"mapbox","mapbox_name":"Citi Bike – 63 St & 5 Ave"},"geometry":{"type":"Point","coordinates":[-74.0178282558918,40.637666750973295]}},{"type":"Feature","properties":{"name":"63 St & 59 Dr","station_id":"ff745407-c087-4c0d-a965-98baf078f292","mode":"CitiBike","region_id":"71","coord_source":"mapbox","mapbox_name":"Citi Bike – 63 St & 59 Dr"},"geometry":{"type":"Point","coordinates":[-73.90126347541809,40.71832978679831]}},{"type":"Feature","properties":{"name":"63 St & Borden Ave","station_id":"1794852638057746848","mode":"CitiBike","region_id":"71","coord_source":"mapbox","mapbox_name":"Citi Bike – 63 St & Borden Ave"},"geometry":{"type":"Point","coordinates":[-73.90320539474487,40.72655546945424]}},{"type":"Feature","properties":{"name":"64 Ave & 108 St","station_id":"2206773064227030872","mode":"CitiBike","coord_source":"mapbox","mapbox_name":"Citi Bike – 64 Ave & 108 St"},"geometry":{"type":"Point","coordinates":[-73.84941905736923,40.733056627282906]}},{"type":"Feature","properties":{"name":"64 Rd & Grand Central Pkwy","station_id":"2206774503955006790","mode":"CitiBike","region_id":"71","coord_source":"mapbox","mapbox_name":"Citi Bike – 64 Rd & Grand Central Pkwy"},"geometry":{"type":"Point","coordinates":[-73.84496793150902,40.733613520443214]}},{"type":"Feature","properties":{"name":"64 St & 3 Ave","station_id":"4dde902d-512c-4e9e-8899-a68424ed87c0","mode":"CitiBike","region_id":"71","coord_source":"mapbox","mapbox_name":"Citi Bike – 64 St & 3 Ave"},"geometry":{"type":"Point","coordinates":[-74.02323693037033,40.63998805738706]}},{"type":"Feature","properties":{"name":"64 St & 51 Ave","station_id":"5145ad1c-241f-4448-a742-739bd5c518c2","mode":"CitiBike","region_id":"71","coord_source":"mapbox","mapbox_name":"Citi Bike – 64 St & 51 Ave"},"geometry":{"type":"Point","coordinates":[-73.90184685587883,40.7357800750371]}},{"type":"Feature","properties":{"name":"64 St & 53 Dr","station_id":"bbc3c1df-f7db-4f54-8d5c-b8f4269ecb48","mode":"CitiBike","region_id":"71","coord_source":"mapbox","mapbox_name":"Citi Bike – 64 St & 53 Dr"},"geometry":{"type":"Point","coordinates":[-73.90114948153496,40.72896819773706]}},{"type":"Feature","properties":{"name":"64 St & Woodbine St","station_id":"6908ae75-b9a1-4f20-b192-95dc43e858a8","mode":"CitiBike","region_id":"71","coord_source":"mapbox","mapbox_name":"Citi Bike – 64 St & Woodbine St"},"geometry":{"type":"Point","coordinates":[-73.89545917510986,40.70810750497779]}},{"type":"Feature","properties":{"name":"65 Ln & Metropolitan Ave","station_id":"1792225684155730482","mode":"CitiBike","region_id":"71","coord_source":"mapbox","mapbox_name":"Citi Bike – 65 Ln & Metropolitan Ave"},"geometry":{"type":"Point","coordinates":[-73.89398396015167,40.71230192065758]}},{"type":"Feature","properties":{"name":"65 Pl & 53 Ave","station_id":"7a6fc75f-a605-4dd6-b567-b2bbbfb862f3","mode":"CitiBike","region_id":"71","coord_source":"mapbox","mapbox_name":"Citi Bike – 65 Pl & 53 Ave"},"geometry":{"type":"Point","coordinates":[-73.90020668506622,40.7314905943434]}},{"type":"Feature","properties":{"name":"65 Pl & Central Ave","station_id":"1a92d2d3-ddf1-4f34-b28c-ce7a064b9a3e","mode":"CitiBike","region_id":"71","coord_source":"mapbox","mapbox_name":"Citi Bike – 65 Pl & Central Ave"},"geometry":{"type":"Point","coordinates":[-73.88983055949211,40.70269381743685]}},{"type":"Feature","properties":{"name":"65 St & 2 Ave","station_id":"93da4d1b-d574-45b0-85d7-5b82e2887267","mode":"CitiBike","region_id":"71","coord_source":"mapbox","mapbox_name":"Citi Bike – 65 St & 2 Ave"},"geometry":{"type":"Point","coordinates":[-74.02563750743866,40.6404989171418]}},{"type":"Feature","properties":{"name":"65 St & 35 Ave","station_id":"77b21502-a7a2-40b4-8f3e-f9c6c6ef0939","mode":"CitiBike","region_id":"71","coord_source":"mapbox","mapbox_name":"Citi Bike – 65 St & 35 Ave"},"geometry":{"type":"Point","coordinates":[-73.8977001607418,40.75052438910126]}},{"type":"Feature","properties":{"name":"65 St & Broadway","station_id":"faf98f78-51ab-4248-b7e7-f402902385a6","mode":"CitiBike","region_id":"71","coord_source":"mapbox","mapbox_name":"Citi Bike – 65 St & Broadway"},"geometry":{"type":"Point","coordinates":[-73.89741450548172,40.74941088125783]}},{"type":"Feature","properties":{"name":"65 St & Otto Rd","station_id":"b636a06c-c10e-417a-ac22-14cadb8f8993","mode":"CitiBike","region_id":"71","coord_source":"mapbox","mapbox_name":"Citi Bike – 65 St & Otto Rd"},"geometry":{"type":"Point","coordinates":[-73.89114886522293,40.703885374792065]}},{"type":"Feature","properties":{"name":"65 St & Roosevelt Ave","station_id":"d7f55e1b-12db-49d1-9cd8-4fb464745841","mode":"CitiBike","region_id":"71","coord_source":"mapbox","mapbox_name":"Citi Bike – 65 St & Roosevelt Ave"},"geometry":{"type":"Point","coordinates":[-73.89914453029633,40.7458934557236]}},{"type":"Feature","properties":{"name":"66 Rd & 102 St","station_id":"2206777071047128072","mode":"CitiBike","region_id":"71","coord_source":"mapbox","mapbox_name":"Citi Bike – 66 Rd & 102 St"},"geometry":{"type":"Point","coordinates":[-73.85187193751335,40.7284946025396]}},{"type":"Feature","properties":{"name":"67 Ave & Fresh Pond Rd","station_id":"ed1199e4-d9a6-4d9e-8c81-62bcd7510a11","mode":"CitiBike","region_id":"71","coord_source":"mapbox","mapbox_name":"Citi Bike – 67 Ave & Fresh Pond Rd"},"geometry":{"type":"Point","coordinates":[-73.8967627286911,40.70575095292]}},{"type":"Feature","properties":{"name":"67 Ave & Queens Blvd S","station_id":"2206777248062022082","mode":"CitiBike","region_id":"71","coord_source":"mapbox","mapbox_name":"Citi Bike – 67 Ave & Queens Blvd S"},"geometry":{"type":"Point","coordinates":[-73.85393187403679,40.72669267412442]}},{"type":"Feature","properties":{"name":"67 St & Erik Pl","station_id":"f06c01c3-fd7f-443c-a0c7-fc9233d77f6a","mode":"CitiBike","region_id":"71","coord_source":"mapbox","mapbox_name":"Citi Bike – 67 St & Erik Pl"},"geometry":{"type":"Point","coordinates":[-74.01657566428185,40.633412678787636]}},{"type":"Feature","properties":{"name":"68 Dr & 112 St","station_id":"2206779090602992084","mode":"CitiBike","region_id":"71","coord_source":"mapbox","mapbox_name":"Citi Bike – 68 Dr & 112 St"},"geometry":{"type":"Point","coordinates":[-73.84126648306847,40.72705347024052]}},{"type":"Feature","properties":{"name":"68 St & 4 Ave","station_id":"2124035976827702128","mode":"CitiBike","region_id":"71","coord_source":"mapbox","mapbox_name":"Citi Bike – 68 St & 4 Ave"},"geometry":{"type":"Point","coordinates":[-74.02345687150955,40.63533620432898]}},{"type":"Feature","properties":{"name":"68 St & 5 Ave","station_id":"2124425439157234232","mode":"CitiBike","region_id":"71","coord_source":"mapbox","mapbox_name":"Citi Bike – 68 St & 5 Ave"},"geometry":{"type":"Point","coordinates":[-74.02057081460953,40.634152581149436]}},{"type":"Feature","properties":{"name":"69 Ave & Queens Blvd N","station_id":"2206778533929566696","mode":"CitiBike","region_id":"71","coord_source":"mapbox","mapbox_name":"Citi Bike – 69 Ave & Queens Blvd N"},"geometry":{"type":"Point","coordinates":[-73.8486036658287,40.724001378285436]}},{"type":"Feature","properties":{"name":"69 St & 38 Ave","station_id":"266c8621-fdea-4a7e-9d35-18ca1684d526","mode":"CitiBike","region_id":"71","coord_source":"mapbox","mapbox_name":"Citi Bike – 69 St & 38 Ave"},"geometry":{"type":"Point","coordinates":[-73.89656692743301,40.74683125085295]}},{"type":"Feature","properties":{"name":"69 St & 43 Ave","station_id":"daaa3ac1-594c-48d2-9431-a8ced305ed5a","mode":"CitiBike","region_id":"71","coord_source":"mapbox","mapbox_name":"Citi Bike – 69 St & 43 Ave"},"geometry":{"type":"Point","coordinates":[-73.89564424753189,40.74181699213301]}},{"type":"Feature","properties":{"name":"7 Ave & 17 St","station_id":"122111c9-9a61-4372-a756-fb2495611cb6","mode":"CitiBike","region_id":"71","coord_source":"mapbox","mapbox_name":"Citi Bike – 7 Avenue & 17 Street"},"geometry":{"type":"Point","coordinates":[-73.98683667182922,40.66088839066191]}},{"type":"Feature","properties":{"name":"7 Ave & 20 St","station_id":"35a5b4d6-2d90-4b60-b68b-03bb60fb1afc","mode":"CitiBike","region_id":"71","coord_source":"mapbox","mapbox_name":"Citi Bike – 7 Ave & 20 St"},"geometry":{"type":"Point","coordinates":[-73.98851439356804,40.65909989330771]}},{"type":"Feature","properties":{"name":"7 Ave & 22 St","station_id":"403c310e-26d5-4db5-9928-13c38b25053d","mode":"CitiBike","region_id":"71","coord_source":"mapbox","mapbox_name":"Citi Bike – 7 Ave & 22 St"},"geometry":{"type":"Point","coordinates":[-73.98960337042809,40.65803572480192]}},{"type":"Feature","properties":{"name":"7 Ave & 40 St","station_id":"46a1ff6c-6131-414a-9ef6-65a8db7d305f","mode":"CitiBike","region_id":"71","coord_source":"mapbox","mapbox_name":"Citi Bike – 7 Ave & 40 St"},"geometry":{"type":"Point","coordinates":[-74.00007203221321,40.648176607226304]}},{"type":"Feature","properties":{"name":"7 Ave & 41 St","station_id":"189f573b-a2d0-40d2-af15-83c5015d93e2","mode":"CitiBike","region_id":"71","coord_source":"mapbox","mapbox_name":"Citi Bike – 7 Ave & 41 St"},"geometry":{"type":"Point","coordinates":[-74.00087401270866,40.64740429903276]}},{"type":"Feature","properties":{"name":"7 Ave & 62 St","station_id":"5d101095-011e-4541-ae64-bed8b52807b3","mode":"CitiBike","region_id":"71","coord_source":"mapbox","mapbox_name":"Citi Bike – 7 Ave & 62 St"},"geometry":{"type":"Point","coordinates":[-74.01296943426132,40.63557536897514]}},{"type":"Feature","properties":{"name":"7 Ave & Central Park South","station_id":"b94cc90e-9ca2-4471-8371-23be051e0157","mode":"CitiBike","region_id":"71","coord_source":"mapbox","mapbox_name":"Citi Bike – 7 Ave & Central Park South"},"geometry":{"type":"Point","coordinates":[-73.97906228899956,40.76672300618057]}},{"type":"Feature","properties":{"name":"7 Ave & Park Pl","station_id":"66de5d57-0aca-11e7-82f6-3863bb44ef7c","mode":"CitiBike","region_id":"71","coord_source":"mapbox","mapbox_name":"Citi Bike – 7 Ave & Park Pl"},"geometry":{"type":"Point","coordinates":[-73.97324189543724,40.677619403374905]}},{"type":"Feature","properties":{"name":"7 Ave & W 55 St","station_id":"1198e739-787c-4ce4-aa63-ffaf98506e9c","mode":"CitiBike","region_id":"71","coord_source":"mapbox","mapbox_name":"Citi Bike – 7 Ave & W 55 St"},"geometry":{"type":"Point","coordinates":[-73.9809612929821,40.76413287413894]}},{"type":"Feature","properties":{"name":"7 Ave S & Bleecker St","station_id":"c466f15e-715f-411e-904e-1a71fb574cdd","mode":"CitiBike","region_id":"71","coord_source":"mapbox","mapbox_name":"Citi Bike – 7 Ave S & Bleecker St"},"geometry":{"type":"Point","coordinates":[-74.00359511375427,40.73205156560334]}},{"type":"Feature","properties":{"name":"7 St & 3 Ave","station_id":"66de4c32-0aca-11e7-82f6-3863bb44ef7c","mode":"CitiBike","region_id":"71","coord_source":"mapbox","mapbox_name":"Citi Bike – 7 St & 3 Ave"},"geometry":{"type":"Point","coordinates":[-73.98965835571289,40.672564329583594]}},{"type":"Feature","properties":{"name":"7 St & 5 Ave","station_id":"66de5005-0aca-11e7-82f6-3863bb44ef7c","mode":"CitiBike","region_id":"71","coord_source":"mapbox","mapbox_name":"Citi Bike – 7 St & 5 Ave"},"geometry":{"type":"Point","coordinates":[-73.98553714156151,40.670543209936085]}},{"type":"Feature","properties":{"name":"7 St & Monroe St","station_id":"7478be11-37d8-49b1-a253-f0810045f6ff","mode":"CitiBike","region_id":"311","coord_source":"mapbox","mapbox_name":"Citi Bike – 7 St & Monroe St"},"geometry":{"type":"Point","coordinates":[-74.03797835111618,40.74642179263418]}},{"type":"Feature","properties":{"name":"70 Rd & 112 St","station_id":"2206779404135604698","mode":"CitiBike","region_id":"71","coord_source":"mapbox","mapbox_name":"Citi Bike – 70 Rd & 112 St"},"geometry":{"type":"Point","coordinates":[-73.83957132697105,40.72372797394044]}},{"type":"Feature","properties":{"name":"70 St & Ridge Blvd","station_id":"2126224759932600578","mode":"CitiBike","region_id":"71","coord_source":"mapbox","mapbox_name":"Citi Bike – 70 St & Ridge Blvd"},"geometry":{"type":"Point","coordinates":[-74.02909219264984,40.63596515462626]}},{"type":"Feature","properties":{"name":"71 Ave & 110 St","station_id":"2206779647897746102","mode":"CitiBike","region_id":"71","coord_source":"mapbox","mapbox_name":"Citi Bike – 71 Ave & 110 St"},"geometry":{"type":"Point","coordinates":[-73.84171307086945,40.72232332870661]}},{"type":"Feature","properties":{"name":"71 Ave & Myrtle Ave","station_id":"8603535e-0d7a-4c5b-ae77-27b9f5770bfa","mode":"CitiBike","region_id":"71","coord_source":"mapbox","mapbox_name":"Citi Bike – 71 Ave & Myrtle Ave"},"geometry":{"type":"Point","coordinates":[-73.89906272292137,40.70067361133732]}},{"type":"Feature","properties":{"name":"71 St & 32 Ave","station_id":"1826348745879909352","mode":"CitiBike","region_id":"71","coord_source":"mapbox","mapbox_name":"Citi Bike – 71 St & 32 Ave"},"geometry":{"type":"Point","coordinates":[-73.89594867825508,40.75675501542881]}},{"type":"Feature","properties":{"name":"71 St & 37 Ave","station_id":"1828965887815635862","mode":"CitiBike","region_id":"71","coord_source":"mapbox","mapbox_name":"Citi Bike – 71 St & 37 Ave"},"geometry":{"type":"Point","coordinates":[-73.89450699090958,40.74880027278178]}},{"type":"Feature","properties":{"name":"72 Rd & 113 St","station_id":"2206780606343384712","mode":"CitiBike","region_id":"71","coord_source":"mapbox","mapbox_name":"Citi Bike – 72 Rd & 113 St"},"geometry":{"type":"Point","coordinates":[-73.83713856339455,40.72128659613435]}},{"type":"Feature","properties":{"name":"72 St & 31 Ave","station_id":"1913995167022829826","mode":"CitiBike","region_id":"71","coord_source":"mapbox","mapbox_name":"Citi Bike – 72 St & 31 Ave"},"geometry":{"type":"Point","coordinates":[-73.89529958367348,40.758404768810294]}},{"type":"Feature","properties":{"name":"72 St & 41 Ave","station_id":"7f4753d7-8d58-48bd-a881-de5bff08b27d","mode":"CitiBike","region_id":"71","coord_source":"mapbox","mapbox_name":"Citi Bike – 72 St & 41 Ave"},"geometry":{"type":"Point","coordinates":[-73.89376267790794,40.74480120745636]}},{"type":"Feature","properties":{"name":"72 St & Broadway","station_id":"1841240663447542046","mode":"CitiBike","region_id":"71","coord_source":"mapbox","mapbox_name":"Citi Bike – 72 St & Broadway"},"geometry":{"type":"Point","coordinates":[-73.89370501041412,40.74742562120065]}},{"type":"Feature","properties":{"name":"72 St & Northern Blvd","station_id":"1828966104320053340","mode":"CitiBike","region_id":"71","coord_source":"mapbox","mapbox_name":"Citi Bike – 72 St & Northern Blvd"},"geometry":{"type":"Point","coordinates":[-73.89459416270256,40.75473543400312]}},{"type":"Feature","properties":{"name":"72 St & Woodside Ave","station_id":"062ffe5a-aa91-412d-8210-23d562c7e7f8","mode":"CitiBike","region_id":"71","coord_source":"mapbox","mapbox_name":"Citi Bike – 72 St & Woodside Ave"},"geometry":{"type":"Point","coordinates":[-73.89282122254372,40.74287779085506]}},{"type":"Feature","properties":{"name":"73 St & 25 Ave","station_id":"1828966747840428256","mode":"CitiBike","region_id":"71","coord_source":"mapbox","mapbox_name":"Citi Bike – 73 St & 25 Ave"},"geometry":{"type":"Point","coordinates":[-73.89500856399536,40.76206069582457]}},{"type":"Feature","properties":{"name":"73 St & Ridge Blvd","station_id":"2124381939991318658","mode":"CitiBike","region_id":"71","coord_source":"mapbox","mapbox_name":"Citi Bike – 73 St & Ridge Blvd"},"geometry":{"type":"Point","coordinates":[-74.02974933385849,40.633493081229545]}},{"type":"Feature","properties":{"name":"74 St & 37 Ave","station_id":"1834145330979754058","mode":"CitiBike","region_id":"71","coord_source":"mapbox","mapbox_name":"Citi Bike – 74 St & 37 Ave"},"geometry":{"type":"Point","coordinates":[-73.8917201757431,40.749083733986254]}},{"type":"Feature","properties":{"name":"74 St & Woodside Ave","station_id":"1877653505745721834","mode":"CitiBike","region_id":"71","coord_source":"mapbox","mapbox_name":"Citi Bike – 74 St & Woodside Ave"},"geometry":{"type":"Point","coordinates":[-73.89079079031944,40.743245611749046]}},{"type":"Feature","properties":{"name":"75 St & 35 Ave","station_id":"1836581807397045112","mode":"CitiBike","region_id":"71","coord_source":"mapbox","mapbox_name":"Citi Bike – 75 St & 35 Ave"},"geometry":{"type":"Point","coordinates":[-73.89106839895248,40.75096734871599]}},{"type":"Feature","properties":{"name":"75 St & Northern Blvd","station_id":"1828966490867110420","mode":"CitiBike","region_id":"71","coord_source":"mapbox","mapbox_name":"Citi Bike – 75 St & Northern Blvd"},"geometry":{"type":"Point","coordinates":[-73.89178991317749,40.754729338594075]}},{"type":"Feature","properties":{"name":"75 St & Roosevelt Ave","station_id":"1846085256331594490","mode":"CitiBike","region_id":"71","coord_source":"mapbox","mapbox_name":"Citi Bike – Broadway & 74 St"},"geometry":{"type":"Point","coordinates":[-73.89121055603027,40.74652847553949]}},{"type":"Feature","properties":{"name":"76 St & 21 Ave","station_id":"98af0e1d-ea33-4c6e-95fe-97846e81081e","mode":"CitiBike","region_id":"71","coord_source":"mapbox","mapbox_name":"Citi Bike – 76 St & 21 Ave"},"geometry":{"type":"Point","coordinates":[-73.89367282390594,40.770259643057415]}},{"type":"Feature","properties":{"name":"76 St & 45 Ave","station_id":"1843486464469891376","mode":"CitiBike","region_id":"71","coord_source":"mapbox","mapbox_name":"Citi Bike – 76 St & 45 Ave"},"geometry":{"type":"Point","coordinates":[-73.88837143778801,40.74107930028984]}},{"type":"Feature","properties":{"name":"77 St & 24 Ave","station_id":"1828966882896859944","mode":"CitiBike","region_id":"71","coord_source":"mapbox","mapbox_name":"Citi Bike – 77 St & 24 Ave"},"geometry":{"type":"Point","coordinates":[-73.8915766775608,40.76429031641902]}},{"type":"Feature","properties":{"name":"77 St & 31 Ave","station_id":"1828966626550010820","mode":"CitiBike","region_id":"71","coord_source":"mapbox","mapbox_name":"Citi Bike – 77 St & 31 Ave"},"geometry":{"type":"Point","coordinates":[-73.89079883694649,40.75886596101677]}},{"type":"Feature","properties":{"name":"77 St & Colonial Rd","station_id":"2126621966735272262","mode":"CitiBike","region_id":"71","coord_source":"gbfs"},"geometry":{"type":"Point","coordinates":[-74.03318,40.63121]}},{"type":"Feature","properties":{"name":"78 Ave & Queens Blvd S","station_id":"2206782596968628766","mode":"CitiBike","region_id":"71","coord_source":"mapbox","mapbox_name":"Citi Bike – 78 Ave & Queens Blvd S"},"geometry":{"type":"Point","coordinates":[-73.83246347308159,40.71488390653181]}},{"type":"Feature","properties":{"name":"78 St & Northern Blvd","station_id":"1869754143518014264","mode":"CitiBike","region_id":"71","coord_source":"mapbox","mapbox_name":"Citi Bike – 78 St & Northern Blvd"},"geometry":{"type":"Point","coordinates":[-73.88900712132454,40.755005663242116]}},{"type":"Feature","properties":{"name":"78 St & Ridge Blvd","station_id":"2124036103510616644","mode":"CitiBike","region_id":"71","coord_source":"mapbox","mapbox_name":"Citi Bike – 78 St & Ridge Blvd"},"geometry":{"type":"Point","coordinates":[-74.03120711445808,40.629943068525364]}},{"type":"Feature","properties":{"name":"79 St & 37 Ave","station_id":"1836581441921155232","mode":"CitiBike","region_id":"71","coord_source":"mapbox","mapbox_name":"Citi Bike – 79 St & 37 Ave"},"geometry":{"type":"Point","coordinates":[-73.88713493943214,40.74935906611401]}},{"type":"Feature","properties":{"name":"79 St & 5 Ave","station_id":"2124425954553309758","mode":"CitiBike","region_id":"71","coord_source":"mapbox","mapbox_name":"Citi Bike – 79 St & 5 Ave"},"geometry":{"type":"Point","coordinates":[-74.02363255620003,40.626467170827254]}},{"type":"Feature","properties":{"name":"79 St & Roosevelt Ave","station_id":"1843486189591985058","mode":"CitiBike","region_id":"71","coord_source":"mapbox","mapbox_name":"Citi Bike – 79 St & Roosevelt Ave"},"geometry":{"type":"Point","coordinates":[-73.88673663139343,40.74719295378276]}},{"type":"Feature","properties":{"name":"79 St & Woodside Ave","station_id":"1869754328201607270","mode":"CitiBike","region_id":"71","coord_source":"mapbox","mapbox_name":"Citi Bike – 79 St & Woodside Ave"},"geometry":{"type":"Point","coordinates":[-73.88621896505356,40.743653057381266]}},{"type":"Feature","properties":{"name":"8 Ave & W 16 St","station_id":"e8a6c13b-1f6e-4e6b-bdf8-9b0e597e4a62","mode":"CitiBike","region_id":"71","coord_source":"mapbox","mapbox_name":"Citi Bike – 8 Ave & W 16 St"},"geometry":{"type":"Point","coordinates":[-74.00169745087624,40.74100512421103]}},{"type":"Feature","properties":{"name":"8 Ave & W 24 St","station_id":"1d440638-ec50-4ccb-9a82-0e3247a87c63","mode":"CitiBike","region_id":"71","coord_source":"mapbox","mapbox_name":"Citi Bike – 8 Ave & W 24 St"},"geometry":{"type":"Point","coordinates":[-73.99809926748276,40.74590666419749]}},{"type":"Feature","properties":{"name":"8 Ave & W 27 St","station_id":"9e9acfaf-0bbf-4bc2-a825-b2befb6bee55","mode":"CitiBike","region_id":"71","coord_source":"mapbox","mapbox_name":"Citi Bike – 8 Ave & W 27 St"},"geometry":{"type":"Point","coordinates":[-73.99664551019669,40.74798036206565]}},{"type":"Feature","properties":{"name":"8 Ave & W 31 St","station_id":"66ddbd20-0aca-11e7-82f6-3863bb44ef7c","mode":"CitiBike","region_id":"71","coord_source":"mapbox","mapbox_name":"Citi Bike – 8 Ave & W 31 St"},"geometry":{"type":"Point","coordinates":[-73.99478137493134,40.75049797398515]}},{"type":"Feature","properties":{"name":"8 Ave & W 33 St","station_id":"66dc686c-0aca-11e7-82f6-3863bb44ef7c","mode":"CitiBike","region_id":"71","coord_source":"mapbox","mapbox_name":"Citi Bike – 8 Ave & W 33 St"},"geometry":{"type":"Point","coordinates":[-73.99370446801186,40.75168867571824]}},{"type":"Feature","properties":{"name":"8 Ave & W 38 St","station_id":"8d097a6d-f17c-4195-9dd4-42527b371c71","mode":"CitiBike","region_id":"71","coord_source":"mapbox","mapbox_name":"Citi Bike – 8 Ave & W 38 St"},"geometry":{"type":"Point","coordinates":[-73.99187922477722,40.7545099034966]}},{"type":"Feature","properties":{"name":"8 Ave & W 49 St","station_id":"053312f2-e77e-4674-b28b-ad357fbcb4ee","mode":"CitiBike","region_id":"71","coord_source":"mapbox","mapbox_name":"Citi Bike – 8 Ave & W 49 St"},"geometry":{"type":"Point","coordinates":[-73.98656442761421,40.76178541629514]}},{"type":"Feature","properties":{"name":"8 Ave & W 52 St","station_id":"66dc1d0c-0aca-11e7-82f6-3863bb44ef7c","mode":"CitiBike","region_id":"71","coord_source":"mapbox","mapbox_name":"Citi Bike – 8 Ave & W 52 St"},"geometry":{"type":"Point","coordinates":[-73.98519515991211,40.7636696869458]}},{"type":"Feature","properties":{"name":"8 Ave & W 55 St","station_id":"2208187693892730258","mode":"CitiBike","region_id":"71","coord_source":"mapbox","mapbox_name":"Citi Bike – W 56 St & 8 Ave"},"geometry":{"type":"Point","coordinates":[-73.98313656449318,40.765983559171985]}},{"type":"Feature","properties":{"name":"8 St & Astoria Blvd","station_id":"e152a2e1-c510-404e-a100-24246bb6cc95","mode":"CitiBike","region_id":"71","coord_source":"mapbox","mapbox_name":"Citi Bike – 8 St & Astoria Blvd"},"geometry":{"type":"Point","coordinates":[-73.93264800310135,40.772548910740454]}},{"type":"Feature","properties":{"name":"8 St & Washington St","station_id":"519824e4-69ba-4270-a395-17c204f328f8","mode":"CitiBike","region_id":"311","coord_source":"mapbox","mapbox_name":"Citi Bike – 8 St & Washington St"},"geometry":{"type":"Point","coordinates":[-74.02820840477943,40.74598489895078]}},{"type":"Feature","properties":{"name":"81 St & 24 Ave","station_id":"1828967027013302842","mode":"CitiBike","region_id":"71","coord_source":"mapbox","mapbox_name":"Citi Bike – 81 St & 24 Ave"},"geometry":{"type":"Point","coordinates":[-73.88803213834763,40.7646437983731]}},{"type":"Feature","properties":{"name":"81 St & 34 Ave","station_id":"1828967717120678322","mode":"CitiBike","region_id":"71","coord_source":"mapbox","mapbox_name":"Citi Bike – 81 St & 34 Ave"},"geometry":{"type":"Point","coordinates":[-73.88603255152702,40.75376117736536]}},{"type":"Feature","properties":{"name":"81 St & 35 Ave","station_id":"1838617691511229014","mode":"CitiBike","region_id":"71","coord_source":"mapbox","mapbox_name":"Citi Bike – 81 St & 35 Ave"},"geometry":{"type":"Point","coordinates":[-73.8856865465641,40.751791286388425]}},{"type":"Feature","properties":{"name":"82 St & 30 Ave","station_id":"1828967499459705054","mode":"CitiBike","region_id":"71","coord_source":"mapbox","mapbox_name":"Citi Bike – 82 St & 30 Ave"},"geometry":{"type":"Point","coordinates":[-73.8863168656826,40.7610926413644]}},{"type":"Feature","properties":{"name":"82 St & Broadway","station_id":"1906248765431831024","mode":"CitiBike","region_id":"71","coord_source":"mapbox","mapbox_name":"Citi Bike – 82 St & Broadway"},"geometry":{"type":"Point","coordinates":[-73.88297751545906,40.7428066650331]}},{"type":"Feature","properties":{"name":"83 St & Narrows Ave","station_id":"2126623007192357636","mode":"CitiBike","region_id":"71","coord_source":"mapbox","mapbox_name":"Citi Bike – 83 St & Narrows Ave"},"geometry":{"type":"Point","coordinates":[-74.0383793413639,40.62757560997477]}},{"type":"Feature","properties":{"name":"84 St & 3 Ave","station_id":"2126623405008140358","mode":"CitiBike","region_id":"71","coord_source":"mapbox","mapbox_name":"Citi Bike – 84 St & 3 Ave"},"geometry":{"type":"Point","coordinates":[-74.03059959411621,40.62501975978216]}},{"type":"Feature","properties":{"name":"84 St & Roosevelt Ave","station_id":"1828967830172187422","mode":"CitiBike","region_id":"71","coord_source":"mapbox","mapbox_name":"Citi Bike – 84 St & Roosevelt Ave"},"geometry":{"type":"Point","coordinates":[-73.8820467889309,40.74798036206565]}},{"type":"Feature","properties":{"name":"85 St & Northern Blvd","station_id":"1828968327357059242","mode":"CitiBike","region_id":"71","coord_source":"mapbox","mapbox_name":"Citi Bike – 85 St & Northern Blvd"},"geometry":{"type":"Point","coordinates":[-73.8826596736908,40.75601240987362]}},{"type":"Feature","properties":{"name":"86 St & 35 Ave","station_id":"1828968199249922252","mode":"CitiBike","region_id":"71","coord_source":"mapbox","mapbox_name":"Citi Bike – 86 St & 35 Ave"},"geometry":{"type":"Point","coordinates":[-73.88093903660774,40.752298241732234]}},{"type":"Feature","properties":{"name":"86 St & 37 Ave","station_id":"1828968082192898522","mode":"CitiBike","region_id":"71","coord_source":"mapbox","mapbox_name":"Citi Bike – 86 St & 37 Ave"},"geometry":{"type":"Point","coordinates":[-73.88062253594398,40.75000116465412]}},{"type":"Feature","properties":{"name":"86 St & Ridge Blvd","station_id":"2124426077519611940","mode":"CitiBike","region_id":"71","coord_source":"mapbox","mapbox_name":"Citi Bike – 86 St & Ridge Blvd"},"geometry":{"type":"Point","coordinates":[-74.03401672840118,40.62402630057392]}},{"type":"Feature","properties":{"name":"87 St & 30 Ave","station_id":"1828968691399885056","mode":"CitiBike","region_id":"71","coord_source":"mapbox","mapbox_name":"Citi Bike – 87 St & 30 Ave"},"geometry":{"type":"Point","coordinates":[-73.8816699385643,40.76157209927061]}},{"type":"Feature","properties":{"name":"87 St & Roosevelt Ave","station_id":"1828967979464708718","mode":"CitiBike","region_id":"71","coord_source":"mapbox","mapbox_name":"Citi Bike – 87 St & Roosevelt Ave"},"geometry":{"type":"Point","coordinates":[-73.87935250997543,40.7482668747661]}},{"type":"Feature","properties":{"name":"88 St & Astoria Blvd","station_id":"1834145468418707676","mode":"CitiBike","region_id":"71","coord_source":"mapbox","mapbox_name":"Citi Bike – 88 St & Astoria Blvd"},"geometry":{"type":"Point","coordinates":[-73.88120725750923,40.76424765467675]}},{"type":"Feature","properties":{"name":"89 St & 3 Ave","station_id":"2126623765785393224","mode":"CitiBike","region_id":"71","coord_source":"mapbox","mapbox_name":"Citi Bike – 89 St & 3 Ave"},"geometry":{"type":"Point","coordinates":[-74.03215527534485,40.62135019810984]}},{"type":"Feature","properties":{"name":"9 Ave & W 18 St","station_id":"66dc11a7-0aca-11e7-82f6-3863bb44ef7c","mode":"CitiBike","region_id":"71","coord_source":"mapbox","mapbox_name":"Citi Bike – 9 Ave & W 18 St"},"geometry":{"type":"Point","coordinates":[-74.00366485118866,40.74317448632044]}},{"type":"Feature","properties":{"name":"9 Ave & W 204 St","station_id":"fbaffdbd-dab5-4127-9bd5-36bf58093ea8","mode":"CitiBike","region_id":"71","coord_source":"mapbox","mapbox_name":"Citi Bike – 9 Ave & W 204 St"},"geometry":{"type":"Point","coordinates":[-73.91858518123627,40.86170187787431]}},{"type":"Feature","properties":{"name":"9 Ave & W 219 St","station_id":"28a2436d-a52b-4fa4-874c-e096012a926d","mode":"CitiBike","region_id":"71","coord_source":"mapbox","mapbox_name":"Citi Bike – 9 Ave & W 219 St"},"geometry":{"type":"Point","coordinates":[-73.91148805618286,40.87109432181242]}},{"type":"Feature","properties":{"name":"9 Ave & W 22 St","station_id":"66dc7a7d-0aca-11e7-82f6-3863bb44ef7c","mode":"CitiBike","region_id":"71","coord_source":"mapbox","mapbox_name":"Citi Bike – 9 Ave & W 22 St"},"geometry":{"type":"Point","coordinates":[-74.00197103619576,40.74549720028614]}},{"type":"Feature","properties":{"name":"9 Ave & W 33 St","station_id":"1869743938848725856","mode":"CitiBike","region_id":"71","coord_source":"mapbox","mapbox_name":"Citi Bike – 9 Ave & W 33 St"},"geometry":{"type":"Point","coordinates":[-73.99675413966179,40.75256848087719]}},{"type":"Feature","properties":{"name":"9 St & 44 Rd","station_id":"66dd26f9-0aca-11e7-82f6-3863bb44ef7c","mode":"CitiBike","region_id":"71","coord_source":"mapbox","mapbox_name":"Citi Bike – 9 St & 44 Rd"},"geometry":{"type":"Point","coordinates":[-73.9521074295044,40.74971059551319]}},{"type":"Feature","properties":{"name":"9 St HBLR - Jackson St & 8 St","station_id":"681a8bdb-65ff-4078-a5de-74927502da4e","mode":"CitiBike","region_id":"311","coord_source":"mapbox","mapbox_name":"Citi Bike – 9 St HBLR – Jackson St & 8 St"},"geometry":{"type":"Point","coordinates":[-74.0384329855442,40.74792752980173]}},{"type":"Feature","properties":{"name":"90 St & 32 Ave","station_id":"1828969112306680612","mode":"CitiBike","region_id":"71","coord_source":"mapbox","mapbox_name":"Citi Bike – 90 St & 32 Ave"},"geometry":{"type":"Point","coordinates":[-73.87824341654778,40.758365150828354]}},{"type":"Feature","properties":{"name":"90 St & 51 Ave","station_id":"1846086027713733188","mode":"CitiBike","region_id":"71","coord_source":"mapbox","mapbox_name":"Citi Bike – 90 St & 51 Ave"},"geometry":{"type":"Point","coordinates":[-73.87410745024681,40.7393691650052]}},{"type":"Feature","properties":{"name":"91 St & 23 Ave","station_id":"1875023224873448258","mode":"CitiBike","region_id":"71","coord_source":"mapbox","mapbox_name":"Citi Bike – 91 St & 23 Ave"},"geometry":{"type":"Point","coordinates":[-73.87899979948997,40.767680821599214]}},{"type":"Feature","properties":{"name":"91 St & 31 Ave","station_id":"1828968994833044184","mode":"CitiBike","region_id":"71","coord_source":"mapbox","mapbox_name":"Citi Bike – 91 St & 31 Ave"},"geometry":{"type":"Point","coordinates":[-73.87773916125298,40.76021802809737]}},{"type":"Feature","properties":{"name":"92 St & 35 Ave","station_id":"1836581534415880440","mode":"CitiBike","region_id":"71","coord_source":"mapbox","mapbox_name":"Citi Bike – 92 St & 35 Ave"},"geometry":{"type":"Point","coordinates":[-73.8753667473793,40.75291389773392]}},{"type":"Feature","properties":{"name":"92 St & 37 Ave","station_id":"1834145589124844432","mode":"CitiBike","region_id":"71","coord_source":"mapbox","mapbox_name":"Citi Bike – 92 St & 37 Ave"},"geometry":{"type":"Point","coordinates":[-73.87508779764175,40.75085660908894]}},{"type":"Feature","properties":{"name":"92 St & Astoria Blvd","station_id":"1828969323789472168","mode":"CitiBike","region_id":"71","coord_source":"mapbox","mapbox_name":"Citi Bike – 92 St & Astoria Blvd"},"geometry":{"type":"Point","coordinates":[-73.87721478939056,40.76312625048766]}},{"type":"Feature","properties":{"name":"93 St & Roosevelt Ave","station_id":"1836581714456697424","mode":"CitiBike","region_id":"71","coord_source":"mapbox","mapbox_name":"Citi Bike – 93 St & Roosevelt Ave"},"geometry":{"type":"Point","coordinates":[-73.87367963790894,40.748884600076394]}},{"type":"Feature","properties":{"name":"94 St & 57 Ave","station_id":"1846086463217404850","mode":"CitiBike","region_id":"71","coord_source":"mapbox","mapbox_name":"Citi Bike – 94 St & 57 Ave"},"geometry":{"type":"Point","coordinates":[-73.8675320148468,40.736280039154735]}},{"type":"Feature","properties":{"name":"95 St & 35 Ave","station_id":"1835244925191295588","mode":"CitiBike","region_id":"71","coord_source":"mapbox","mapbox_name":"Citi Bike – 95 St & 35 Ave"},"geometry":{"type":"Point","coordinates":[-73.87264966964722,40.753020570224095]}},{"type":"Feature","properties":{"name":"96 St & Marine Ave","station_id":"2126624466406238560","mode":"CitiBike","region_id":"71","coord_source":"mapbox","mapbox_name":"Citi Bike – 96 St & Marine Ave"},"geometry":{"type":"Point","coordinates":[-74.03566896915436,40.616995322165195]}},{"type":"Feature","properties":{"name":"96 St & Northern Blvd","station_id":"1835246658344669972","mode":"CitiBike","region_id":"71","coord_source":"mapbox","mapbox_name":"Citi Bike – 96 St & Northern Blvd"},"geometry":{"type":"Point","coordinates":[-73.87220442295074,40.75711361678299]}},{"type":"Feature","properties":{"name":"97 St & 23 Ave","station_id":"1835250080052323168","mode":"CitiBike","region_id":"71","coord_source":"mapbox","mapbox_name":"Citi Bike – 97 St & 23 Ave"},"geometry":{"type":"Point","coordinates":[-73.87330949306488,40.76820593829734]}},{"type":"Feature","properties":{"name":"97 St & 57 Ave","station_id":"1848241963446241866","mode":"CitiBike","region_id":"71","coord_source":"mapbox","mapbox_name":"Citi Bike – 97 St & 57 Ave"},"geometry":{"type":"Point","coordinates":[-73.86414036154747,40.73728402079061]}},{"type":"Feature","properties":{"name":"98 St & 25 Ave","station_id":"1838685618105506490","mode":"CitiBike","region_id":"71","coord_source":"mapbox","mapbox_name":"Citi Bike – 98 St & 25 Ave"},"geometry":{"type":"Point","coordinates":[-73.87170553207397,40.76453714453328]}},{"type":"Feature","properties":{"name":"98 St & 41 Ave","station_id":"1846085734612252774","mode":"CitiBike","region_id":"71","coord_source":"mapbox","mapbox_name":"Citi Bike – 98 St & 41 Ave"},"geometry":{"type":"Point","coordinates":[-73.86648327112198,40.747725344403875]}},{"type":"Feature","properties":{"name":"98 St & 64 Rd","station_id":"2206775291229258176","mode":"CitiBike","region_id":"71","coord_source":"mapbox","mapbox_name":"Citi Bike – 98 St & 64 Rd"},"geometry":{"type":"Point","coordinates":[-73.85817244648933,40.729768017166606]}},{"type":"Feature","properties":{"name":"99 St & 3 Ave","station_id":"2126274308236524392","mode":"CitiBike","region_id":"71","coord_source":"mapbox","mapbox_name":"Citi Bike – 99 St & 3 Ave"},"geometry":{"type":"Point","coordinates":[-74.0350104868412,40.61451440218934]}},{"type":"Feature","properties":{"name":"99 St & 32 Ave","station_id":"1835247598942507168","mode":"CitiBike","region_id":"71","coord_source":"mapbox","mapbox_name":"Citi Bike – 99 St & 32 Ave"},"geometry":{"type":"Point","coordinates":[-73.86977165937424,40.75897668730366]}},{"type":"Feature","properties":{"name":"99 St & 35 Ave","station_id":"1835247745828931742","mode":"CitiBike","region_id":"71","coord_source":"mapbox","mapbox_name":"Citi Bike – 99 St & 35 Ave"},"geometry":{"type":"Point","coordinates":[-73.86887311935425,40.7540527447174]}},{"type":"Feature","properties":{"name":"99 St & 38 Ave","station_id":"1835249317786962140","mode":"CitiBike","region_id":"71","coord_source":"mapbox","mapbox_name":"Citi Bike – 99 St & 38 Ave"},"geometry":{"type":"Point","coordinates":[-73.8672423362732,40.75055791596429]}},{"type":"Feature","properties":{"name":"99 St & 50 Ave","station_id":"1848242058183072050","mode":"CitiBike","region_id":"71","coord_source":"mapbox","mapbox_name":"Citi Bike – 99 St & 50 Ave"},"geometry":{"type":"Point","coordinates":[-73.8622722029686,40.74278126293544]}},{"type":"Feature","properties":{"name":"99 St & 58 Ave","station_id":"1846086768160082632","mode":"CitiBike","region_id":"71","coord_source":"mapbox","mapbox_name":"Citi Bike – 99 St & 58 Ave"},"geometry":{"type":"Point","coordinates":[-73.85959938168526,40.73763053320238]}},{"type":"Feature","properties":{"name":"99 St & 65 Rd","station_id":"2206776188238371350","mode":"CitiBike","region_id":"71","coord_source":"mapbox","mapbox_name":"Citi Bike – 99 St & 65 Rd"},"geometry":{"type":"Point","coordinates":[-73.85536551475525,40.72903120800282]}},{"type":"Feature","properties":{"name":"99 St & Astoria Blvd","station_id":"1838070626762830158","mode":"CitiBike","region_id":"71","coord_source":"mapbox","mapbox_name":"Citi Bike – 99 St & Astoria Blvd"},"geometry":{"type":"Point","coordinates":[-73.87041136622429,40.76196521154131]}},{"type":"Feature","properties":{"name":"Academy St & Nagle Ave","station_id":"23bc4d9b-1ec2-45fb-9228-e41517346b24","mode":"CitiBike","region_id":"71","coord_source":"mapbox","mapbox_name":"Citi Bike – Academy St & Nagle Ave"},"geometry":{"type":"Point","coordinates":[-73.92267689108849,40.862581239964015]}},{"type":"Feature","properties":{"name":"Adam Clayton Powell Blvd & W 115 St","station_id":"760ebaea-f7c7-45ad-aa3b-395d97adcf8f","mode":"CitiBike","region_id":"71","coord_source":"mapbox","mapbox_name":"Citi Bike – Adam Clayton Powell Blvd & W 115 St"},"geometry":{"type":"Point","coordinates":[-73.95324870944023,40.80254788445123]}},{"type":"Feature","properties":{"name":"Adam Clayton Powell Blvd & W 118 St","station_id":"138094a0-cd7d-4014-9b21-4fb2afd3980e","mode":"CitiBike","region_id":"71","coord_source":"mapbox","mapbox_name":"Citi Bike – Adam Clayton Powell Blvd & W 118 St"},"geometry":{"type":"Point","coordinates":[-73.9514771103859,40.804379226788484]}},{"type":"Feature","properties":{"name":"Adam Clayton Powell Blvd & W 123 St","station_id":"b55f9b55-7fa7-4f0f-9732-78cbe07452e1","mode":"CitiBike","region_id":"71","coord_source":"mapbox","mapbox_name":"Citi Bike – Adam Clayton Powell Blvd & W 123 St"},"geometry":{"type":"Point","coordinates":[-73.94935950636864,40.807830621541626]}},{"type":"Feature","properties":{"name":"Adam Clayton Powell Blvd & W 126 St","station_id":"18eccc71-66be-4e4c-8335-095a9bf0df94","mode":"CitiBike","region_id":"71","coord_source":"mapbox","mapbox_name":"Citi Bike – Adam Clayton Powell Blvd & W 126 St"},"geometry":{"type":"Point","coordinates":[-73.94781321287155,40.809284214081345]}},{"type":"Feature","properties":{"name":"Adam Clayton Powell Blvd & W 130 St","station_id":"b79bb851-130f-473d-83fc-f602aa0a4ca9","mode":"CitiBike","region_id":"71","coord_source":"mapbox","mapbox_name":"Citi Bike – Adam Clayton Powell Blvd & W 130 St"},"geometry":{"type":"Point","coordinates":[-73.94615828990936,40.81235066205517]}},{"type":"Feature","properties":{"name":"Adam Clayton Powell Blvd & W 132 St","station_id":"01839a78-f228-4706-8f7f-147b857492f2","mode":"CitiBike","region_id":"71","coord_source":"mapbox","mapbox_name":"Citi Bike – Adam Clayton Powell Blvd & W 132 St"},"geometry":{"type":"Point","coordinates":[-73.9452101290226,40.81355040551159]}},{"type":"Feature","properties":{"name":"Adam Clayton Powell Blvd & W 138 St","station_id":"65a1b09d-560d-46bf-8f5d-7f59471a587e","mode":"CitiBike","region_id":"71","coord_source":"mapbox","mapbox_name":"Citi Bike – Adam Clayton Powell Blvd & W 138 St"},"geometry":{"type":"Point","coordinates":[-73.94222483038902,40.816950575773575]}},{"type":"Feature","properties":{"name":"Adam Clayton Powell Blvd & W 141 St","station_id":"d0b87aa7-7e19-40d2-8f7d-6a622e6ac391","mode":"CitiBike","region_id":"71","coord_source":"mapbox","mapbox_name":"Citi Bike – Adam Clayton Powell Blvd & W 141 St"},"geometry":{"type":"Point","coordinates":[-73.94102990627289,40.81924127879594]}},{"type":"Feature","properties":{"name":"Adam Clayton Powell Blvd & W 151 St","station_id":"1b962833-d769-418e-b1ef-5a183bb5eb1a","mode":"CitiBike","region_id":"71","coord_source":"mapbox","mapbox_name":"Citi Bike – Adam Clayton Powell Blvd & W 151 St"},"geometry":{"type":"Point","coordinates":[-73.93620997667313,40.82529598616259]}},{"type":"Feature","properties":{"name":"Adams St & 12 St","station_id":"1849747691035224144","mode":"CitiBike","coord_source":"mapbox","mapbox_name":"Citi Bike – Adams St & 12 St"},"geometry":{"type":"Point","coordinates":[-74.03334885835648,40.75187865772537]}},{"type":"Feature","properties":{"name":"Adams St & 2 St","station_id":"3371df76-39db-43ab-b3d6-fac0be55311f","mode":"CitiBike","region_id":"311","coord_source":"mapbox","mapbox_name":"Citi Bike – Adams St & 2 St"},"geometry":{"type":"Point","coordinates":[-74.03687864542007,40.739812198924255]}},{"type":"Feature","properties":{"name":"Adams St & Prospect St","station_id":"b7af52d2-fd23-4970-8513-be7c681480c4","mode":"CitiBike","region_id":"71","coord_source":"mapbox","mapbox_name":"Citi Bike – Adams St & Prospect St"},"geometry":{"type":"Point","coordinates":[-73.98875176906586,40.70078443449839]}},{"type":"Feature","properties":{"name":"Adelphi St & Myrtle Ave","station_id":"66db5c14-0aca-11e7-82f6-3863bb44ef7c","mode":"CitiBike","region_id":"71","coord_source":"mapbox","mapbox_name":"Citi Bike – Adelphi St & Myrtle Ave"},"geometry":{"type":"Point","coordinates":[-73.97178947925568,40.6930822943375]}},{"type":"Feature","properties":{"name":"Albany Ave & Carroll St","station_id":"d08be53f-9691-4d6f-81f3-7d052abb7dd6","mode":"CitiBike","region_id":"71","coord_source":"mapbox","mapbox_name":"Citi Bike – Albany Ave & Carroll St"},"geometry":{"type":"Point","coordinates":[-73.93971025943756,40.66671644319297]}},{"type":"Feature","properties":{"name":"Albany Ave & Fulton St","station_id":"66dcbb2c-0aca-11e7-82f6-3863bb44ef7c","mode":"CitiBike","region_id":"71","coord_source":"mapbox","mapbox_name":"Citi Bike – Albany Ave & Fulton St"},"geometry":{"type":"Point","coordinates":[-73.93846839666367,40.68002780271249]}},{"type":"Feature","properties":{"name":"Albany Ave & Park Pl","station_id":"5736cd70-be41-483e-8d82-721874f40e6e","mode":"CitiBike","region_id":"71","coord_source":"mapbox","mapbox_name":"Citi Bike – Albany Ave & Park Pl"},"geometry":{"type":"Point","coordinates":[-73.93896996974945,40.672979327949236]}},{"type":"Feature","properties":{"name":"Albany St & Greenwich St","station_id":"3e9e50cc-f336-439f-bd0b-dec5499c038d","mode":"CitiBike","region_id":"71","coord_source":"mapbox","mapbox_name":"Citi Bike – Albany St & Greenwich St"},"geometry":{"type":"Point","coordinates":[-74.01328727602959,40.7092796501619]}},{"type":"Feature","properties":{"name":"Albemarle Rd & E 21 St","station_id":"1814906873296976512","mode":"CitiBike","region_id":"71","coord_source":"mapbox","mapbox_name":"Citi Bike – Albemarle Rd & E 21 St"},"geometry":{"type":"Point","coordinates":[-73.95930781960487,40.64742057966663]}},{"type":"Feature","properties":{"name":"Albemarle Rd & McDonald Ave","station_id":"bbb48e80-7d2f-4b3c-bb8c-591bc931945a","mode":"CitiBike","region_id":"71","coord_source":"mapbox","mapbox_name":"Citi Bike – Albemarle Rd & McDonald Ave"},"geometry":{"type":"Point","coordinates":[-73.97967517375946,40.64508528567606]}},{"type":"Feature","properties":{"name":"Alexander Ave & E 134 St","station_id":"9635affa-8b18-42d5-84c4-7f67ad5ef9d0","mode":"CitiBike","region_id":"71","coord_source":"mapbox","mapbox_name":"Citi Bike – Alexander Ave & E 134 St"},"geometry":{"type":"Point","coordinates":[-73.92717093229294,40.80746518824094]}},{"type":"Feature","properties":{"name":"Allen St & Hester St","station_id":"1960020817312746312","mode":"CitiBike","region_id":"71","coord_source":"mapbox","mapbox_name":"Citi Bike – Allen St & Hester St"},"geometry":{"type":"Point","coordinates":[-73.99190738797188,40.716058981908105]}},{"type":"Feature","properties":{"name":"Allen St & Rivington St","station_id":"66dbf062-0aca-11e7-82f6-3863bb44ef7c","mode":"CitiBike","region_id":"71","coord_source":"mapbox","mapbox_name":"Citi Bike – Allen St & Rivington St"},"geometry":{"type":"Point","coordinates":[-73.98988097906113,40.72035047373299]}},{"type":"Feature","properties":{"name":"Allen St & Stanton St","station_id":"66db72f1-0aca-11e7-82f6-3863bb44ef7c","mode":"CitiBike","region_id":"71","coord_source":"mapbox","mapbox_name":"Citi Bike – Allen St & Stanton St"},"geometry":{"type":"Point","coordinates":[-73.98916885256767,40.7217734558925]}},{"type":"Feature","properties":{"name":"Amity St & Court St","station_id":"2142879485385917038","mode":"CitiBike","region_id":"71","coord_source":"mapbox","mapbox_name":"Citi Bike – Amity St & Court St"},"geometry":{"type":"Point","coordinates":[-73.99318277835846,40.68847685343468]}},{"type":"Feature","properties":{"name":"Amory Ct & Metropolitan Ave","station_id":"febf420f-bbec-4044-a3af-69959e018ccb","mode":"CitiBike","region_id":"71","coord_source":"mapbox","mapbox_name":"Citi Bike – Amory Ct & Metropolitan Ave"},"geometry":{"type":"Point","coordinates":[-73.90968427062035,40.7130135015627]}},{"type":"Feature","properties":{"name":"Amsterdam Ave & W 119 St","station_id":"1b00fb53-da32-4b14-9a9a-84a391c8951c","mode":"CitiBike","region_id":"71","coord_source":"mapbox","mapbox_name":"Citi Bike – Amsterdam Ave & W 119 St"},"geometry":{"type":"Point","coordinates":[-73.95962432026863,40.80861629632372]}},{"type":"Feature","properties":{"name":"Amsterdam Ave & W 125 St","station_id":"7f8cb36a-2bf4-4d57-afbd-331310f25355","mode":"CitiBike","region_id":"71","coord_source":"mapbox","mapbox_name":"Citi Bike – Amsterdam Ave & W 125 St"},"geometry":{"type":"Point","coordinates":[-73.95650491118431,40.81332405963323]}},{"type":"Feature","properties":{"name":"Amsterdam Ave & W 131 St","station_id":"324e55da-fec0-43a2-b622-27774381ab7f","mode":"CitiBike","region_id":"71","coord_source":"mapbox","mapbox_name":"Citi Bike – Amsterdam Ave & W 131 St"},"geometry":{"type":"Point","coordinates":[-73.95430415868759,40.816373066603035]}},{"type":"Feature","properties":{"name":"Amsterdam Ave & W 136 St","station_id":"7f6674c4-5568-4766-b172-0385348ae184","mode":"CitiBike","region_id":"71","coord_source":"mapbox","mapbox_name":"Citi Bike – Amsterdam Ave & W 136 St"},"geometry":{"type":"Point","coordinates":[-73.95179361104965,40.81976395803372]}},{"type":"Feature","properties":{"name":"Amsterdam Ave & W 152 St","station_id":"85b77b8d-32b8-4049-a407-64319916e2c5","mode":"CitiBike","region_id":"71","coord_source":"mapbox","mapbox_name":"Citi Bike – Amsterdam Ave & W 152 St"},"geometry":{"type":"Point","coordinates":[-73.9442726969719,40.82951649861337]}},{"type":"Feature","properties":{"name":"Amsterdam Ave & W 156 St","station_id":"26217b73-7bb5-46e6-8094-1db05becd617","mode":"CitiBike","region_id":"71","coord_source":"mapbox","mapbox_name":"Citi Bike – Amsterdam Ave & W 156 St"},"geometry":{"type":"Point","coordinates":[-73.942401856184,40.83210611022787]}},{"type":"Feature","properties":{"name":"Amsterdam Ave & W 162 St","station_id":"bc9c9006-3d40-400d-8b5c-17f56e6dfcee","mode":"CitiBike","region_id":"71","coord_source":"mapbox","mapbox_name":"Citi Bike – Amsterdam Ave & W 162 St"},"geometry":{"type":"Point","coordinates":[-73.9397357404232,40.836188196188886]}},{"type":"Feature","properties":{"name":"Amsterdam Ave & W 167 St","station_id":"5adcaaaf-5386-441d-827c-8d65c4f4405e","mode":"CitiBike","region_id":"71","coord_source":"mapbox","mapbox_name":"Citi Bike – Amsterdam Ave & W 167 St"},"geometry":{"type":"Point","coordinates":[-73.93702670931816,40.83943095681576]}},{"type":"Feature","properties":{"name":"Amsterdam Ave & W 172 St","station_id":"3c73cc9f-3c09-4ac4-a4ea-22b4f027bf23","mode":"CitiBike","region_id":"71","coord_source":"mapbox","mapbox_name":"Citi Bike – Amsterdam Ave & W 172 St"},"geometry":{"type":"Point","coordinates":[-73.93511161208153,40.84219062814199]}},{"type":"Feature","properties":{"name":"Amsterdam Ave & W 175 St","station_id":"18a2cbb6-91f2-4393-82fb-b40a8ba90f20","mode":"CitiBike","region_id":"71","coord_source":"mapbox","mapbox_name":"Citi Bike – Amsterdam Ave & W 175 St"},"geometry":{"type":"Point","coordinates":[-73.93366053700447,40.844043195977974]}},{"type":"Feature","properties":{"name":"Amsterdam Ave & W 180 St","station_id":"ceb179f3-89c3-4c3e-8a0a-3415406a9463","mode":"CitiBike","region_id":"71","coord_source":"mapbox","mapbox_name":"Citi Bike – Amsterdam Ave & W 180 St"},"geometry":{"type":"Point","coordinates":[-73.93121033906937,40.84739310775191]}},{"type":"Feature","properties":{"name":"Amsterdam Ave & W 183 St","station_id":"6a52ceae-3b97-487a-9438-de844bfbf1c2","mode":"CitiBike","region_id":"71","coord_source":"mapbox","mapbox_name":"Citi Bike – Amsterdam Ave & W 183 St"},"geometry":{"type":"Point","coordinates":[-73.9302246272564,40.84923944342705]}},{"type":"Feature","properties":{"name":"Amsterdam Ave & W 186 St","station_id":"d45b62b9-7d6b-43b2-bf1e-2c898c55dfd2","mode":"CitiBike","region_id":"71","coord_source":"mapbox","mapbox_name":"Citi Bike – Amsterdam Ave & W 186 St"},"geometry":{"type":"Point","coordinates":[-73.92884865403175,40.851114131628435]}},{"type":"Feature","properties":{"name":"Amsterdam Ave & W 189 St","station_id":"e35494b4-5811-4d2a-87de-4430e56bce2d","mode":"CitiBike","region_id":"71","coord_source":"mapbox","mapbox_name":"Citi Bike – Amsterdam Ave & W 189 St"},"geometry":{"type":"Point","coordinates":[-73.92710655927658,40.853161214329646]}},{"type":"Feature","properties":{"name":"Amsterdam Ave & W 66 St","station_id":"66de1a8a-0aca-11e7-82f6-3863bb44ef7c","mode":"CitiBike","region_id":"71","coord_source":"mapbox","mapbox_name":"Citi Bike – Amsterdam Ave & W 66 St"},"geometry":{"type":"Point","coordinates":[-73.9847257733345,40.77464208957579]}},{"type":"Feature","properties":{"name":"Amsterdam Ave & W 73 St","station_id":"66dd4de9-0aca-11e7-82f6-3863bb44ef7c","mode":"CitiBike","region_id":"71","coord_source":"mapbox","mapbox_name":"Citi Bike – Amsterdam Ave & W 73 St"},"geometry":{"type":"Point","coordinates":[-73.9811584353447,40.77952185497716]}},{"type":"Feature","properties":{"name":"Amsterdam Ave & W 79 St","station_id":"66de1c33-0aca-11e7-82f6-3863bb44ef7c","mode":"CitiBike","region_id":"71","coord_source":"mapbox","mapbox_name":"Citi Bike – Amsterdam Ave & W 79 St"},"geometry":{"type":"Point","coordinates":[-73.97868275642395,40.782940016156545]}},{"type":"Feature","properties":{"name":"Amsterdam Ave & W 82 St","station_id":"66dd4f9b-0aca-11e7-82f6-3863bb44ef7c","mode":"CitiBike","region_id":"71","coord_source":"mapbox","mapbox_name":"Citi Bike – Amsterdam Ave & W 82 St"},"geometry":{"type":"Point","coordinates":[-73.97672206163406,40.78520346101672]}},{"type":"Feature","properties":{"name":"Andrew Ave N & Hall of Fame Tce","station_id":"fac701fb-c433-496e-933b-ea137dbe7fe1","mode":"CitiBike","region_id":"71","coord_source":"mapbox","mapbox_name":"Citi Bike – Andrew Ave N & Hall of Fame Tce"},"geometry":{"type":"Point","coordinates":[-73.91006916761398,40.858354718147524]}},{"type":"Feature","properties":{"name":"Andrews Ave S & W 179 St","station_id":"4753c893-e4bd-4d6a-bc4d-42209a19ebeb","mode":"CitiBike","region_id":"71","coord_source":"mapbox","mapbox_name":"Citi Bike – Andrews Ave S & W 179 St"},"geometry":{"type":"Point","coordinates":[-73.912772834301,40.855151429338775]}},{"type":"Feature","properties":{"name":"Anthony Ave & E 175 St","station_id":"f9ed9a6b-097e-48b9-a9d1-79d084dcd2d9","mode":"CitiBike","region_id":"71","coord_source":"mapbox","mapbox_name":"Citi Bike – Anthony Ave & E 175 St"},"geometry":{"type":"Point","coordinates":[-73.90386924147606,40.84647803660954]}},{"type":"Feature","properties":{"name":"Anthony Ave & E Tremont Ave","station_id":"4c3b6e25-b0c2-4a3f-b07e-cd60cd1b0ac0","mode":"CitiBike","region_id":"71","coord_source":"mapbox","mapbox_name":"Citi Bike – Anthony Ave & E Tremont Ave"},"geometry":{"type":"Point","coordinates":[-73.9031919836998,40.84880728375413]}},{"type":"Feature","properties":{"name":"Aqueduct Ave & North St","station_id":"dadd2084-d844-46f5-b7a4-128d31eeba8e","mode":"CitiBike","region_id":"71","coord_source":"mapbox","mapbox_name":"Citi Bike – Aqueduct Ave & North St"},"geometry":{"type":"Point","coordinates":[-73.90571996569633,40.8604867770205]}},{"type":"Feature","properties":{"name":"Aqueduct Ave & W 190 St","station_id":"16e17ca1-b2dc-47d0-8c8b-199cb4736fe7","mode":"CitiBike","region_id":"71","coord_source":"mapbox","mapbox_name":"Citi Bike – Aqueduct Ave & W 190 St"},"geometry":{"type":"Point","coordinates":[-73.90241950750351,40.8649393332619]}},{"type":"Feature","properties":{"name":"Arion Pl & Broadway","station_id":"2142879839954225698","mode":"CitiBike","region_id":"71","coord_source":"mapbox","mapbox_name":"Citi Bike – Arion Pl & Broadway"},"geometry":{"type":"Point","coordinates":[-73.93659085035324,40.69793855930678]}},{"type":"Feature","properties":{"name":"Arlington Ave & Bramhall Ave","station_id":"2108372562172578194","mode":"CitiBike","region_id":"70","coord_source":"mapbox","mapbox_name":"Citi Bike – Arlington Ave & Bramhall Ave"},"geometry":{"type":"Point","coordinates":[-74.07066643238068,40.71325747040811]}},{"type":"Feature","properties":{"name":"Arlington Ave & Wilkinson Ave","station_id":"2108373961268485100","mode":"CitiBike","region_id":"70","coord_source":"mapbox","mapbox_name":"Citi Bike – Arlington Ave & Wilkinson Ave"},"geometry":{"type":"Point","coordinates":[-74.07720699906349,40.704501478852194]}},{"type":"Feature","properties":{"name":"Arthur Ave & E 183 St","station_id":"1862008701134683118","mode":"CitiBike","region_id":"71","coord_source":"mapbox","mapbox_name":"Citi Bike – Arthur Ave & E 183 St"},"geometry":{"type":"Point","coordinates":[-73.88950869441032,40.85308006260195]}},{"type":"Feature","properties":{"name":"Arthur Ave & E Tremont Ave","station_id":"1876800925490112950","mode":"CitiBike","region_id":"71","coord_source":"mapbox","mapbox_name":"Citi Bike – Arthur Ave & E Tremont Ave"},"geometry":{"type":"Point","coordinates":[-73.89320477843285,40.846179773440184]}},{"type":"Feature","properties":{"name":"Ashland Pl & Dekalb Ave","station_id":"1ecc9936-ee0c-44b2-baa8-237564c8e4fd","mode":"CitiBike","region_id":"71","coord_source":"mapbox","mapbox_name":"Citi Bike – Ashland Pl & Dekalb Ave"},"geometry":{"type":"Point","coordinates":[-73.97876054048538,40.690057117869344]}},{"type":"Feature","properties":{"name":"Astor Place","station_id":"66ddded0-0aca-11e7-82f6-3863bb44ef7c","mode":"CitiBike","region_id":"70","coord_source":"mapbox","mapbox_name":"Citi Bike – Astor Place"},"geometry":{"type":"Point","coordinates":[-74.07126322388649,40.71928423359299]}},{"type":"Feature","properties":{"name":"Astoria Park S & Shore Blvd","station_id":"fc774664-3c9b-4a8f-a79e-f6907db00a1d","mode":"CitiBike","region_id":"71","coord_source":"mapbox","mapbox_name":"Citi Bike – Astoria Park S & Shore Blvd"},"geometry":{"type":"Point","coordinates":[-73.92759874463081,40.77667731522257]}},{"type":"Feature","properties":{"name":"Atlantic Ave & Fort Greene Pl","station_id":"66db281e-0aca-11e7-82f6-3863bb44ef7c","mode":"CitiBike","region_id":"71","coord_source":"mapbox","mapbox_name":"Citi Bike – Atlantic Ave & Fort Greene Pl"},"geometry":{"type":"Point","coordinates":[-73.97678509354591,40.68393821510776]}},{"type":"Feature","properties":{"name":"Atlantic Ave & Furman St","station_id":"66dbef15-0aca-11e7-82f6-3863bb44ef7c","mode":"CitiBike","region_id":"71","coord_source":"mapbox","mapbox_name":"Citi Bike – Atlantic Ave & Furman St"},"geometry":{"type":"Point","coordinates":[-74.00012701749802,40.69170242415774]}},{"type":"Feature","properties":{"name":"Audubon Ave & Fort George Ave","station_id":"c0df5c09-2c07-4689-9fe8-36ed81301d7d","mode":"CitiBike","region_id":"71","coord_source":"mapbox","mapbox_name":"Citi Bike – Audubon Ave & Fort George Ave"},"geometry":{"type":"Point","coordinates":[-73.92718032002449,40.857181143614895]}},{"type":"Feature","properties":{"name":"Audubon Ave & W 179 St","station_id":"08b9c491-a589-4e75-996c-2455c26fb356","mode":"CitiBike","region_id":"71","coord_source":"mapbox","mapbox_name":"Citi Bike – Audubon Ave & W 179 St"},"geometry":{"type":"Point","coordinates":[-73.93329843878746,40.84730991998836]}},{"type":"Feature","properties":{"name":"Audubon Ave & W 192 St","station_id":"c9cd8c29-7f0b-4979-9a0e-bec4613d2600","mode":"CitiBike","region_id":"71","coord_source":"mapbox","mapbox_name":"Citi Bike – Audubon Ave & W 192 St"},"geometry":{"type":"Point","coordinates":[-73.92704755067825,40.85586858186721]}},{"type":"Feature","properties":{"name":"Austin St & 63 Dr","station_id":"2206775039911987038","mode":"CitiBike","region_id":"71","coord_source":"mapbox","mapbox_name":"Citi Bike – 63 Dr & Austin St"},"geometry":{"type":"Point","coordinates":[-73.86415645480156,40.72715510259616]}},{"type":"Feature","properties":{"name":"Austin St & 66 Ave","station_id":"2206776530802483646","mode":"CitiBike","region_id":"71","coord_source":"mapbox","mapbox_name":"Citi Bike – Austin St & 66 Ave"},"geometry":{"type":"Point","coordinates":[-73.85786935687065,40.72500249613407]}},{"type":"Feature","properties":{"name":"Austin St & 70 Rd","station_id":"2206780234736615936","mode":"CitiBike","region_id":"71","coord_source":"mapbox","mapbox_name":"Citi Bike – Austin St & 70 Rd"},"geometry":{"type":"Point","coordinates":[-73.84575113654137,40.72046736270005]}},{"type":"Feature","properties":{"name":"Austin St & 76 Ave","station_id":"2206781040135081610","mode":"CitiBike","region_id":"71","coord_source":"mapbox","mapbox_name":"Citi Bike – Austin St & 76 Ave"},"geometry":{"type":"Point","coordinates":[-73.83735045790672,40.71613318579881]}},{"type":"Feature","properties":{"name":"Ave A & E 11 St","station_id":"ca4795a2-6ab3-4597-bf59-f0155ac1637c","mode":"CitiBike","region_id":"71","coord_source":"mapbox","mapbox_name":"Citi Bike – Ave A & E 11 St"},"geometry":{"type":"Point","coordinates":[-73.98163184523582,40.72880152513346]}},{"type":"Feature","properties":{"name":"Ave A & E 14 St","station_id":"cc7b86cf-a2fb-4738-b967-de7b197dc930","mode":"CitiBike","region_id":"71","coord_source":"mapbox","mapbox_name":"Citi Bike – Ave A & E 14 St"},"geometry":{"type":"Point","coordinates":[-73.98072123527527,40.73003834786229]}},{"type":"Feature","properties":{"name":"Ave C & E 16 St","station_id":"0dc63044-e19c-474d-9df1-c3e504d03b07","mode":"CitiBike","region_id":"71","coord_source":"mapbox","mapbox_name":"Citi Bike – Ave C & E 16 St"},"geometry":{"type":"Point","coordinates":[-73.97399827837944,40.73060644525654]}},{"type":"Feature","properties":{"name":"Ave C & McDonald Ave","station_id":"2137775326353803668","mode":"CitiBike","region_id":"71","coord_source":"mapbox","mapbox_name":"Citi Bike – Ave C & McDonald Ave"},"geometry":{"type":"Point","coordinates":[-73.97914543747902,40.64038595844903]}},{"type":"Feature","properties":{"name":"Ave D & E 10 St","station_id":"a0eec052-257a-4c79-8171-6e2ad9864ad0","mode":"CitiBike","region_id":"71","coord_source":"mapbox","mapbox_name":"Citi Bike – Ave D & E 10 St"},"geometry":{"type":"Point","coordinates":[-73.97516369819641,40.7251000662053]}},{"type":"Feature","properties":{"name":"Ave D & E 12 St","station_id":"66db9c2e-0aca-11e7-82f6-3863bb44ef7c","mode":"CitiBike","region_id":"71","coord_source":"mapbox","mapbox_name":"Citi Bike – Ave D & E 12 St"},"geometry":{"type":"Point","coordinates":[-73.9742249250412,40.72580642860078]}},{"type":"Feature","properties":{"name":"Ave D & E 3 St","station_id":"66db6cd4-0aca-11e7-82f6-3863bb44ef7c","mode":"CitiBike","region_id":"71","coord_source":"mapbox","mapbox_name":"Citi Bike – Ave D & E 3 St"},"geometry":{"type":"Point","coordinates":[-73.97793173789978,40.72082819256431]}},{"type":"Feature","properties":{"name":"Ave D & E 8 St","station_id":"66db46d7-0aca-11e7-82f6-3863bb44ef7c","mode":"CitiBike","region_id":"71","coord_source":"mapbox","mapbox_name":"Citi Bike – Ave D & E 8 St"},"geometry":{"type":"Point","coordinates":[-73.97574841976166,40.72368325342026]}},{"type":"Feature","properties":{"name":"Bailey Ave & Sedgwick Ave","station_id":"754ac5df-f2b5-4636-8c58-ed84ea262bde","mode":"CitiBike","region_id":"71","coord_source":"mapbox","mapbox_name":"Citi Bike – Bailey Ave & Sedgwick Ave"},"geometry":{"type":"Point","coordinates":[-73.90854567289352,40.86572331729599]}},{"type":"Feature","properties":{"name":"Bailey Ave & W 229 St","station_id":"1862788202397235246","mode":"CitiBike","region_id":"71","coord_source":"mapbox","mapbox_name":"Citi Bike – Bailey Ave & W 229 St"},"geometry":{"type":"Point","coordinates":[-73.90467256307602,40.87449863967518]}},{"type":"Feature","properties":{"name":"Bailey Ave & W 234 St","station_id":"1861682960046954694","mode":"CitiBike","region_id":"71","coord_source":"mapbox","mapbox_name":"Citi Bike – Bailey Ave & W 234 St"},"geometry":{"type":"Point","coordinates":[-73.90074849128723,40.88067808901832]}},{"type":"Feature","properties":{"name":"Bailey Ave & W 238 St","station_id":"2144768975813378884","mode":"CitiBike","region_id":"71","coord_source":"mapbox","mapbox_name":"Citi Bike – Bailey Ave & W 238 St"},"geometry":{"type":"Point","coordinates":[-73.89823123812675,40.88396936857694]}},{"type":"Feature","properties":{"name":"Bainbridge Ave & Bedford Park Blvd","station_id":"84b30f68-5404-453a-ae86-a2baff03a2c9","mode":"CitiBike","region_id":"71","coord_source":"mapbox","mapbox_name":"Citi Bike – Bainbridge Ave & Bedford Park Blvd"},"geometry":{"type":"Point","coordinates":[-73.88564631342888,40.8700345565164]}},{"type":"Feature","properties":{"name":"Bainbridge Ave & E 193 St","station_id":"1950648049868542106","mode":"CitiBike","region_id":"71","coord_source":"mapbox","mapbox_name":"Citi Bike – Bainbridge Ave & E 193 St"},"geometry":{"type":"Point","coordinates":[-73.89244437217712,40.86414418344202]}},{"type":"Feature","properties":{"name":"Bainbridge Ave & E 196 St","station_id":"f4f9a09c-010c-430c-a766-3390c44b4962","mode":"CitiBike","region_id":"71","coord_source":"mapbox","mapbox_name":"Citi Bike – Bainbridge Ave & E 196 St"},"geometry":{"type":"Point","coordinates":[-73.89041930437088,40.8665093204323]}},{"type":"Feature","properties":{"name":"Bainbridge Ave & E 198 St","station_id":"d9ea5210-50b3-4342-9801-f896bd21f4a1","mode":"CitiBike","region_id":"71","coord_source":"mapbox","mapbox_name":"Citi Bike – Bainbridge Ave & E 198 St"},"geometry":{"type":"Point","coordinates":[-73.88845190405846,40.86848899279806]}},{"type":"Feature","properties":{"name":"Bainbridge Ave & E 206 St","station_id":"2171903221356328154","mode":"CitiBike","region_id":"71","coord_source":"mapbox","mapbox_name":"Citi Bike – Bainbridge Ave & E 206 St"},"geometry":{"type":"Point","coordinates":[-73.87938067317009,40.87507969878277]}},{"type":"Feature","properties":{"name":"Bainbridge Ave & E 211 St","station_id":"2171904090179944948","mode":"CitiBike","region_id":"71","coord_source":"mapbox","mapbox_name":"Citi Bike – Bainbridge Ave & E 211 St"},"geometry":{"type":"Point","coordinates":[-73.87808248400688,40.88204491260038]}},{"type":"Feature","properties":{"name":"Baldwin at Montgomery","station_id":"66dd9183-0aca-11e7-82f6-3863bb44ef7c","mode":"CitiBike","region_id":"70","coord_source":"mapbox","mapbox_name":"Citi Bike – Baldwin at Montgomery"},"geometry":{"type":"Point","coordinates":[-74.06419292092323,40.72366089314889]}},{"type":"Feature","properties":{"name":"Bank St & Hudson St","station_id":"66dbbc4a-0aca-11e7-82f6-3863bb44ef7c","mode":"CitiBike","region_id":"71","coord_source":"mapbox","mapbox_name":"Citi Bike – Bank St & Hudson St"},"geometry":{"type":"Point","coordinates":[-74.00618026,40.73652889]}},{"type":"Feature","properties":{"name":"Bank St & Washington St","station_id":"66db3cab-0aca-11e7-82f6-3863bb44ef7c","mode":"CitiBike","region_id":"71","coord_source":"mapbox","mapbox_name":"Citi Bike – Bank St & Washington St"},"geometry":{"type":"Point","coordinates":[-74.00859206914902,40.73619671206271]}},{"type":"Feature","properties":{"name":"Banker St & Meserole Ave","station_id":"66dd1d0f-0aca-11e7-82f6-3863bb44ef7c","mode":"CitiBike","region_id":"71","coord_source":"mapbox","mapbox_name":"Citi Bike – Banker St & Meserole Ave"},"geometry":{"type":"Point","coordinates":[-73.95620986819267,40.72605949762044]}},{"type":"Feature","properties":{"name":"Barclay St & Church St","station_id":"66dbf73d-0aca-11e7-82f6-3863bb44ef7c","mode":"CitiBike","region_id":"71","coord_source":"mapbox","mapbox_name":"Citi Bike – Barclay St & Church St"},"geometry":{"type":"Point","coordinates":[-74.01011556386948,40.71288033485746]}},{"type":"Feature","properties":{"name":"Barrow St & Hudson St","station_id":"66db2a71-0aca-11e7-82f6-3863bb44ef7c","mode":"CitiBike","region_id":"71","coord_source":"mapbox","mapbox_name":"Citi Bike – Barrow St & Hudson St"},"geometry":{"type":"Point","coordinates":[-74.0068057179451,40.73174160924185]}},{"type":"Feature","properties":{"name":"Barry St & Tiffany St","station_id":"1f088432-0460-421e-a1d9-36890fa5396d","mode":"CitiBike","region_id":"71","coord_source":"mapbox","mapbox_name":"Citi Bike – Barry St & Tiffany St"},"geometry":{"type":"Point","coordinates":[-73.89157131314278,40.81612846102746]}},{"type":"Feature","properties":{"name":"Bay Ridge Pkwy & 5 Ave","station_id":"2123938400844950144","mode":"CitiBike","region_id":"71","coord_source":"mapbox","mapbox_name":"Citi Bike – Bay Ridge Pkwy & 5 Ave"},"geometry":{"type":"Point","coordinates":[-74.02277693152428,40.62968250969976]}},{"type":"Feature","properties":{"name":"Bayard St & Baxter St","station_id":"66dbc745-0aca-11e7-82f6-3863bb44ef7c","mode":"CitiBike","region_id":"71","coord_source":"mapbox","mapbox_name":"Citi Bike – Bayard St & Baxter St"},"geometry":{"type":"Point","coordinates":[-73.99992048740387,40.71610065807607]}},{"type":"Feature","properties":{"name":"Bayard St & Leonard St","station_id":"66dea4bf-0aca-11e7-82f6-3863bb44ef7c","mode":"CitiBike","region_id":"71","coord_source":"mapbox","mapbox_name":"Citi Bike – Bayard St & Leonard St"},"geometry":{"type":"Point","coordinates":[-73.94914224743843,40.71914091497942]}},{"type":"Feature","properties":{"name":"Beaver St & Fayette St","station_id":"29b21bd8-2459-4727-b1f0-d73592db3321","mode":"CitiBike","region_id":"71","coord_source":"mapbox","mapbox_name":"Citi Bike – Beaver St & Fayette St"},"geometry":{"type":"Point","coordinates":[-73.93921539187431,40.7009857458238]}},{"type":"Feature","properties":{"name":"Beck St & Leggett Ave","station_id":"c0a3b8fe-ba64-4cbb-b010-f760998d6c3a","mode":"CitiBike","region_id":"71","coord_source":"mapbox","mapbox_name":"Citi Bike – Beck St & Leggett Ave"},"geometry":{"type":"Point","coordinates":[-73.89989823102951,40.81510537067078]}},{"type":"Feature","properties":{"name":"Bedford Ave & Albemarle Rd","station_id":"1817432346178415570","mode":"CitiBike","region_id":"71","coord_source":"mapbox","mapbox_name":"Citi Bike – Bedford Ave & Albemarle Rd"},"geometry":{"type":"Point","coordinates":[-73.95559564232826,40.6479547857615]}},{"type":"Feature","properties":{"name":"Bedford Ave & Bergen St","station_id":"a2f71eea-05a2-4fe7-99ab-f74535c880ae","mode":"CitiBike","region_id":"71","coord_source":"mapbox","mapbox_name":"Citi Bike – Bedford Ave & Bergen St"},"geometry":{"type":"Point","coordinates":[-73.95290270447731,40.6764426326977]}},{"type":"Feature","properties":{"name":"Bedford Ave & Beverley Rd","station_id":"1820420224296772166","mode":"CitiBike","region_id":"71","coord_source":"mapbox","mapbox_name":"Citi Bike – Bedford Ave & Beverley Rd"},"geometry":{"type":"Point","coordinates":[-73.95486876368523,40.64492349103952]}},{"type":"Feature","properties":{"name":"Bedford Ave & Fenimore St","station_id":"3c135a2e-eeea-4e81-9c0a-8d14a6049198","mode":"CitiBike","region_id":"71","coord_source":"mapbox","mapbox_name":"Citi Bike – Bedford Ave & Fenimore St"},"geometry":{"type":"Point","coordinates":[-73.95671144127846,40.6581567926292]}},{"type":"Feature","properties":{"name":"Bedford Ave & Maple St","station_id":"cad68b8c-6d68-4c5f-88fe-b1aa3e40727a","mode":"CitiBike","region_id":"71","coord_source":"mapbox","mapbox_name":"Citi Bike – Bedford Ave & Maple St"},"geometry":{"type":"Point","coordinates":[-73.95679593086243,40.660356322796616]}},{"type":"Feature","properties":{"name":"Bedford Ave & Montgomery St","station_id":"2f580cf9-14e2-4300-ba22-f6d88d0312a5","mode":"CitiBike","region_id":"71","coord_source":"mapbox","mapbox_name":"Citi Bike – Bedford Ave & Montgomery St"},"geometry":{"type":"Point","coordinates":[-73.95690724253654,40.66583346849137]}},{"type":"Feature","properties":{"name":"Bedford Ave & Nassau Ave","station_id":"66dd1bf3-0aca-11e7-82f6-3863bb44ef7c","mode":"CitiBike","region_id":"71","coord_source":"mapbox","mapbox_name":"Citi Bike – Bedford Ave & Nassau Ave"},"geometry":{"type":"Point","coordinates":[-73.95197466015816,40.72323604656577]}},{"type":"Feature","properties":{"name":"Bedford Ave & S 9 St","station_id":"66dc192f-0aca-11e7-82f6-3863bb44ef7c","mode":"CitiBike","region_id":"71","coord_source":"mapbox","mapbox_name":"Citi Bike – Bedford Ave & S 9 St"},"geometry":{"type":"Point","coordinates":[-73.96409019827843,40.70853041489946]}},{"type":"Feature","properties":{"name":"Bedford Park Blvd & Paul Ave","station_id":"c8c39d85-4ce7-46c5-b709-998067200780","mode":"CitiBike","region_id":"71","coord_source":"mapbox","mapbox_name":"Citi Bike – Bedford Park Blvd & Paul Ave"},"geometry":{"type":"Point","coordinates":[-73.89185696840286,40.87446517538277]}},{"type":"Feature","properties":{"name":"Benham St & Roosevelt Ave","station_id":"1851254360969534132","mode":"CitiBike","region_id":"71","coord_source":"mapbox","mapbox_name":"Citi Bike – Benham St & Roosevelt Ave"},"geometry":{"type":"Point","coordinates":[-73.8750971853733,40.74841724263976]}},{"type":"Feature","properties":{"name":"Bergen Ave","station_id":"e2c00264-9eea-446d-a1b7-27cef3aed403","mode":"CitiBike","region_id":"70","coord_source":"mapbox","mapbox_name":"Citi Bike – Bergen Ave"},"geometry":{"type":"Point","coordinates":[-74.07144159078598,40.722112934284695]}},{"type":"Feature","properties":{"name":"Bergen Ave & E 152 St","station_id":"062f0ac2-b3b6-4c15-b470-92ce9b592635","mode":"CitiBike","region_id":"71","coord_source":"mapbox","mapbox_name":"Citi Bike – Bergen Ave & E 152 St"},"geometry":{"type":"Point","coordinates":[-73.91475096344948,40.81717183454552]}},{"type":"Feature","properties":{"name":"Bergen Ave & Sip Ave","station_id":"581211b2-4e42-48f2-8a8f-5f968cb1c5df","mode":"CitiBike","region_id":"70","coord_source":"mapbox","mapbox_name":"Citi Bike – Bergen Ave & Sip Ave"},"geometry":{"type":"Point","coordinates":[-74.0644745528698,40.731047505005165]}},{"type":"Feature","properties":{"name":"Bergen Ave & Stegman St","station_id":"33a797e8-6be2-4868-b9f6-1be157eaa0a5","mode":"CitiBike","region_id":"70","coord_source":"mapbox","mapbox_name":"Citi Bike – Bergen Ave & Stegman St"},"geometry":{"type":"Point","coordinates":[-74.08668324351311,40.706584600366966]}},{"type":"Feature","properties":{"name":"Bergen St & 4 Ave","station_id":"01f01352-50d4-484e-a611-576b18ac373a","mode":"CitiBike","region_id":"71","coord_source":"mapbox","mapbox_name":"Citi Bike – Bergen St & 4 Ave"},"geometry":{"type":"Point","coordinates":[-73.97992864251137,40.68257951264707]}},{"type":"Feature","properties":{"name":"Bergen St & Buffalo Ave","station_id":"e9575102-1081-4c30-8d15-ea95913579e2","mode":"CitiBike","region_id":"71","coord_source":"mapbox","mapbox_name":"Citi Bike – Bergen St & Buffalo Ave"},"geometry":{"type":"Point","coordinates":[-73.92517536878586,40.67470540863309]}},{"type":"Feature","properties":{"name":"Bergen St & Flatbush Ave","station_id":"66de5a47-0aca-11e7-82f6-3863bb44ef7c","mode":"CitiBike","region_id":"71","coord_source":"mapbox","mapbox_name":"Citi Bike – Bergen St & Flatbush Ave"},"geometry":{"type":"Point","coordinates":[-73.97575914859772,40.68096652601511]}},{"type":"Feature","properties":{"name":"Bergen St & Kingston Ave","station_id":"00d94dfc-3695-47e1-aba6-7f319dd2eb08","mode":"CitiBike","region_id":"71","coord_source":"mapbox","mapbox_name":"Citi Bike – Bergen St & Kingston Ave"},"geometry":{"type":"Point","coordinates":[-73.94149124622345,40.67559233430322]}},{"type":"Feature","properties":{"name":"Bergen St & Mother Gaston Blvd","station_id":"026fd07d-d810-45dc-9237-a3d84dce4fa9","mode":"CitiBike","region_id":"71","coord_source":"mapbox","mapbox_name":"Citi Bike – Bergen St & Mother Gaston Blvd"},"geometry":{"type":"Point","coordinates":[-73.90857249498367,40.673811351205586]}},{"type":"Feature","properties":{"name":"Bergen St & Saratoga Ave","station_id":"af72ab76-c6cb-4994-af96-51fa8846ecdc","mode":"CitiBike","region_id":"71","coord_source":"mapbox","mapbox_name":"Citi Bike – Bergen St & Saratoga Ave"},"geometry":{"type":"Point","coordinates":[-73.91655206680298,40.67423753024602]}},{"type":"Feature","properties":{"name":"Bergen St & Smith St","station_id":"66de542a-0aca-11e7-82f6-3863bb44ef7c","mode":"CitiBike","region_id":"71","coord_source":"mapbox","mapbox_name":"Citi Bike – Bergen St & Smith St"},"geometry":{"type":"Point","coordinates":[-73.99065345525742,40.68675519708344]}},{"type":"Feature","properties":{"name":"Bergen St & Troy Ave","station_id":"3893eeef-06a8-47b1-95f2-a85454f7d5c9","mode":"CitiBike","region_id":"71","coord_source":"mapbox","mapbox_name":"Citi Bike – Bergen St & Troy Ave"},"geometry":{"type":"Point","coordinates":[-73.93594175577164,40.67523736202796]}},{"type":"Feature","properties":{"name":"Bergen St & Vanderbilt Ave","station_id":"8caf71df-76c3-43fb-be98-d555d2291460","mode":"CitiBike","region_id":"71","coord_source":"mapbox","mapbox_name":"Citi Bike – Bergen St & Vanderbilt Ave"},"geometry":{"type":"Point","coordinates":[-73.96796330809593,40.67942774513807]}},{"type":"Feature","properties":{"name":"Berkeley Pl & 6 Ave","station_id":"66de110b-0aca-11e7-82f6-3863bb44ef7c","mode":"CitiBike","region_id":"71","coord_source":"mapbox","mapbox_name":"Citi Bike – Berkeley Pl & 6 Ave"},"geometry":{"type":"Point","coordinates":[-73.97846281528473,40.676536205542874]}},{"type":"Feature","properties":{"name":"Berkeley Pl & 7 Ave","station_id":"66de1448-0aca-11e7-82f6-3863bb44ef7c","mode":"CitiBike","region_id":"71","coord_source":"mapbox","mapbox_name":"Citi Bike – Berkeley Pl & 7 Ave"},"geometry":{"type":"Point","coordinates":[-73.97521734237671,40.67514175312647]}},{"type":"Feature","properties":{"name":"Beverley Rd & E 49 St","station_id":"1817433126359581672","mode":"CitiBike","region_id":"71","coord_source":"mapbox","mapbox_name":"Citi Bike – Beverley Rd & E 49 St"},"geometry":{"type":"Point","coordinates":[-73.93067121505737,40.64621681959204]}},{"type":"Feature","properties":{"name":"Beverley Rd & Flatbush Ave","station_id":"1814907062275537820","mode":"CitiBike","region_id":"71","coord_source":"mapbox","mapbox_name":"Citi Bike – Beverley Rd & Flatbush Ave"},"geometry":{"type":"Point","coordinates":[-73.95818933844566,40.644994721430976]}},{"type":"Feature","properties":{"name":"Beverley Rd & Nostrand Ave","station_id":"1822663143025657920","mode":"CitiBike","region_id":"71","coord_source":"mapbox","mapbox_name":"Citi Bike – Beverley Rd & Nostrand Ave"},"geometry":{"type":"Point","coordinates":[-73.94878551363945,40.64509342627636]}},{"type":"Feature","properties":{"name":"Bialystoker Pl & Delancey St","station_id":"66dbc7d2-0aca-11e7-82f6-3863bb44ef7c","mode":"CitiBike","region_id":"71","coord_source":"mapbox","mapbox_name":"Citi Bike – Bialystoker Pl & Delancey St"},"geometry":{"type":"Point","coordinates":[-73.98261206,40.71622644]}},{"type":"Feature","properties":{"name":"Blake Ave & Herzl St","station_id":"2235290764033174460","mode":"CitiBike","region_id":"71","coord_source":"gbfs"},"geometry":{"type":"Point","coordinates":[-73.91431,40.66505]}},{"type":"Feature","properties":{"name":"Bleecker St & Crosby St","station_id":"412c1416-d15b-4e6a-9691-da4c3cc0d0d2","mode":"CitiBike","region_id":"71","coord_source":"mapbox","mapbox_name":"Citi Bike – Bleecker St & Crosby St"},"geometry":{"type":"Point","coordinates":[-73.9950643479824,40.72619263796335]}},{"type":"Feature","properties":{"name":"Bleecker St & Forest Ave","station_id":"9a37d8a1-990b-484c-9603-262dbd1165cc","mode":"CitiBike","region_id":"71","coord_source":"mapbox","mapbox_name":"Citi Bike – Bleecker St & Forest Ave"},"geometry":{"type":"Point","coordinates":[-73.90526935458183,40.71070998498175]}},{"type":"Feature","properties":{"name":"Bloomfield St & 15 St","station_id":"d09709d2-e119-48c4-aa22-29432a13a35a","mode":"CitiBike","region_id":"311","coord_source":"mapbox","mapbox_name":"Citi Bike – Bloomfield St & 15 St"},"geometry":{"type":"Point","coordinates":[-74.02659505605698,40.754537332923405]}},{"type":"Feature","properties":{"name":"Boerum St & Broadway","station_id":"66dce5c9-0aca-11e7-82f6-3863bb44ef7c","mode":"CitiBike","region_id":"71","coord_source":"mapbox","mapbox_name":"Citi Bike – Boerum St & Broadway"},"geometry":{"type":"Point","coordinates":[-73.94976451992989,40.7053808914408]}},{"type":"Feature","properties":{"name":"Bond St & Bergen St","station_id":"66de56e5-0aca-11e7-82f6-3863bb44ef7c","mode":"CitiBike","region_id":"71","coord_source":"mapbox","mapbox_name":"Citi Bike – Bond St & Bergen St"},"geometry":{"type":"Point","coordinates":[-73.98620903491974,40.68497451221273]}},{"type":"Feature","properties":{"name":"Bond St & Fulton St","station_id":"66dd9dba-0aca-11e7-82f6-3863bb44ef7c","mode":"CitiBike","region_id":"71","coord_source":"mapbox","mapbox_name":"Citi Bike – Bond St & Fulton St"},"geometry":{"type":"Point","coordinates":[-73.98310169577599,40.689545620677336]}},{"type":"Feature","properties":{"name":"Boone Ave & E 172 St","station_id":"82dd89f6-1e5a-4a8f-8660-13cb64349e94","mode":"CitiBike","region_id":"71","coord_source":"mapbox","mapbox_name":"Citi Bike – Boone Ave & E 172 St"},"geometry":{"type":"Point","coordinates":[-73.88526812195778,40.8326875412516]}},{"type":"Feature","properties":{"name":"Booth St & 68 Dr","station_id":"2206778340656038370","mode":"CitiBike","region_id":"71","coord_source":"mapbox","mapbox_name":"Citi Bike – Booth St & 68 Dr"},"geometry":{"type":"Point","coordinates":[-73.85102435946465,40.723926166793206]}},{"type":"Feature","properties":{"name":"Borden Ave & 25 St","station_id":"1899178885660253096","mode":"CitiBike","region_id":"71","coord_source":"mapbox","mapbox_name":"Citi Bike – Borden Ave & 25 St"},"geometry":{"type":"Point","coordinates":[-73.94515782594681,40.73959677913035]}},{"type":"Feature","properties":{"name":"Borden Ave & Review Ave","station_id":"6d766daf-9298-4059-a329-1818582d495f","mode":"CitiBike","region_id":"71","coord_source":"mapbox","mapbox_name":"Citi Bike – Borden Ave & Review Ave"},"geometry":{"type":"Point","coordinates":[-73.94091725349426,40.738650752814294]}},{"type":"Feature","properties":{"name":"Boston Rd & E 167 St","station_id":"0197e9da-ae03-40a7-8270-fe500bfc9e18","mode":"CitiBike","region_id":"71","coord_source":"mapbox","mapbox_name":"Citi Bike – Boston Rd & E 167 St"},"geometry":{"type":"Point","coordinates":[-73.90370562672615,40.82820541843361]}},{"type":"Feature","properties":{"name":"Boston Rd & E 178 St","station_id":"1860188069348460678","mode":"CitiBike","region_id":"71","coord_source":"mapbox","mapbox_name":"Citi Bike – Boston Rd & E 178 St"},"geometry":{"type":"Point","coordinates":[-73.8792210817337,40.84095690692695]}},{"type":"Feature","properties":{"name":"Boston Rd & Prospect Ave","station_id":"6fab98b7-b06a-49d8-a4d1-087ffce0ebcf","mode":"CitiBike","region_id":"71","coord_source":"mapbox","mapbox_name":"Citi Bike – Boston Rd & Prospect Ave"},"geometry":{"type":"Point","coordinates":[-73.89659643173218,40.8332720112779]}},{"type":"Feature","properties":{"name":"Boston Rd & West Farms Rd","station_id":"1862787688044743624","mode":"CitiBike","region_id":"71","coord_source":"mapbox","mapbox_name":"Citi Bike – Boston Rd & West Farms Rd"},"geometry":{"type":"Point","coordinates":[-73.88060107827187,40.8399818856752]}},{"type":"Feature","properties":{"name":"Botanical Sq & Webster Ave","station_id":"9459fca8-b044-4ed1-8f2c-c5db11ba868f","mode":"CitiBike","region_id":"71","coord_source":"mapbox","mapbox_name":"Citi Bike – Botanical Sq & Webster Ave"},"geometry":{"type":"Point","coordinates":[-73.88153851032257,40.86835715170341]}},{"type":"Feature","properties":{"name":"Bradhurst Ave & W 148 St","station_id":"c229f0ca-bdd1-4aa0-8906-a3e809e12889","mode":"CitiBike","region_id":"71","coord_source":"mapbox","mapbox_name":"Citi Bike – Bradhurst Ave & W 148 St"},"geometry":{"type":"Point","coordinates":[-73.94161865115166,40.82511940681337]}},{"type":"Feature","properties":{"name":"Bradley Ave & Greenpoint Ave","station_id":"57f144cb-375d-4eee-b458-e288116cb8f7","mode":"CitiBike","region_id":"71","coord_source":"mapbox","mapbox_name":"Citi Bike – Bradley Ave & Greenpoint Ave"},"geometry":{"type":"Point","coordinates":[-73.93478572368622,40.73568455300989]}},{"type":"Feature","properties":{"name":"Brevoort Pl & Bedford Ave","station_id":"8f9ce302-2a6d-443c-8fe0-625b20021ea2","mode":"CitiBike","region_id":"71","coord_source":"mapbox","mapbox_name":"Citi Bike – Brevoort Pl & Bedford Ave"},"geometry":{"type":"Point","coordinates":[-73.95363628864288,40.68012137052543]}},{"type":"Feature","properties":{"name":"Bridge St & Front St","station_id":"c71cca54-17f6-42bc-ba94-3f5bd9c70197","mode":"CitiBike","region_id":"71","coord_source":"mapbox","mapbox_name":"Citi Bike – Bridge St & Front St"},"geometry":{"type":"Point","coordinates":[-73.98471102118492,40.70297747508863]}},{"type":"Feature","properties":{"name":"Bridge St & York St","station_id":"c38e2cfc-04e6-419c-8bf8-d8713ccf6ea7","mode":"CitiBike","region_id":"71","coord_source":"mapbox","mapbox_name":"Citi Bike – Bridge St & York St"},"geometry":{"type":"Point","coordinates":[-73.98471370339394,40.701325330216235]}},{"type":"Feature","properties":{"name":"Bristol St & Pitkin Ave","station_id":"2235290353203716934","mode":"CitiBike","region_id":"71","coord_source":"gbfs"},"geometry":{"type":"Point","coordinates":[-73.91262,40.66925]}},{"type":"Feature","properties":{"name":"Broad St & Bridge St","station_id":"66db447a-0aca-11e7-82f6-3863bb44ef7c","mode":"CitiBike","region_id":"71","coord_source":"mapbox","mapbox_name":"Citi Bike – Broad St & Bridge St"},"geometry":{"type":"Point","coordinates":[-74.01167124509811,40.70367898882432]}},{"type":"Feature","properties":{"name":"Broadway & 12 St","station_id":"9bd28b11-cf11-4938-abb2-dfa5ec800e32","mode":"CitiBike","region_id":"71","coord_source":"mapbox","mapbox_name":"Citi Bike – Broadway & 12 St"},"geometry":{"type":"Point","coordinates":[-73.93470257520676,40.766758556310236]}},{"type":"Feature","properties":{"name":"Broadway & 31 St","station_id":"2111353842893366258","mode":"CitiBike","region_id":"71","coord_source":"gbfs"},"geometry":{"type":"Point","coordinates":[-73.92513,40.76194]}},{"type":"Feature","properties":{"name":"Broadway & 49 St","station_id":"c56739c2-b310-4d73-ab0e-b6036abd9561","mode":"CitiBike","region_id":"71","coord_source":"mapbox","mapbox_name":"Citi Bike – Broadway & 49 St"},"geometry":{"type":"Point","coordinates":[-73.9115135371685,40.755370369383286]}},{"type":"Feature","properties":{"name":"Broadway & 51 St","station_id":"05b9e7cd-f3a2-4d48-b7c4-f5fbe09d9de3","mode":"CitiBike","region_id":"71","coord_source":"mapbox","mapbox_name":"Citi Bike – Broadway & 51 St"},"geometry":{"type":"Point","coordinates":[-73.908901065588,40.75415738355983]}},{"type":"Feature","properties":{"name":"Broadway & Battery Pl","station_id":"66db6da2-0aca-11e7-82f6-3863bb44ef7c","mode":"CitiBike","region_id":"71","coord_source":"mapbox","mapbox_name":"Citi Bike – Broadway & Battery Pl"},"geometry":{"type":"Point","coordinates":[-74.01363730430603,40.704638728980456]}},{"type":"Feature","properties":{"name":"Broadway & Berry St","station_id":"18415ea7-efce-408d-bcb9-4693fb088dda","mode":"CitiBike","region_id":"71","coord_source":"mapbox","mapbox_name":"Citi Bike – Broadway & Berry St"},"geometry":{"type":"Point","coordinates":[-73.96532937884331,40.710385697122376]}},{"type":"Feature","properties":{"name":"Broadway & E 14 St","station_id":"66db6387-0aca-11e7-82f6-3863bb44ef7c","mode":"CitiBike","region_id":"71","coord_source":"mapbox","mapbox_name":"Citi Bike – Broadway & E 14 St"},"geometry":{"type":"Point","coordinates":[-73.99074196815491,40.73454539145524]}},{"type":"Feature","properties":{"name":"Broadway & E 19 St","station_id":"1975518133370609774","mode":"CitiBike","region_id":"71","coord_source":"mapbox","mapbox_name":"Citi Bike – Broadway & E 19 St"},"geometry":{"type":"Point","coordinates":[-73.9900754392147,40.73834082719637]}},{"type":"Feature","properties":{"name":"Broadway & E 21 St","station_id":"5f7ac86c-1a98-4603-8749-4bb83ac84acd","mode":"CitiBike","region_id":"71","coord_source":"mapbox","mapbox_name":"Citi Bike – Broadway & E 21 St"},"geometry":{"type":"Point","coordinates":[-73.9895698428154,40.74012110156224]}},{"type":"Feature","properties":{"name":"Broadway & Ellwood St","station_id":"579e583e-60ab-4f2a-83d0-fabebddfcd0f","mode":"CitiBike","region_id":"71","coord_source":"mapbox","mapbox_name":"Citi Bike – Broadway & Ellwood St"},"geometry":{"type":"Point","coordinates":[-73.92981424927711,40.862021370641344]}},{"type":"Feature","properties":{"name":"Broadway & Furman Ave","station_id":"ace80a8c-6196-484e-8dd0-061e3c90389b","mode":"CitiBike","region_id":"71","coord_source":"mapbox","mapbox_name":"Citi Bike – Broadway & Furman Ave"},"geometry":{"type":"Point","coordinates":[-73.90753984451294,40.68139062527365]}},{"type":"Feature","properties":{"name":"Broadway & Hancock St","station_id":"9092515e-eef6-478f-910f-1cd19d06bebb","mode":"CitiBike","region_id":"71","coord_source":"mapbox","mapbox_name":"Citi Bike – Broadway & Hancock St"},"geometry":{"type":"Point","coordinates":[-73.91695037484169,40.68671553643074]}},{"type":"Feature","properties":{"name":"Broadway & Kent Ave","station_id":"1786698815186893280","mode":"CitiBike","region_id":"71","coord_source":"mapbox","mapbox_name":"Citi Bike – Broadway & Kent Ave"},"geometry":{"type":"Point","coordinates":[-73.96812155842781,40.71086552060473]}},{"type":"Feature","properties":{"name":"Broadway & Kosciuszko St","station_id":"d5ca6311-7471-480f-9c79-38baaafe34ba","mode":"CitiBike","region_id":"71","coord_source":"mapbox","mapbox_name":"Citi Bike – Broadway & Kosciuszko St"},"geometry":{"type":"Point","coordinates":[-73.92862066626549,40.6933497234983]}},{"type":"Feature","properties":{"name":"Broadway & Lakeview Pl","station_id":"2177016650782707004","mode":"CitiBike","region_id":"71","coord_source":"mapbox","mapbox_name":"Citi Bike – Broadway & Lakeview Pl"},"geometry":{"type":"Point","coordinates":[-73.89691159129143,40.8980968930839]}},{"type":"Feature","properties":{"name":"Broadway & Madison St","station_id":"679dcf08-d88c-4d1b-b81d-fe9f4aabbff7","mode":"CitiBike","region_id":"71","coord_source":"mapbox","mapbox_name":"Citi Bike – Broadway & Madison St"},"geometry":{"type":"Point","coordinates":[-73.91958832740784,40.688174829518545]}},{"type":"Feature","properties":{"name":"Broadway & Morris St","station_id":"7dda8844-60ba-4449-b05c-54c1d14ab5fb","mode":"CitiBike","region_id":"71","coord_source":"mapbox","mapbox_name":"Citi Bike – Broadway & Morris St"},"geometry":{"type":"Point","coordinates":[-74.01312232017517,40.705987831853434]}},{"type":"Feature","properties":{"name":"Broadway & Moylan Pl","station_id":"bc5235a5-7f10-4a27-806e-9c25fa700959","mode":"CitiBike","region_id":"71","coord_source":"mapbox","mapbox_name":"Citi Bike – Broadway & Moylan Pl"},"geometry":{"type":"Point","coordinates":[-73.95906239748001,40.81425785827824]}},{"type":"Feature","properties":{"name":"Broadway & Roebling St","station_id":"66dced76-0aca-11e7-82f6-3863bb44ef7c","mode":"CitiBike","region_id":"71","coord_source":"mapbox","mapbox_name":"Citi Bike – Broadway & Roebling St"},"geometry":{"type":"Point","coordinates":[-73.96062076091766,40.70925220207175]}},{"type":"Feature","properties":{"name":"Broadway & Van Cortlandt Park S","station_id":"1861683217585879154","mode":"CitiBike","region_id":"71","coord_source":"mapbox","mapbox_name":"Citi Bike – Broadway & Van Cortlandt Park S"},"geometry":{"type":"Point","coordinates":[-73.89969572424889,40.88628107521632]}},{"type":"Feature","properties":{"name":"Broadway & W 122 St","station_id":"32d3adc3-c3dd-4a97-a4db-95d467f3c3aa","mode":"CitiBike","region_id":"71","coord_source":"mapbox","mapbox_name":"Citi Bike – Broadway & W 122 St"},"geometry":{"type":"Point","coordinates":[-73.96113440394402,40.81218216842802]}},{"type":"Feature","properties":{"name":"Broadway & W 131 St","station_id":"26599393-b967-44a6-a998-cb72ca53cd9e","mode":"CitiBike","region_id":"71","coord_source":"mapbox","mapbox_name":"Citi Bike – Broadway & W 131 St"},"geometry":{"type":"Point","coordinates":[-73.95715937018394,40.81755649826843]}},{"type":"Feature","properties":{"name":"Broadway & W 133 St","station_id":"a1112e04-bc50-4782-b3d6-bb5902c0e8db","mode":"CitiBike","region_id":"71","coord_source":"mapbox","mapbox_name":"Citi Bike – Broadway & W 133 St"},"geometry":{"type":"Point","coordinates":[-73.95615622401237,40.819037280539106]}},{"type":"Feature","properties":{"name":"Broadway & W 138 St","station_id":"563389a0-d90f-4155-9c50-528459df26aa","mode":"CitiBike","region_id":"71","coord_source":"mapbox","mapbox_name":"Citi Bike – Broadway & W 138 St"},"geometry":{"type":"Point","coordinates":[-73.95352363586426,40.82182215778613]}},{"type":"Feature","properties":{"name":"Broadway & W 142 St","station_id":"9c1c3499-1b11-471f-b59a-87d9e27e15c5","mode":"CitiBike","region_id":"71","coord_source":"mapbox","mapbox_name":"Citi Bike – Broadway & W 142 St"},"geometry":{"type":"Point","coordinates":[-73.95195186138153,40.82469013436568]}},{"type":"Feature","properties":{"name":"Broadway & W 153 St","station_id":"ab79da3d-f92a-42de-a76d-e05b5d7e724c","mode":"CitiBike","region_id":"71","coord_source":"mapbox","mapbox_name":"Citi Bike – Broadway & W 153 St"},"geometry":{"type":"Point","coordinates":[-73.94667595624924,40.83132071362914]}},{"type":"Feature","properties":{"name":"Broadway & W 157 St","station_id":"1859438049977968878","mode":"CitiBike","region_id":"71","coord_source":"mapbox","mapbox_name":"Citi Bike – Broadway & W 157 St"},"geometry":{"type":"Point","coordinates":[-73.94515246152878,40.83396301867259]}},{"type":"Feature","properties":{"name":"Broadway & W 160 St","station_id":"344b52b0-73a9-4fe3-9132-23d0502dc0ae","mode":"CitiBike","region_id":"71","coord_source":"mapbox","mapbox_name":"Citi Bike – Broadway & W 160 St"},"geometry":{"type":"Point","coordinates":[-73.94347205758095,40.83571333557305]}},{"type":"Feature","properties":{"name":"Broadway & W 165 St","station_id":"912813fc-fde4-4430-8443-a4fa21477e7f","mode":"CitiBike","region_id":"71","coord_source":"mapbox","mapbox_name":"Citi Bike – Broadway & W 165 St"},"geometry":{"type":"Point","coordinates":[-73.94142150878906,40.83914280803788]}},{"type":"Feature","properties":{"name":"Broadway & W 168 St","station_id":"9e014047-d675-418b-a03c-84d974a25134","mode":"CitiBike","region_id":"71","coord_source":"mapbox","mapbox_name":"Citi Bike – Broadway & W 168 St"},"geometry":{"type":"Point","coordinates":[-73.93971964716911,40.84090211943257]}},{"type":"Feature","properties":{"name":"Broadway & W 185 St","station_id":"d8e02e7b-632b-4fbe-95b9-80efa47473e3","mode":"CitiBike","region_id":"71","coord_source":"mapbox","mapbox_name":"Citi Bike – Broadway & W 185 St"},"geometry":{"type":"Point","coordinates":[-73.93442898988724,40.85255054513854]}},{"type":"Feature","properties":{"name":"Broadway & W 192 St","station_id":"2546c9b9-5b1a-4e9f-a9cc-f8b986b79748","mode":"CitiBike","region_id":"71","coord_source":"mapbox","mapbox_name":"Citi Bike – Broadway & W 192 St"},"geometry":{"type":"Point","coordinates":[-73.93208742141724,40.857991591861804]}},{"type":"Feature","properties":{"name":"Broadway & W 220 St","station_id":"6bc5598a-9eb8-44d2-adc0-d93b93af1924","mode":"CitiBike","region_id":"71","coord_source":"mapbox","mapbox_name":"Citi Bike – Broadway & W 220 St"},"geometry":{"type":"Point","coordinates":[-73.91283854842186,40.87243294846769]}},{"type":"Feature","properties":{"name":"Broadway & W 234 St","station_id":"1862788101231526152","mode":"CitiBike","region_id":"71","coord_source":"mapbox","mapbox_name":"Citi Bike – Broadway & W 234 St"},"geometry":{"type":"Point","coordinates":[-73.90285938978195,40.88182589825783]}},{"type":"Feature","properties":{"name":"Broadway & W 238 St","station_id":"1861682444178541220","mode":"CitiBike","region_id":"71","coord_source":"mapbox","mapbox_name":"Citi Bike – Broadway & W 238 St"},"geometry":{"type":"Point","coordinates":[-73.90073239803314,40.88527934558701]}},{"type":"Feature","properties":{"name":"Broadway & W 242 St","station_id":"2177016197335217002","mode":"CitiBike","region_id":"71","coord_source":"mapbox","mapbox_name":"Citi Bike – Broadway & W 242 St"},"geometry":{"type":"Point","coordinates":[-73.89879316091537,40.88914626268797]}},{"type":"Feature","properties":{"name":"Broadway & W 25 St","station_id":"daefc84c-1b16-4220-8e1f-10ea4866fdc7","mode":"CitiBike","region_id":"71","coord_source":"mapbox","mapbox_name":"Citi Bike – Broadway & W 25 St"},"geometry":{"type":"Point","coordinates":[-73.9891554415226,40.74272639437129]}},{"type":"Feature","properties":{"name":"Broadway & W 251 St","station_id":"2177016343889563330","mode":"CitiBike","region_id":"71","coord_source":"mapbox","mapbox_name":"Citi Bike – Broadway & W 251 St"},"geometry":{"type":"Point","coordinates":[-73.89637783169746,40.89414635637473]}},{"type":"Feature","properties":{"name":"Broadway & W 261 St","station_id":"2177017636303913026","mode":"CitiBike","region_id":"71","coord_source":"mapbox","mapbox_name":"Citi Bike – Broadway & W 261 St"},"geometry":{"type":"Point","coordinates":[-73.89646098017693,40.909489985845084]}},{"type":"Feature","properties":{"name":"Broadway & W 29 St","station_id":"66dc4bd9-0aca-11e7-82f6-3863bb44ef7c","mode":"CitiBike","region_id":"71","coord_source":"mapbox","mapbox_name":"Citi Bike – Broadway & W 29 St"},"geometry":{"type":"Point","coordinates":[-73.98858815431595,40.746332382067436]}},{"type":"Feature","properties":{"name":"Broadway & W 36 St","station_id":"2176372377229409502","mode":"CitiBike","region_id":"71","coord_source":"mapbox","mapbox_name":"Citi Bike – Broadway & W 36 St"},"geometry":{"type":"Point","coordinates":[-73.98765474557877,40.75097750830554]}},{"type":"Feature","properties":{"name":"Broadway & W 37 St","station_id":"66dbcb2f-0aca-11e7-82f6-3863bb44ef7c","mode":"CitiBike","region_id":"71","coord_source":"mapbox","mapbox_name":"Citi Bike – Broadway & W 37 St"},"geometry":{"type":"Point","coordinates":[-73.9875166118145,40.75171610630895]}},{"type":"Feature","properties":{"name":"Broadway & W 38 St","station_id":"0fde06c2-632c-46a9-8866-f4e855604f74","mode":"CitiBike","region_id":"71","coord_source":"mapbox","mapbox_name":"Citi Bike – Broadway & W 38 St"},"geometry":{"type":"Point","coordinates":[-73.98727521300316,40.753210548425585]}},{"type":"Feature","properties":{"name":"Broadway & W 41 St","station_id":"66dc292c-0aca-11e7-82f6-3863bb44ef7c","mode":"CitiBike","region_id":"71","coord_source":"mapbox","mapbox_name":"Citi Bike – Broadway & W 41 St"},"geometry":{"type":"Point","coordinates":[-73.98653224110603,40.75519258808808]}},{"type":"Feature","properties":{"name":"Broadway & W 48 St","station_id":"64f0f28c-bedc-42d5-b107-ecdd48fc30cd","mode":"CitiBike","region_id":"71","coord_source":"mapbox","mapbox_name":"Citi Bike – Broadway & W 48 St"},"geometry":{"type":"Point","coordinates":[-73.98487195372581,40.760197711740716]}},{"type":"Feature","properties":{"name":"Broadway & W 53 St","station_id":"66dc2c78-0aca-11e7-82f6-3863bb44ef7c","mode":"CitiBike","region_id":"71","coord_source":"mapbox","mapbox_name":"Citi Bike – Broadway & W 53 St"},"geometry":{"type":"Point","coordinates":[-73.98268193006516,40.76344012367565]}},{"type":"Feature","properties":{"name":"Broadway & W 58 St","station_id":"66dc2238-0aca-11e7-82f6-3863bb44ef7c","mode":"CitiBike","region_id":"71","coord_source":"mapbox","mapbox_name":"Citi Bike – Broadway & W 58 St"},"geometry":{"type":"Point","coordinates":[-73.98169333,40.76695317]}},{"type":"Feature","properties":{"name":"Broadway & W 61 St","station_id":"72196024-6f2b-45cb-9764-609911c7dc0b","mode":"CitiBike","region_id":"71","coord_source":"mapbox","mapbox_name":"Citi Bike – Broadway & W 61 St"},"geometry":{"type":"Point","coordinates":[-73.98195371031761,40.770028071214966]}},{"type":"Feature","properties":{"name":"Broadway & Whipple St","station_id":"66dccd65-0aca-11e7-82f6-3863bb44ef7c","mode":"CitiBike","region_id":"71","coord_source":"mapbox","mapbox_name":"Citi Bike – Broadway & Whipple St"},"geometry":{"type":"Point","coordinates":[-73.94373223185539,40.70168219697854]}},{"type":"Feature","properties":{"name":"Bronx Park S & Bryant Ave","station_id":"1877651952425321214","mode":"CitiBike","region_id":"71","coord_source":"mapbox","mapbox_name":"Citi Bike – Bronx Park S & Bryant Ave"},"geometry":{"type":"Point","coordinates":[-73.8779953122139,40.844396253414715]}},{"type":"Feature","properties":{"name":"Bronx Shore Comfort Station","station_id":"3db2fa34-0b56-4644-9ae9-bbee1583e717","mode":"CitiBike","region_id":"71","coord_source":"mapbox","mapbox_name":"Citi Bike – Bronx Shore Comfort Station"},"geometry":{"type":"Point","coordinates":[-73.92400458455086,40.800551014016406]}},{"type":"Feature","properties":{"name":"Brook Ave & E 138 St","station_id":"7f1b4c40-d9fa-4182-be0e-a993655cfb6f","mode":"CitiBike","region_id":"71","coord_source":"mapbox","mapbox_name":"Citi Bike – Brook Ave & E 138 St"},"geometry":{"type":"Point","coordinates":[-73.9192570745945,40.80740732778378]}},{"type":"Feature","properties":{"name":"Brook Ave & E 141 St","station_id":"3eb10c63-ea4c-4161-b07d-a29034f7367a","mode":"CitiBike","region_id":"71","coord_source":"mapbox","mapbox_name":"Citi Bike – Brook Ave & E 141 St"},"geometry":{"type":"Point","coordinates":[-73.91788110136986,40.80962730599967]}},{"type":"Feature","properties":{"name":"Brook Ave & E 148 St","station_id":"b3a9057e-7ff6-4117-b96e-e71c173cf1e9","mode":"CitiBike","region_id":"71","coord_source":"mapbox","mapbox_name":"Citi Bike – Brook Ave & E 148 St"},"geometry":{"type":"Point","coordinates":[-73.91535848379135,40.81439995691986]}},{"type":"Feature","properties":{"name":"Brook Ave & E 157 St","station_id":"6f21be51-6fde-4cde-b1db-b102a5f67300","mode":"CitiBike","region_id":"71","coord_source":"mapbox","mapbox_name":"Citi Bike – Brook Ave & E 157 St"},"geometry":{"type":"Point","coordinates":[-73.91176030039787,40.820705785175676]}},{"type":"Feature","properties":{"name":"Brooklyn Ave & Beverley Rd","station_id":"1815968237323833702","mode":"CitiBike","region_id":"71","coord_source":"mapbox","mapbox_name":"Citi Bike – Brooklyn Ave & Beverley Rd"},"geometry":{"type":"Point","coordinates":[-73.94330844283104,40.64575789942603]}},{"type":"Feature","properties":{"name":"Brooklyn Ave & Dean St","station_id":"9b70cbe2-25fc-42f8-b6e6-ac21ef248e4b","mode":"CitiBike","region_id":"71","coord_source":"mapbox","mapbox_name":"Citi Bike – Brooklyn Ave & Dean St"},"geometry":{"type":"Point","coordinates":[-73.94434377551079,40.67679759855568]}},{"type":"Feature","properties":{"name":"Brooklyn Ave & Lefferts Ave","station_id":"1846449740982645546","mode":"CitiBike","region_id":"71","coord_source":"mapbox","mapbox_name":"Citi Bike – Brooklyn Ave & Lefferts Ave"},"geometry":{"type":"Point","coordinates":[-73.94557625055313,40.66256595352601]}},{"type":"Feature","properties":{"name":"Brooklyn Ave & Prospect Pl","station_id":"1ddadf67-ae08-4e86-bdda-236629b9eabd","mode":"CitiBike","region_id":"71","coord_source":"mapbox","mapbox_name":"Citi Bike – Brooklyn Ave & Prospect Pl"},"geometry":{"type":"Point","coordinates":[-73.94447654485703,40.67413785138277]}},{"type":"Feature","properties":{"name":"Brooklyn Ave & Snyder Ave","station_id":"1815968026870435892","mode":"CitiBike","region_id":"71","coord_source":"mapbox","mapbox_name":"Citi Bike – Brooklyn Ave & Snyder Ave"},"geometry":{"type":"Point","coordinates":[-73.94366651773453,40.649158514487794]}},{"type":"Feature","properties":{"name":"Brooklyn Ave & Tilden Ave","station_id":"1823008917260927616","mode":"CitiBike","region_id":"71","coord_source":"mapbox","mapbox_name":"Citi Bike – Brooklyn Ave & Tilden Ave"},"geometry":{"type":"Point","coordinates":[-73.9435163140297,40.64725268543933]}},{"type":"Feature","properties":{"name":"Brooklyn Bridge Park - Pier 2","station_id":"d47c856e-8cda-4da0-b8eb-1ccf0e6ef7ab","mode":"CitiBike","region_id":"71","coord_source":"mapbox","mapbox_name":"Citi Bike – Brooklyn Bridge Park – Pier 2"},"geometry":{"type":"Point","coordinates":[-73.99711087346077,40.69860047253289]}},{"type":"Feature","properties":{"name":"Bruckner Blvd & Faile St","station_id":"2229057967489558016","mode":"CitiBike","region_id":"71","coord_source":"mapbox","mapbox_name":"Citi Bike – Faile St & Garrison Ave"},"geometry":{"type":"Point","coordinates":[-73.88827621936798,40.82060226603622]}},{"type":"Feature","properties":{"name":"Brunswick & 6th","station_id":"66ddd8a8-0aca-11e7-82f6-3863bb44ef7c","mode":"CitiBike","region_id":"70","coord_source":"mapbox","mapbox_name":"Citi Bike – Brunswick & 6th"},"geometry":{"type":"Point","coordinates":[-74.0503902733326,40.72601274598648]}},{"type":"Feature","properties":{"name":"Brunswick St","station_id":"66dd7fe2-0aca-11e7-82f6-3863bb44ef7c","mode":"CitiBike","region_id":"70","coord_source":"mapbox","mapbox_name":"Citi Bike – Brunswick St"},"geometry":{"type":"Point","coordinates":[-74.05065447092056,40.724176193857886]}},{"type":"Feature","properties":{"name":"Buchanan Pl & Grand Ave","station_id":"eef98eb6-f550-49f9-a910-4d2863e6a591","mode":"CitiBike","region_id":"71","coord_source":"mapbox","mapbox_name":"Citi Bike – Buchanan Pl & Grand Ave"},"geometry":{"type":"Point","coordinates":[-73.9062537252903,40.85834558929881]}},{"type":"Feature","properties":{"name":"Buffalo Ave & E New York Ave","station_id":"c4377169-c19e-47e1-90a4-c4e14bb41601","mode":"CitiBike","region_id":"71","coord_source":"mapbox","mapbox_name":"Citi Bike – Buffalo Ave & E New York Ave"},"geometry":{"type":"Point","coordinates":[-73.92603099346161,40.6659270562256]}},{"type":"Feature","properties":{"name":"Buffalo Ave & St John's Pl","station_id":"36ddce8f-bd83-4a05-b601-b526fb4d8628","mode":"CitiBike","region_id":"71","coord_source":"mapbox","mapbox_name":"Citi Bike – Buffalo Ave & St John’s Pl"},"geometry":{"type":"Point","coordinates":[-73.92537251114845,40.6701515918474]}},{"type":"Feature","properties":{"name":"Bulova Ave & Brooklyn Queens Expressway W","station_id":"901ad0c4-383e-490a-8b54-0656ce2358d6","mode":"CitiBike","region_id":"71","coord_source":"mapbox","mapbox_name":"Citi Bike – Bulova Ave & Brooklyn Queens Expressway W"},"geometry":{"type":"Point","coordinates":[-73.9026166498661,40.7625157679708]}},{"type":"Feature","properties":{"name":"Bus Slip & State St","station_id":"66dc0f1b-0aca-11e7-82f6-3863bb44ef7c","mode":"CitiBike","region_id":"71","coord_source":"mapbox","mapbox_name":"Citi Bike – Bus Slip & State St"},"geometry":{"type":"Point","coordinates":[-74.01394441723824,40.70184690407012]}},{"type":"Feature","properties":{"name":"Bushwick Ave & Dekalb Ave","station_id":"a3d72b5b-9587-4f33-9722-c01e20a9b358","mode":"CitiBike","region_id":"71","coord_source":"mapbox","mapbox_name":"Citi Bike – Bushwick Ave & Dekalb Ave"},"geometry":{"type":"Point","coordinates":[-73.92823576927185,40.69501020068964]}},{"type":"Feature","properties":{"name":"Bushwick Ave & Forrest St","station_id":"0575e356-72f4-4251-8e15-574cf60bd190","mode":"CitiBike","region_id":"71","coord_source":"mapbox","mapbox_name":"Citi Bike – Bushwick Ave & Forrest St"},"geometry":{"type":"Point","coordinates":[-73.9364218711853,40.70075596618102]}},{"type":"Feature","properties":{"name":"Bushwick Ave & Furman Ave","station_id":"9341ee1c-d456-4858-a451-70cbbd73d084","mode":"CitiBike","region_id":"71","coord_source":"mapbox","mapbox_name":"Citi Bike – Bushwick Ave & Furman Ave"},"geometry":{"type":"Point","coordinates":[-73.90617594122887,40.6827798619814]}},{"type":"Feature","properties":{"name":"Bushwick Ave & Harman St","station_id":"5f0aa684-a1c5-4119-827f-7860f1cd4ccd","mode":"CitiBike","region_id":"71","coord_source":"mapbox","mapbox_name":"Citi Bike – Bushwick Ave & Harman St"},"geometry":{"type":"Point","coordinates":[-73.92530545592308,40.69360189906206]}},{"type":"Feature","properties":{"name":"Bushwick Ave & Linden St","station_id":"74723006-b32f-4590-8cc7-f15eec3808fe","mode":"CitiBike","region_id":"71","coord_source":"mapbox","mapbox_name":"Citi Bike – Bushwick Ave & Linden St"},"geometry":{"type":"Point","coordinates":[-73.92147794365883,40.69146346068578]}},{"type":"Feature","properties":{"name":"Bushwick Ave & McKibbin St","station_id":"56e18295-f760-4bf3-8aa3-5a1e4ebf606f","mode":"CitiBike","region_id":"71","coord_source":"mapbox","mapbox_name":"Citi Bike – Bushwick Ave & McKibbin St"},"geometry":{"type":"Point","coordinates":[-73.93936157226562,40.70553542285799]}},{"type":"Feature","properties":{"name":"Bushwick Ave & Powers St","station_id":"66dcf394-0aca-11e7-82f6-3863bb44ef7c","mode":"CitiBike","region_id":"71","coord_source":"mapbox","mapbox_name":"Citi Bike – Bushwick Ave & Powers St"},"geometry":{"type":"Point","coordinates":[-73.94104465842247,40.71254385901858]}},{"type":"Feature","properties":{"name":"Bushwick Ave & Stagg St","station_id":"e35c42c6-8b73-4528-b08d-c94b75624b40","mode":"CitiBike","region_id":"71","coord_source":"mapbox","mapbox_name":"Citi Bike – Bushwick Ave & Stagg St"},"geometry":{"type":"Point","coordinates":[-73.94006565213203,40.70988248869665]}},{"type":"Feature","properties":{"name":"Butler St & 27 Ave","station_id":"1840540852548303628","mode":"CitiBike","region_id":"71","coord_source":"mapbox","mapbox_name":"Citi Bike – Butler St & 27 Ave"},"geometry":{"type":"Point","coordinates":[-73.86482700705528,40.765197379839464]}},{"type":"Feature","properties":{"name":"Butler St & Court St","station_id":"66dde914-0aca-11e7-82f6-3863bb44ef7c","mode":"CitiBike","region_id":"71","coord_source":"mapbox","mapbox_name":"Citi Bike – Butler St & Court St"},"geometry":{"type":"Point","coordinates":[-73.99431467056274,40.68498163097914]}},{"type":"Feature","properties":{"name":"Cabrini Blvd & W 177 St","station_id":"61bc2467-aa8c-4386-ba9e-3f01120bd6b8","mode":"CitiBike","region_id":"71","coord_source":"mapbox","mapbox_name":"Citi Bike – Cabrini Blvd & W 177 St"},"geometry":{"type":"Point","coordinates":[-73.94134774804115,40.8482980215548]}},{"type":"Feature","properties":{"name":"Cadman Plaza E & Red Cross Pl","station_id":"66db7a71-0aca-11e7-82f6-3863bb44ef7c","mode":"CitiBike","region_id":"71","coord_source":"mapbox","mapbox_name":"Citi Bike – Cadman Plaza E & Red Cross Pl"},"geometry":{"type":"Point","coordinates":[-73.98974820971489,40.69970059640204]}},{"type":"Feature","properties":{"name":"Cadman Plaza E & Tillary St","station_id":"66db3aa3-0aca-11e7-82f6-3863bb44ef7c","mode":"CitiBike","region_id":"71","coord_source":"mapbox","mapbox_name":"Citi Bike – Cadman Plaza E & Tillary St"},"geometry":{"type":"Point","coordinates":[-73.9901639521122,40.695945662572825]}},{"type":"Feature","properties":{"name":"Calyer St & Jewel St","station_id":"606c7384-75e9-4988-858a-07b88b3a9413","mode":"CitiBike","region_id":"71","coord_source":"mapbox","mapbox_name":"Citi Bike – Calyer St & Jewel St"},"geometry":{"type":"Point","coordinates":[-73.94839525222778,40.72983407552067]}},{"type":"Feature","properties":{"name":"Calyer St & West St","station_id":"1814548067447122618","mode":"CitiBike","region_id":"71","coord_source":"mapbox","mapbox_name":"Citi Bike – Calyer St & West St"},"geometry":{"type":"Point","coordinates":[-73.95863190293312,40.726943707122075]}},{"type":"Feature","properties":{"name":"Cambridge Pl & Gates Ave","station_id":"66dcbefb-0aca-11e7-82f6-3863bb44ef7c","mode":"CitiBike","region_id":"71","coord_source":"mapbox","mapbox_name":"Citi Bike – Cambridge Pl & Gates Ave"},"geometry":{"type":"Point","coordinates":[-73.96303743124008,40.68488298514856]}},{"type":"Feature","properties":{"name":"Canal St & Rutgers St","station_id":"66db6f2e-0aca-11e7-82f6-3863bb44ef7c","mode":"CitiBike","region_id":"71","coord_source":"mapbox","mapbox_name":"Citi Bike – Canal St & Rutgers St"},"geometry":{"type":"Point","coordinates":[-73.9898943901062,40.714286195873996]}},{"type":"Feature","properties":{"name":"Carlton Ave & Dean St","station_id":"c3189056-8eda-4278-891f-e8e15c2d759a","mode":"CitiBike","region_id":"71","coord_source":"mapbox","mapbox_name":"Citi Bike – Carlton Ave & Dean St"},"geometry":{"type":"Point","coordinates":[-73.97099822759628,40.6810783989832]}},{"type":"Feature","properties":{"name":"Carlton Ave & Flushing Ave","station_id":"66db3e32-0aca-11e7-82f6-3863bb44ef7c","mode":"CitiBike","region_id":"71","coord_source":"mapbox","mapbox_name":"Citi Bike – Carlton Ave & Flushing Ave"},"geometry":{"type":"Point","coordinates":[-73.97373542189598,40.69778706057741]}},{"type":"Feature","properties":{"name":"Carlton Ave & Greene Ave","station_id":"1962547377975794462","mode":"CitiBike","region_id":"71","coord_source":"mapbox","mapbox_name":"Citi Bike – Carlton Ave & Greene Ave"},"geometry":{"type":"Point","coordinates":[-73.97146627306938,40.68596401344837]}},{"type":"Feature","properties":{"name":"Carlton Ave & Park Ave","station_id":"66dc0c53-0aca-11e7-82f6-3863bb44ef7c","mode":"CitiBike","region_id":"71","coord_source":"mapbox","mapbox_name":"Citi Bike – Carlton Ave & Park Ave"},"geometry":{"type":"Point","coordinates":[-73.97355569,40.69580705]}},{"type":"Feature","properties":{"name":"Carmine St & 6 Ave","station_id":"66dbce8a-0aca-11e7-82f6-3863bb44ef7c","mode":"CitiBike","region_id":"71","coord_source":"mapbox","mapbox_name":"Citi Bike – Carmine St & 6 Ave"},"geometry":{"type":"Point","coordinates":[-74.00214940309525,40.730385914285904]}},{"type":"Feature","properties":{"name":"Carroll St & 5 Ave","station_id":"66de1fe7-0aca-11e7-82f6-3863bb44ef7c","mode":"CitiBike","region_id":"71","coord_source":"mapbox","mapbox_name":"Citi Bike – Carroll St & 5 Ave"},"geometry":{"type":"Point","coordinates":[-73.98166000843048,40.67524346471916]}},{"type":"Feature","properties":{"name":"Carroll St & 6 Ave","station_id":"66de1ea2-0aca-11e7-82f6-3863bb44ef7c","mode":"CitiBike","region_id":"71","coord_source":"mapbox","mapbox_name":"Citi Bike – Carroll St & 6 Ave"},"geometry":{"type":"Point","coordinates":[-73.97873774170876,40.674090046160785]}},{"type":"Feature","properties":{"name":"Carroll St & Bond St","station_id":"66de2771-0aca-11e7-82f6-3863bb44ef7c","mode":"CitiBike","region_id":"71","coord_source":"mapbox","mapbox_name":"Citi Bike – President St & Hoyt St"},"geometry":{"type":"Point","coordinates":[-73.99176388978958,40.680060348053615]}},{"type":"Feature","properties":{"name":"Carroll St & Columbia St","station_id":"66de44ba-0aca-11e7-82f6-3863bb44ef7c","mode":"CitiBike","region_id":"71","coord_source":"mapbox","mapbox_name":"Citi Bike – Carroll St & Columbia St"},"geometry":{"type":"Point","coordinates":[-74.00346502661705,40.6830371625274]}},{"type":"Feature","properties":{"name":"Carroll St & Franklin Ave","station_id":"b90574d1-e9e7-45be-8adb-e38cb285fea5","mode":"CitiBike","region_id":"71","coord_source":"mapbox","mapbox_name":"Citi Bike – Carroll St & Franklin Ave"},"geometry":{"type":"Point","coordinates":[-73.95878210663795,40.66794933301108]}},{"type":"Feature","properties":{"name":"Carroll St & Rochester Ave","station_id":"b16e9f3f-9b07-486f-a1ca-c76030f5ea64","mode":"CitiBike","region_id":"71","coord_source":"mapbox","mapbox_name":"Citi Bike – Carroll St & Rochester Ave"},"geometry":{"type":"Point","coordinates":[-73.92838060855865,40.66597079827375]}},{"type":"Feature","properties":{"name":"Carroll St & Smith St","station_id":"66de2b97-0aca-11e7-82f6-3863bb44ef7c","mode":"CitiBike","region_id":"71","coord_source":"mapbox","mapbox_name":"Citi Bike – Carroll St & Smith St"},"geometry":{"type":"Point","coordinates":[-73.9948296546936,40.6806298889513]}},{"type":"Feature","properties":{"name":"Carroll St & Utica Ave","station_id":"922763d6-d73c-4678-8bcd-f42ee3a236db","mode":"CitiBike","region_id":"71","coord_source":"mapbox","mapbox_name":"Citi Bike – Carroll St & Utica Ave"},"geometry":{"type":"Point","coordinates":[-73.93167838454247,40.6661905253373]}},{"type":"Feature","properties":{"name":"Carroll St & Washington Ave","station_id":"74a1dc19-f894-4246-99f1-476a92452995","mode":"CitiBike","region_id":"71","coord_source":"mapbox","mapbox_name":"Citi Bike – Carroll St & Washington Ave"},"geometry":{"type":"Point","coordinates":[-73.96178618073463,40.66866443935061]}},{"type":"Feature","properties":{"name":"Carteret Ave & Arlington Ave","station_id":"2108373096850688302","mode":"CitiBike","region_id":"70","coord_source":"mapbox","mapbox_name":"Citi Bike – Carteret Ave & Arlington Ave"},"geometry":{"type":"Point","coordinates":[-74.07455563545227,40.70911292825468]}},{"type":"Feature","properties":{"name":"Case St & 94 St","station_id":"1848241332086049696","mode":"CitiBike","region_id":"71","coord_source":"mapbox","mapbox_name":"Citi Bike – Case St & 94 St"},"geometry":{"type":"Point","coordinates":[-73.87192144989967,40.746186073608015]}},{"type":"Feature","properties":{"name":"Catalpa Ave & Woodward Ave","station_id":"941ea42c-47fe-4d63-a6f5-e0e200f01633","mode":"CitiBike","region_id":"71","coord_source":"mapbox","mapbox_name":"Citi Bike – Catalpa Ave & Woodward Ave"},"geometry":{"type":"Point","coordinates":[-73.90143379569054,40.70228510428737]}},{"type":"Feature","properties":{"name":"Cathedral Pkwy & Broadway","station_id":"66de3fde-0aca-11e7-82f6-3863bb44ef7c","mode":"CitiBike","region_id":"71","coord_source":"mapbox","mapbox_name":"Citi Bike – Cathedral Pkwy & Broadway"},"geometry":{"type":"Point","coordinates":[-73.9670392870903,40.80423203096268]}},{"type":"Feature","properties":{"name":"Catherine St & Monroe St","station_id":"66dc9143-0aca-11e7-82f6-3863bb44ef7c","mode":"CitiBike","region_id":"71","coord_source":"mapbox","mapbox_name":"Citi Bike – Catherine St & Monroe St"},"geometry":{"type":"Point","coordinates":[-73.99682619,40.71117444]}},{"type":"Feature","properties":{"name":"Caton Ave & Argyle Rd","station_id":"1796642668661690940","mode":"CitiBike","region_id":"71","coord_source":"mapbox","mapbox_name":"Citi Bike – Caton Ave & Argyle Rd"},"geometry":{"type":"Point","coordinates":[-73.96772727370262,40.64972221430469]}},{"type":"Feature","properties":{"name":"Caton Ave & Bedford Ave","station_id":"1817431953833509324","mode":"CitiBike","region_id":"71","coord_source":"mapbox","mapbox_name":"Citi Bike – Caton Ave & Bedford Ave"},"geometry":{"type":"Point","coordinates":[-73.95618304610252,40.65237479554514]}},{"type":"Feature","properties":{"name":"Caton Ave & E 10 St","station_id":"e85c3165-ad0a-44a3-9683-d8cf7575f465","mode":"CitiBike","region_id":"71","coord_source":"mapbox","mapbox_name":"Citi Bike – Caton Ave & E 10 St"},"geometry":{"type":"Point","coordinates":[-73.97057309746742,40.6484828824407]}},{"type":"Feature","properties":{"name":"Caton Ave & St. Pauls Pl","station_id":"1893542109140147108","mode":"CitiBike","region_id":"71","coord_source":"mapbox","mapbox_name":"Citi Bike – Caton Ave & St. Pauls Pl"},"geometry":{"type":"Point","coordinates":[-73.96278128027916,40.65152724269208]}},{"type":"Feature","properties":{"name":"Cauldwell Ave & E 158 St","station_id":"19b61564-7629-41b4-80c8-1756135a5442","mode":"CitiBike","region_id":"71","coord_source":"mapbox","mapbox_name":"Citi Bike – Cauldwell Ave & E 158 St"},"geometry":{"type":"Point","coordinates":[-73.90835657715797,40.819908074691426]}},{"type":"Feature","properties":{"name":"Cauldwell Ave & E 161 St","station_id":"493850bd-125b-49f5-932b-bf999504fb06","mode":"CitiBike","region_id":"71","coord_source":"mapbox","mapbox_name":"Citi Bike – Cauldwell Ave & E 161 St"},"geometry":{"type":"Point","coordinates":[-73.90752643346786,40.82189218416906]}},{"type":"Feature","properties":{"name":"Caven Point Recreation Fields","station_id":"2116885281736356212","mode":"CitiBike","region_id":"70","coord_source":"mapbox","mapbox_name":"Citi Bike – Caven Point Recreation Fields"},"geometry":{"type":"Point","coordinates":[-74.08026203513145,40.692227123923345]}},{"type":"Feature","properties":{"name":"Cedar St & Evergreen Ave","station_id":"ee70b21e-4a95-4bdf-802c-50f83a76971d","mode":"CitiBike","region_id":"71","coord_source":"mapbox","mapbox_name":"Citi Bike – Cedar St & Evergreen Ave"},"geometry":{"type":"Point","coordinates":[-73.92807886004448,40.69671232480073]}},{"type":"Feature","properties":{"name":"Cedar St & Myrtle Ave","station_id":"21361381-fd4a-44a4-bfa7-61f075192ce9","mode":"CitiBike","region_id":"71","coord_source":"mapbox","mapbox_name":"Citi Bike – Cedar St & Myrtle Ave"},"geometry":{"type":"Point","coordinates":[-73.9263354241848,40.697794177975084]}},{"type":"Feature","properties":{"name":"Center Blvd & 48 Ave","station_id":"c3d5f47f-cfc3-4c1f-86bb-bcf770d2949b","mode":"CitiBike","region_id":"71","coord_source":"mapbox","mapbox_name":"Citi Bike – Center Blvd & 48 Ave"},"geometry":{"type":"Point","coordinates":[-73.95755767822266,40.74503896349029]}},{"type":"Feature","properties":{"name":"Center Blvd & 51 Ave","station_id":"79399e32-a6c6-4732-8ad4-9f9140a86b21","mode":"CitiBike","region_id":"71","coord_source":"mapbox","mapbox_name":"Citi Bike – Center Blvd & 51 Ave"},"geometry":{"type":"Point","coordinates":[-73.9596551656723,40.74319582395702]}},{"type":"Feature","properties":{"name":"Central Ave & Covert St","station_id":"2576805f-9732-4c74-8f1d-57715e8cdfa2","mode":"CitiBike","region_id":"71","coord_source":"mapbox","mapbox_name":"Citi Bike – Central Ave & Covert St"},"geometry":{"type":"Point","coordinates":[-73.9095139503479,40.689301564967536]}},{"type":"Feature","properties":{"name":"Central Ave & Decatur St","station_id":"3c8847a6-c12a-40fd-9b22-4582ac1a0d9d","mode":"CitiBike","region_id":"71","coord_source":"mapbox","mapbox_name":"Citi Bike – Central Ave & Decatur St"},"geometry":{"type":"Point","coordinates":[-73.90796765685081,40.68819720170745]}},{"type":"Feature","properties":{"name":"Central Ave & Flushing Ave","station_id":"3a89411a-0bc6-4ba3-bc56-fab950c8eba1","mode":"CitiBike","region_id":"71","coord_source":"mapbox","mapbox_name":"Citi Bike – Central Ave & Flushing Ave"},"geometry":{"type":"Point","coordinates":[-73.9332877099514,40.70283005459598]}},{"type":"Feature","properties":{"name":"Central Ave & Himrod St","station_id":"372c592e-09d8-400c-9595-2aa3510f39b0","mode":"CitiBike","region_id":"71","coord_source":"mapbox","mapbox_name":"Citi Bike – Central Ave & Himrod St"},"geometry":{"type":"Point","coordinates":[-73.92300814390182,40.696739778059055]}},{"type":"Feature","properties":{"name":"Central Ave & Melrose St","station_id":"75352ab4-8a31-4926-8b59-048a9e506452","mode":"CitiBike","region_id":"71","coord_source":"mapbox","mapbox_name":"Citi Bike – Central Ave & Melrose St"},"geometry":{"type":"Point","coordinates":[-73.93039628863335,40.701121986476636]}},{"type":"Feature","properties":{"name":"Central Ave & Starr St","station_id":"d11b9869-8964-4b79-aafc-4b60ad1b44c4","mode":"CitiBike","region_id":"71","coord_source":"mapbox","mapbox_name":"Citi Bike – Central Ave & Starr St"},"geometry":{"type":"Point","coordinates":[-73.92833903431892,40.69999646765109]}},{"type":"Feature","properties":{"name":"Central Ave & Weirfield St","station_id":"720c0d64-7828-4dba-bff9-4d99f4e3a9fc","mode":"CitiBike","region_id":"71","coord_source":"mapbox","mapbox_name":"Citi Bike – Central Ave & Weirfield St"},"geometry":{"type":"Point","coordinates":[-73.91181260347366,40.69054827350567]}},{"type":"Feature","properties":{"name":"Central Ave & Woodbine St","station_id":"3134bce7-0bb9-4a45-9c87-60a8cb681d72","mode":"CitiBike","region_id":"71","coord_source":"mapbox","mapbox_name":"Citi Bike – Central Ave & Woodbine St"},"geometry":{"type":"Point","coordinates":[-73.91607463359833,40.69298264365324]}},{"type":"Feature","properties":{"name":"Central Park North & Adam Clayton Powell Blvd","station_id":"66de2625-0aca-11e7-82f6-3863bb44ef7c","mode":"CitiBike","region_id":"71","coord_source":"mapbox","mapbox_name":"Citi Bike – Central Park North & Adam Clayton Powell Blvd"},"geometry":{"type":"Point","coordinates":[-73.95566135644913,40.79951143999671]}},{"type":"Feature","properties":{"name":"Central Park S & 6 Ave","station_id":"66dc9068-0aca-11e7-82f6-3863bb44ef7c","mode":"CitiBike","region_id":"71","coord_source":"mapbox","mapbox_name":"Citi Bike – Central Park S & 6 Ave"},"geometry":{"type":"Point","coordinates":[-73.97645115852356,40.765961213117805]}},{"type":"Feature","properties":{"name":"Central Park S & Grand Army Plaza","station_id":"1964061627836181486","mode":"CitiBike","region_id":"71","coord_source":"mapbox","mapbox_name":"Citi Bike – Central Park S & Grand Army Plaza"},"geometry":{"type":"Point","coordinates":[-73.9737220108509,40.76441931723505]}},{"type":"Feature","properties":{"name":"Central Park W & W 103 St","station_id":"7d41ac98-df88-497a-aef9-968660e6da0f","mode":"CitiBike","region_id":"71","coord_source":"mapbox","mapbox_name":"Citi Bike – Central Park W & W 103 St"},"geometry":{"type":"Point","coordinates":[-73.96189346909523,40.79566061040072]}},{"type":"Feature","properties":{"name":"Central Park W & W 68 St","station_id":"66dd4bf7-0aca-11e7-82f6-3863bb44ef7c","mode":"CitiBike","region_id":"71","coord_source":"mapbox","mapbox_name":"Citi Bike – Central Park W & W 68 St"},"geometry":{"type":"Point","coordinates":[-73.97780030965805,40.773522892016786]}},{"type":"Feature","properties":{"name":"Central Park W & W 72 St","station_id":"66dd4ccc-0aca-11e7-82f6-3863bb44ef7c","mode":"CitiBike","region_id":"71","coord_source":"mapbox","mapbox_name":"Citi Bike – Central Park W & W 72 St"},"geometry":{"type":"Point","coordinates":[-73.97600993514061,40.77588923125148]}},{"type":"Feature","properties":{"name":"Central Park W & W 76 St","station_id":"66dd4ac1-0aca-11e7-82f6-3863bb44ef7c","mode":"CitiBike","region_id":"71","coord_source":"mapbox","mapbox_name":"Citi Bike – Central Park W & W 76 St"},"geometry":{"type":"Point","coordinates":[-73.9737568795681,40.77893691137396]}},{"type":"Feature","properties":{"name":"Central Park W & W 85 St","station_id":"50575cba-95ac-4134-9da1-3eec8253afc4","mode":"CitiBike","region_id":"71","coord_source":"mapbox","mapbox_name":"Citi Bike – Central Park W & W 85 St"},"geometry":{"type":"Point","coordinates":[-73.96961152553558,40.78476072955323]}},{"type":"Feature","properties":{"name":"Central Park W & W 91 St","station_id":"a93cb1ec-fb37-4faf-a7e7-d1e5a9e9af95","mode":"CitiBike","region_id":"71","coord_source":"gbfs"},"geometry":{"type":"Point","coordinates":[-73.96680057048798,40.788664991278836]}},{"type":"Feature","properties":{"name":"Central Park W & W 97 St","station_id":"50e05a9f-dce6-4315-a10d-1fa786fc18ee","mode":"CitiBike","region_id":"71","coord_source":"mapbox","mapbox_name":"Citi Bike – Central Park W & W 97 St"},"geometry":{"type":"Point","coordinates":[-73.96386355161667,40.792969059572016]}},{"type":"Feature","properties":{"name":"Centre St & Chambers St","station_id":"66dbe8d6-0aca-11e7-82f6-3863bb44ef7c","mode":"CitiBike","region_id":"71","coord_source":"mapbox","mapbox_name":"Citi Bike – Centre St & Chambers St"},"geometry":{"type":"Point","coordinates":[-74.004627764225,40.712734969371326]}},{"type":"Feature","properties":{"name":"Centre St & Seneca Ave","station_id":"a7c09fde-76e8-4a56-b61d-8ca940432efd","mode":"CitiBike","region_id":"71","coord_source":"mapbox","mapbox_name":"Citi Bike – Centre St & Seneca Ave"},"geometry":{"type":"Point","coordinates":[-73.90218213200569,40.699702629885905]}},{"type":"Feature","properties":{"name":"Centre St & Worth St","station_id":"66dbe848-0aca-11e7-82f6-3863bb44ef7c","mode":"CitiBike","region_id":"71","coord_source":"mapbox","mapbox_name":"Citi Bike – Centre St & Worth St"},"geometry":{"type":"Point","coordinates":[-74.00236129760742,40.714955062205064]}},{"type":"Feature","properties":{"name":"Charlotte St & Boston Rd","station_id":"9790606b-a00d-4d5e-b6ec-abd11c9d25b3","mode":"CitiBike","region_id":"71","coord_source":"mapbox","mapbox_name":"Citi Bike – Charlotte St & Boston Rd"},"geometry":{"type":"Point","coordinates":[-73.89315247535706,40.83588684273087]}},{"type":"Feature","properties":{"name":"Chauncey St & Howard Ave","station_id":"079b5a90-1d2b-40b2-b1e9-71c075f16b89","mode":"CitiBike","region_id":"71","coord_source":"mapbox","mapbox_name":"Citi Bike – Chauncey St & Howard Ave"},"geometry":{"type":"Point","coordinates":[-73.91953200101852,40.681587927126515]}},{"type":"Feature","properties":{"name":"Chauncey St & Malcolm X Blvd","station_id":"17aba164-9d41-4336-9767-2218b8994ded","mode":"CitiBike","region_id":"71","coord_source":"mapbox","mapbox_name":"Citi Bike – Chauncey St & Malcolm X Blvd"},"geometry":{"type":"Point","coordinates":[-73.92834573984146,40.68044783980062]}},{"type":"Feature","properties":{"name":"Chauncey St & Stuyvesant Ave","station_id":"e982e1cb-7e7b-4769-85b8-565925200654","mode":"CitiBike","region_id":"71","coord_source":"mapbox","mapbox_name":"Citi Bike – Chauncey St & Stuyvesant Ave"},"geometry":{"type":"Point","coordinates":[-73.93165156245232,40.68010611491269]}},{"type":"Feature","properties":{"name":"Cherry St","station_id":"66db93a1-0aca-11e7-82f6-3863bb44ef7c","mode":"CitiBike","region_id":"71","coord_source":"mapbox","mapbox_name":"Citi Bike – Cherry St"},"geometry":{"type":"Point","coordinates":[-73.97948148,40.71219906]}},{"type":"Feature","properties":{"name":"Chester Ave & 12 Ave","station_id":"7aa86431-bbc5-4d9c-8198-9630c9d32a22","mode":"CitiBike","region_id":"71","coord_source":"mapbox","mapbox_name":"Citi Bike – Chester Ave & 12 Ave"},"geometry":{"type":"Point","coordinates":[-73.98428052663803,40.644373996892966]}},{"type":"Feature","properties":{"name":"Christ Hospital","station_id":"66dd836d-0aca-11e7-82f6-3863bb44ef7c","mode":"CitiBike","region_id":"70","coord_source":"mapbox","mapbox_name":"Citi Bike – Christ Hospital"},"geometry":{"type":"Point","coordinates":[-74.050443636,40.734785818]}},{"type":"Feature","properties":{"name":"Christopher Ave & Sutter Ave","station_id":"2235292910303400974","mode":"CitiBike","region_id":"71","coord_source":"gbfs"},"geometry":{"type":"Point","coordinates":[-73.9055,40.668]}},{"type":"Feature","properties":{"name":"Christopher St & Greenwich St","station_id":"66dbc8f5-0aca-11e7-82f6-3863bb44ef7c","mode":"CitiBike","region_id":"71","coord_source":"mapbox","mapbox_name":"Citi Bike – Christopher St & Greenwich St"},"geometry":{"type":"Point","coordinates":[-74.00711417198181,40.73291537079493]}},{"type":"Feature","properties":{"name":"Church Ave & E 42 St","station_id":"1817432709747753390","mode":"CitiBike","region_id":"71","coord_source":"mapbox","mapbox_name":"Citi Bike – Church Ave & E 42 St"},"geometry":{"type":"Point","coordinates":[-73.93817737698555,40.651273890469554]}},{"type":"Feature","properties":{"name":"Church Ave & E 45 St","station_id":"1851999409149780880","mode":"CitiBike","region_id":"71","coord_source":"mapbox","mapbox_name":"Citi Bike – Church Ave & E 45 St"},"geometry":{"type":"Point","coordinates":[-73.93534228205681,40.651582186420654]}},{"type":"Feature","properties":{"name":"Church Ave & McDonald Ave","station_id":"557f8d40-dec1-4c61-bd03-a0d1a6ea0e4b","mode":"CitiBike","region_id":"71","coord_source":"mapbox","mapbox_name":"Citi Bike – Church Ave & McDonald Ave"},"geometry":{"type":"Point","coordinates":[-73.97924199700356,40.642811984194765]}},{"type":"Feature","properties":{"name":"Church Ave & Nostrand Ave","station_id":"1815967442754883940","mode":"CitiBike","region_id":"71","coord_source":"mapbox","mapbox_name":"Citi Bike – Church Ave & Nostrand Ave"},"geometry":{"type":"Point","coordinates":[-73.94985303282738,40.650741745922204]}},{"type":"Feature","properties":{"name":"Church Ave & Story St","station_id":"180b83a0-329c-4069-87be-df862cb1baed","mode":"CitiBike","region_id":"71","coord_source":"mapbox","mapbox_name":"Citi Bike – Church Ave & Story St"},"geometry":{"type":"Point","coordinates":[-73.98105919361115,40.64204063154264]}},{"type":"Feature","properties":{"name":"Church Sq Park - 5 St & Park Ave","station_id":"43318169-d1ae-4a1a-9578-23cfa3fdbac9","mode":"CitiBike","region_id":"311","coord_source":"mapbox","mapbox_name":"Citi Bike – Church Sq Park – 5 St & Park Ave"},"geometry":{"type":"Point","coordinates":[-74.03228536248207,40.742637994922745]}},{"type":"Feature","properties":{"name":"Church St & Worth St","station_id":"c2800791-1911-4f2b-8fc7-bed280c557c0","mode":"CitiBike","region_id":"71","coord_source":"mapbox","mapbox_name":"Citi Bike – Church St & Worth St"},"geometry":{"type":"Point","coordinates":[-74.00650933384895,40.716903681584]}},{"type":"Feature","properties":{"name":"City Hall","station_id":"66dd5960-0aca-11e7-82f6-3863bb44ef7c","mode":"CitiBike","region_id":"70","coord_source":"mapbox","mapbox_name":"Citi Bike – City Hall"},"geometry":{"type":"Point","coordinates":[-74.04384434223175,40.71773515647729]}},{"type":"Feature","properties":{"name":"City Hall - Washington St & 1 St","station_id":"537a2f47-26a3-4776-ba9d-e2acd2ffbee1","mode":"CitiBike","region_id":"311","coord_source":"mapbox","mapbox_name":"Citi Bike – City Hall – Washington St & 1 St"},"geometry":{"type":"Point","coordinates":[-74.03105288743973,40.73720374346408]}},{"type":"Feature","properties":{"name":"Claflin Ave & Reservoir Ave","station_id":"1871972060496771504","mode":"CitiBike","region_id":"71","coord_source":"mapbox","mapbox_name":"Citi Bike – Claflin Ave & Reservoir Ave"},"geometry":{"type":"Point","coordinates":[-73.89943689107895,40.8739875468203]}},{"type":"Feature","properties":{"name":"Clark St & Henry St","station_id":"66dbeb1b-0aca-11e7-82f6-3863bb44ef7c","mode":"CitiBike","region_id":"71","coord_source":"mapbox","mapbox_name":"Citi Bike – Clark St & Henry St"},"geometry":{"type":"Point","coordinates":[-73.99344563484192,40.697600991196765]}},{"type":"Feature","properties":{"name":"Clarkson Ave & E 37 St","station_id":"1814900898997467540","mode":"CitiBike","region_id":"71","coord_source":"mapbox","mapbox_name":"Citi Bike – Clarkson Ave & E 37 St"},"geometry":{"type":"Point","coordinates":[-73.9431944489479,40.65578321271792]}},{"type":"Feature","properties":{"name":"Clarkson Ave & E 40 St","station_id":"1815967051912860522","mode":"CitiBike","region_id":"71","coord_source":"mapbox","mapbox_name":"Citi Bike – Clarkson Ave & E 40 St"},"geometry":{"type":"Point","coordinates":[-73.94068524241447,40.65594091138749]}},{"type":"Feature","properties":{"name":"Clarkson Ave & E 91 St","station_id":"2235288652396667648","mode":"CitiBike","region_id":"71","coord_source":"gbfs"},"geometry":{"type":"Point","coordinates":[-73.9247,40.65809]}},{"type":"Feature","properties":{"name":"Clarkson Ave & Nostrand Ave","station_id":"b5861c2d-d687-4308-bf2d-5f69fc28cc4a","mode":"CitiBike","region_id":"71","coord_source":"mapbox","mapbox_name":"Citi Bike – Clarkson Ave & Nostrand Ave"},"geometry":{"type":"Point","coordinates":[-73.94974440336227,40.65549121484236]}},{"type":"Feature","properties":{"name":"Clarkson Ave & Troy Ave","station_id":"1823008749757202820","mode":"CitiBike","region_id":"71","coord_source":"mapbox","mapbox_name":"Citi Bike – Clarkson Ave & Troy Ave"},"geometry":{"type":"Point","coordinates":[-73.93647283315659,40.65632243888504]}},{"type":"Feature","properties":{"name":"Clarkson Ave & Utica Ave","station_id":"eb8fcff2-6f58-4724-b564-ebc9a8d374d8","mode":"CitiBike","region_id":"71","coord_source":"mapbox","mapbox_name":"Citi Bike – Clarkson Ave & Utica Ave"},"geometry":{"type":"Point","coordinates":[-73.93121436238289,40.656662250872444]}},{"type":"Feature","properties":{"name":"Classon Ave & St Marks Ave","station_id":"956e9f8d-d23a-4a0e-bf28-84180e818af7","mode":"CitiBike","region_id":"71","coord_source":"mapbox","mapbox_name":"Citi Bike – Classon Ave & St Marks Ave"},"geometry":{"type":"Point","coordinates":[-73.95942449569702,40.676508743960625]}},{"type":"Feature","properties":{"name":"Clay Ave & Claremont Pkwy","station_id":"99614ecb-2329-49fa-a13a-fa1ef2bb32d6","mode":"CitiBike","region_id":"71","coord_source":"mapbox","mapbox_name":"Citi Bike – Clay Ave & Claremont Pkwy"},"geometry":{"type":"Point","coordinates":[-73.90549331903458,40.839990002456574]}},{"type":"Feature","properties":{"name":"Clay Ave & E 173 St","station_id":"8a13182a-4823-4fe7-afcd-a4ef0b134ed9","mode":"CitiBike","region_id":"71","coord_source":"mapbox","mapbox_name":"Citi Bike – Clay Ave & E 173 St"},"geometry":{"type":"Point","coordinates":[-73.90487506985664,40.84327011536743]}},{"type":"Feature","properties":{"name":"Clermont Ave & Lafayette Ave","station_id":"66dc0cc7-0aca-11e7-82f6-3863bb44ef7c","mode":"CitiBike","region_id":"71","coord_source":"mapbox","mapbox_name":"Citi Bike – Clermont Ave & Lafayette Ave"},"geometry":{"type":"Point","coordinates":[-73.96968902,40.68764484]}},{"type":"Feature","properties":{"name":"Clermont Ave & Park Ave","station_id":"66dc0d3a-0aca-11e7-82f6-3863bb44ef7c","mode":"CitiBike","region_id":"71","coord_source":"mapbox","mapbox_name":"Citi Bike – Clermont Ave & Park Ave"},"geometry":{"type":"Point","coordinates":[-73.97129668,40.69573398]}},{"type":"Feature","properties":{"name":"Cleveland Pl & Spring St","station_id":"66db2fd0-0aca-11e7-82f6-3863bb44ef7c","mode":"CitiBike","region_id":"71","coord_source":"mapbox","mapbox_name":"Citi Bike – Cleveland Pl & Spring St"},"geometry":{"type":"Point","coordinates":[-73.9972771704197,40.722061097875724]}},{"type":"Feature","properties":{"name":"Cliff St & Fulton St","station_id":"e8df73bd-5d3d-47c9-b04d-bcec4db5540f","mode":"CitiBike","region_id":"71","coord_source":"mapbox","mapbox_name":"Citi Bike – Cliff St & Fulton St"},"geometry":{"type":"Point","coordinates":[-74.0049697458744,40.708369790774384]}},{"type":"Feature","properties":{"name":"Clifton Pl & Bedford Ave","station_id":"1945126147213275898","mode":"CitiBike","region_id":"71","coord_source":"mapbox","mapbox_name":"Citi Bike – Clifton Pl & Bedford Ave"},"geometry":{"type":"Point","coordinates":[-73.95515576004982,40.688647694639684]}},{"type":"Feature","properties":{"name":"Clinton Ave & Myrtle Ave","station_id":"66dbcd6c-0aca-11e7-82f6-3863bb44ef7c","mode":"CitiBike","region_id":"71","coord_source":"mapbox","mapbox_name":"Citi Bike – Clinton Ave & Myrtle Ave"},"geometry":{"type":"Point","coordinates":[-73.96889537572861,40.693261258457454]}},{"type":"Feature","properties":{"name":"Clinton St & 4 Place","station_id":"66de4959-0aca-11e7-82f6-3863bb44ef7c","mode":"CitiBike","region_id":"71","coord_source":"mapbox","mapbox_name":"Citi Bike – Clinton St & 4 Place"},"geometry":{"type":"Point","coordinates":[-74.00014445185661,40.678340508417335]}},{"type":"Feature","properties":{"name":"Clinton St & 7 St","station_id":"21c4a77d-b1ae-4262-b143-087fd14a07b8","mode":"CitiBike","region_id":"311","coord_source":"mapbox","mapbox_name":"Citi Bike – Clinton St & 7 St"},"geometry":{"type":"Point","coordinates":[-74.03337970376015,40.74538035528332]}},{"type":"Feature","properties":{"name":"Clinton St & Centre St","station_id":"66de08c9-0aca-11e7-82f6-3863bb44ef7c","mode":"CitiBike","region_id":"71","coord_source":"mapbox","mapbox_name":"Citi Bike – Clinton St & Centre St"},"geometry":{"type":"Point","coordinates":[-74.00193884968758,40.67433008905704]}},{"type":"Feature","properties":{"name":"Clinton St & Cherry St","station_id":"f833d403-2cf5-424a-a3b3-0314a44b4a67","mode":"CitiBike","region_id":"71","coord_source":"mapbox","mapbox_name":"Citi Bike – Clinton St & Cherry St"},"geometry":{"type":"Point","coordinates":[-73.98678705096245,40.71138701974806]}},{"type":"Feature","properties":{"name":"Clinton St & Grand St","station_id":"66dbc420-0aca-11e7-82f6-3863bb44ef7c","mode":"CitiBike","region_id":"71","coord_source":"mapbox","mapbox_name":"Citi Bike – Clinton St & Grand St"},"geometry":{"type":"Point","coordinates":[-73.9870295,40.71559509]}},{"type":"Feature","properties":{"name":"Clinton St & Grand St","station_id":"2098714441479661752","mode":"CitiBike","region_id":"71","coord_source":"mapbox","mapbox_name":"Citi Bike – Clinton St & Grand St"},"geometry":{"type":"Point","coordinates":[-73.9869774878025,40.71573065411147]}},{"type":"Feature","properties":{"name":"Clinton St & Joralemon St","station_id":"66db2d2b-0aca-11e7-82f6-3863bb44ef7c","mode":"CitiBike","region_id":"71","coord_source":"mapbox","mapbox_name":"Citi Bike – Clinton St & Joralemon St"},"geometry":{"type":"Point","coordinates":[-73.99337857961655,40.69239490495329]}},{"type":"Feature","properties":{"name":"Clinton St & Newark St","station_id":"8ae0bf30-9979-461e-a947-2dd89f293b40","mode":"CitiBike","region_id":"311","coord_source":"mapbox","mapbox_name":"Citi Bike – Clinton St & Newark St"},"geometry":{"type":"Point","coordinates":[-74.03574138879776,40.73745372064303]}},{"type":"Feature","properties":{"name":"Clinton St & Tillary St","station_id":"cbf76774-1276-4cf8-9442-f00571f1451c","mode":"CitiBike","region_id":"71","coord_source":"mapbox","mapbox_name":"Citi Bike – Clinton St & Tillary St"},"geometry":{"type":"Point","coordinates":[-73.99145543575287,40.69627408792306]}},{"type":"Feature","properties":{"name":"Clinton St & Union St","station_id":"66ddf310-0aca-11e7-82f6-3863bb44ef7c","mode":"CitiBike","region_id":"71","coord_source":"mapbox","mapbox_name":"Citi Bike – Clinton St & Union St"},"geometry":{"type":"Point","coordinates":[-73.99782031774521,40.68317547387289]}},{"type":"Feature","properties":{"name":"Coffey St & Conover St","station_id":"66de1516-0aca-11e7-82f6-3863bb44ef7c","mode":"CitiBike","region_id":"71","coord_source":"mapbox","mapbox_name":"Citi Bike – Coffey St & Conover St"},"geometry":{"type":"Point","coordinates":[-74.01576295495033,40.67729698858287]}},{"type":"Feature","properties":{"name":"Coffey St & Ferris St","station_id":"40042fb4-6ddd-4f74-bb52-5af3e4e08c8d","mode":"CitiBike","region_id":"71","coord_source":"mapbox","mapbox_name":"Citi Bike – Coffey St & Ferris St"},"geometry":{"type":"Point","coordinates":[-74.01716977357864,40.678209306528885]}},{"type":"Feature","properties":{"name":"College Ave & E 169 St","station_id":"f3eb962c-314a-4431-bac7-2eb2ffbe2fd2","mode":"CitiBike","region_id":"71","coord_source":"mapbox","mapbox_name":"Citi Bike – College Ave & E 169 St"},"geometry":{"type":"Point","coordinates":[-73.91194134950638,40.83511975502]}},{"type":"Feature","properties":{"name":"College Ave & E 170 St","station_id":"05d03a63-b5f2-40d9-9a3d-d2fe666a307f","mode":"CitiBike","region_id":"71","coord_source":"mapbox","mapbox_name":"Citi Bike – College Ave & E 170 St"},"geometry":{"type":"Point","coordinates":[-73.9104875922203,40.837603625921275]}},{"type":"Feature","properties":{"name":"Colonial Rd & 68 St","station_id":"2123939242997647892","mode":"CitiBike","region_id":"71","coord_source":"mapbox","mapbox_name":"Citi Bike – Colonial Rd & 68 St"},"geometry":{"type":"Point","coordinates":[-74.03091609477997,40.63843204810934]}},{"type":"Feature","properties":{"name":"Colonial Rd & 71 St","station_id":"2126621026154598618","mode":"CitiBike","region_id":"71","coord_source":"mapbox","mapbox_name":"Citi Bike – Colonial Rd & 71 St"},"geometry":{"type":"Point","coordinates":[-74.03200373053551,40.63536571831037]}},{"type":"Feature","properties":{"name":"Colonial Rd & 83 St","station_id":"2126623199408050430","mode":"CitiBike","region_id":"71","coord_source":"mapbox","mapbox_name":"Citi Bike – Colonial Rd & 83 St"},"geometry":{"type":"Point","coordinates":[-74.03561934828758,40.62689568805092]}},{"type":"Feature","properties":{"name":"Colonial Rd & 89 St","station_id":"2124037250266884686","mode":"CitiBike","region_id":"71","coord_source":"mapbox","mapbox_name":"Citi Bike – Colonial Rd & 89 St"},"geometry":{"type":"Point","coordinates":[-74.03726890683174,40.6225167435945]}},{"type":"Feature","properties":{"name":"Colonial Rd & Wakeman Pl","station_id":"2121032035614514006","mode":"CitiBike","region_id":"71","coord_source":"mapbox","mapbox_name":"Citi Bike – Colonial Rd & Wakeman Pl"},"geometry":{"type":"Point","coordinates":[-74.02938455343246,40.640680057709545]}},{"type":"Feature","properties":{"name":"Columbia Heights & Cranberry St","station_id":"66db3687-0aca-11e7-82f6-3863bb44ef7c","mode":"CitiBike","region_id":"71","coord_source":"mapbox","mapbox_name":"Citi Bike – Columbia Heights & Cranberry St"},"geometry":{"type":"Point","coordinates":[-73.99545460939407,40.70041637888593]}},{"type":"Feature","properties":{"name":"Columbia St & Degraw St","station_id":"66de63cd-0aca-11e7-82f6-3863bb44ef7c","mode":"CitiBike","region_id":"71","coord_source":"mapbox","mapbox_name":"Citi Bike – Columbia St & Degraw St"},"geometry":{"type":"Point","coordinates":[-74.00245383381844,40.68596604735151]}},{"type":"Feature","properties":{"name":"Columbia St & Kane St","station_id":"66ddeca9-0aca-11e7-82f6-3863bb44ef7c","mode":"CitiBike","region_id":"71","coord_source":"mapbox","mapbox_name":"Citi Bike – Columbia St & Kane St"},"geometry":{"type":"Point","coordinates":[-74.00159150362015,40.687747722654166]}},{"type":"Feature","properties":{"name":"Columbia St & Lorraine St","station_id":"66de0cab-0aca-11e7-82f6-3863bb44ef7c","mode":"CitiBike","region_id":"71","coord_source":"mapbox","mapbox_name":"Citi Bike – Columbia St & Lorraine St"},"geometry":{"type":"Point","coordinates":[-74.00756612420082,40.67471252849623]}},{"type":"Feature","properties":{"name":"Columbia St & Rivington St","station_id":"66dba0ba-0aca-11e7-82f6-3863bb44ef7c","mode":"CitiBike","region_id":"71","coord_source":"mapbox","mapbox_name":"Citi Bike – Columbia St & Rivington St"},"geometry":{"type":"Point","coordinates":[-73.98016601800919,40.717399721645336]}},{"type":"Feature","properties":{"name":"Columbia St & W 9 St","station_id":"66de4897-0aca-11e7-82f6-3863bb44ef7c","mode":"CitiBike","region_id":"71","coord_source":"mapbox","mapbox_name":"Citi Bike – Columbia St & W 9 St"},"geometry":{"type":"Point","coordinates":[-74.00647714734077,40.676991862737935]}},{"type":"Feature","properties":{"name":"Columbus Ave & W 103 St","station_id":"66dde8ac-0aca-11e7-82f6-3863bb44ef7c","mode":"CitiBike","region_id":"71","coord_source":"gbfs"},"geometry":{"type":"Point","coordinates":[-73.9643412291,40.7969347]}},{"type":"Feature","properties":{"name":"Columbus Ave & W 59 St","station_id":"1937777808143497236","mode":"CitiBike","region_id":"71","coord_source":"mapbox","mapbox_name":"Citi Bike – Columbus Ave & W 59 St"},"geometry":{"type":"Point","coordinates":[-73.98460909724236,40.76932116270402]}},{"type":"Feature","properties":{"name":"Columbus Ave & W 72 St","station_id":"66dd4c5f-0aca-11e7-82f6-3863bb44ef7c","mode":"CitiBike","region_id":"71","coord_source":"mapbox","mapbox_name":"Citi Bike – Columbus Ave & W 72 St"},"geometry":{"type":"Point","coordinates":[-73.97914275527,40.77684894567241]}},{"type":"Feature","properties":{"name":"Columbus Ave & W 95 St","station_id":"66dde845-0aca-11e7-82f6-3863bb44ef7c","mode":"CitiBike","region_id":"71","coord_source":"mapbox","mapbox_name":"Citi Bike – Columbus Ave & W 95 St"},"geometry":{"type":"Point","coordinates":[-73.96804511547089,40.79205425264587]}},{"type":"Feature","properties":{"name":"Columbus Drive","station_id":"66dddc08-0aca-11e7-82f6-3863bb44ef7c","mode":"CitiBike","region_id":"70","coord_source":"mapbox","mapbox_name":"Citi Bike – Columbus Drive"},"geometry":{"type":"Point","coordinates":[-74.03891444206238,40.71835519823214]}},{"type":"Feature","properties":{"name":"Columbus Park - Clinton St & 9 St","station_id":"fadf00cf-d84a-49e8-9607-c67154915412","mode":"CitiBike","region_id":"311","coord_source":"mapbox","mapbox_name":"Citi Bike – Columbus Park – Clinton St & 9 St"},"geometry":{"type":"Point","coordinates":[-74.03244897723198,40.74816832266447]}},{"type":"Feature","properties":{"name":"Commerce St & Van Brunt St","station_id":"66de47bf-0aca-11e7-82f6-3863bb44ef7c","mode":"CitiBike","region_id":"71","coord_source":"mapbox","mapbox_name":"Citi Bike – Commerce St & Van Brunt St"},"geometry":{"type":"Point","coordinates":[-74.00866851210594,40.68119637390981]}},{"type":"Feature","properties":{"name":"Communipaw & Berry Lane","station_id":"66dddd28-0aca-11e7-82f6-3863bb44ef7c","mode":"CitiBike","region_id":"70","coord_source":"mapbox","mapbox_name":"Citi Bike – Communipaw & Berry Lane"},"geometry":{"type":"Point","coordinates":[-74.06661093235016,40.71435836870427]}},{"type":"Feature","properties":{"name":"Concord St & Bridge St","station_id":"66db5e6a-0aca-11e7-82f6-3863bb44ef7c","mode":"CitiBike","region_id":"71","coord_source":"mapbox","mapbox_name":"Citi Bike – Concord St & Bridge St"},"geometry":{"type":"Point","coordinates":[-73.98474991321564,40.69764471246404]}},{"type":"Feature","properties":{"name":"Concourse Village East & E 158 St","station_id":"78ec2f0d-c309-46d4-8808-7eb1a0674e38","mode":"CitiBike","region_id":"71","coord_source":"mapbox","mapbox_name":"Citi Bike – Concourse Village East & E 158 St"},"geometry":{"type":"Point","coordinates":[-73.91938179731369,40.82373923018406]}},{"type":"Feature","properties":{"name":"Concourse Village West & E 156 St","station_id":"c29c9178-bcb1-4c0c-b789-f4a89512a4e4","mode":"CitiBike","region_id":"71","coord_source":"mapbox","mapbox_name":"Citi Bike – Concourse Village West & E 156 St"},"geometry":{"type":"Point","coordinates":[-73.92326831817627,40.823183092070934]}},{"type":"Feature","properties":{"name":"Congress St & Clinton St","station_id":"a76299eb-73f7-401c-aa8b-edff9ef003bd","mode":"CitiBike","region_id":"71","coord_source":"mapbox","mapbox_name":"Citi Bike – Congress St & Clinton St"},"geometry":{"type":"Point","coordinates":[-73.9955122768879,40.68825618289665]}},{"type":"Feature","properties":{"name":"Congress St & Hicks St","station_id":"b516fedb-3ced-4683-8c17-7e5f6dadf04d","mode":"CitiBike","region_id":"71","coord_source":"mapbox","mapbox_name":"Citi Bike – Congress St & Hicks St"},"geometry":{"type":"Point","coordinates":[-73.99957984685898,40.689376815573354]}},{"type":"Feature","properties":{"name":"Convent Ave & W 135 St","station_id":"44fa161f-eb62-459b-b53e-da83788cfa2a","mode":"CitiBike","region_id":"71","coord_source":"mapbox","mapbox_name":"Citi Bike – Convent Ave & W 135 St"},"geometry":{"type":"Point","coordinates":[-73.95098894834518,40.81822128123821]}},{"type":"Feature","properties":{"name":"Convent Ave & W 151 St","station_id":"54df610f-0e47-4958-98ca-37bb1b1c4dca","mode":"CitiBike","region_id":"71","coord_source":"mapbox","mapbox_name":"Citi Bike – Convent Ave & W 151 St"},"geometry":{"type":"Point","coordinates":[-73.94277334213257,40.82841547714128]}},{"type":"Feature","properties":{"name":"Cooper Ave & 65 Pl","station_id":"c2d549f8-f54c-4a0d-9ecd-6e6f79118279","mode":"CitiBike","region_id":"71","coord_source":"mapbox","mapbox_name":"Citi Bike – Cooper Ave & 65 Pl"},"geometry":{"type":"Point","coordinates":[-73.88872683048248,40.699531817025274]}},{"type":"Feature","properties":{"name":"Cooper Square & Astor Pl","station_id":"66ddd545-0aca-11e7-82f6-3863bb44ef7c","mode":"CitiBike","region_id":"71","coord_source":"mapbox","mapbox_name":"Citi Bike – Cooper Square & Astor Pl"},"geometry":{"type":"Point","coordinates":[-73.9907754957676,40.729470245617904]}},{"type":"Feature","properties":{"name":"Corona Ave & 102 St","station_id":"1846086562569586930","mode":"CitiBike","region_id":"71","coord_source":"mapbox","mapbox_name":"Citi Bike – Corona Ave & 102 St"},"geometry":{"type":"Point","coordinates":[-73.86192217469215,40.74420071727886]}},{"type":"Feature","properties":{"name":"Corona Ave & 111 St","station_id":"1851674198082642572","mode":"CitiBike","region_id":"71","coord_source":"mapbox","mapbox_name":"Citi Bike – Corona Ave & 111 St"},"geometry":{"type":"Point","coordinates":[-73.84991526603699,40.74081612725283]}},{"type":"Feature","properties":{"name":"Corona Ave & 90 St","station_id":"1846085927885781554","mode":"CitiBike","region_id":"71","coord_source":"mapbox","mapbox_name":"Citi Bike – Corona Ave & 90 St"},"geometry":{"type":"Point","coordinates":[-73.87483969330788,40.74154467708843]}},{"type":"Feature","properties":{"name":"Corona Ave & 92 St","station_id":"1846085836152179090","mode":"CitiBike","region_id":"71","coord_source":"mapbox","mapbox_name":"Citi Bike – Corona Ave & 92 St"},"geometry":{"type":"Point","coordinates":[-73.87248873710632,40.742408359024694]}},{"type":"Feature","properties":{"name":"Corona Ave & 98 St","station_id":"1849009534951225816","mode":"CitiBike","region_id":"71","coord_source":"mapbox","mapbox_name":"Citi Bike – Corona Ave & 98 St"},"geometry":{"type":"Point","coordinates":[-73.86518374085426,40.74447911779839]}},{"type":"Feature","properties":{"name":"Cortelyou Rd & Albany Ave","station_id":"1817432954560889524","mode":"CitiBike","region_id":"71","coord_source":"mapbox","mapbox_name":"Citi Bike – Cortelyou Rd & Albany Ave"},"geometry":{"type":"Point","coordinates":[-73.93852472305298,40.64481664530976]}},{"type":"Feature","properties":{"name":"Cortelyou Rd & Argyle Rd","station_id":"1814907277023901890","mode":"CitiBike","region_id":"71","coord_source":"mapbox","mapbox_name":"Citi Bike – Cortelyou Rd & Argyle Rd"},"geometry":{"type":"Point","coordinates":[-73.9660294353962,40.640350340803565]}},{"type":"Feature","properties":{"name":"Cortelyou Rd & E 19 St","station_id":"1814907590556515014","mode":"CitiBike","region_id":"71","coord_source":"mapbox","mapbox_name":"Citi Bike – Cortelyou Rd & E 19 St"},"geometry":{"type":"Point","coordinates":[-73.96107941865921,40.642673589124456]}},{"type":"Feature","properties":{"name":"Cortelyou Rd & E 34 St","station_id":"1828965671716082498","mode":"CitiBike","region_id":"71","coord_source":"mapbox","mapbox_name":"Citi Bike – Cortelyou Rd & E 34 St"},"geometry":{"type":"Point","coordinates":[-73.94486010074615,40.64454291594555]}},{"type":"Feature","properties":{"name":"Cortelyou Rd & E 8 St","station_id":"2121033124458338894","mode":"CitiBike","region_id":"71","coord_source":"mapbox","mapbox_name":"Citi Bike – Cortelyou Rd & E 8 St"},"geometry":{"type":"Point","coordinates":[-73.97061198949814,40.63876279216183]}},{"type":"Feature","properties":{"name":"Cortelyou Rd & Stratford Rd","station_id":"1817432787057164808","mode":"CitiBike","region_id":"71","coord_source":"mapbox","mapbox_name":"Citi Bike – Cortelyou Rd & Stratford Rd"},"geometry":{"type":"Point","coordinates":[-73.96812692284584,40.639641036877606]}},{"type":"Feature","properties":{"name":"Court St & Huntington St","station_id":"66de4b0b-0aca-11e7-82f6-3863bb44ef7c","mode":"CitiBike","region_id":"71","coord_source":"mapbox","mapbox_name":"Citi Bike – Court St & Nelson St"},"geometry":{"type":"Point","coordinates":[-73.99872288107872,40.67637753846711]}},{"type":"Feature","properties":{"name":"Courtlandt Ave & E 149 St","station_id":"9eb98b3b-ea35-483f-91f6-d90c506152db","mode":"CitiBike","region_id":"71","coord_source":"mapbox","mapbox_name":"Citi Bike – Courtlandt Ave & E 149 St"},"geometry":{"type":"Point","coordinates":[-73.91955748200417,40.8164025004082]}},{"type":"Feature","properties":{"name":"Crescent Ave & Belmont Ave","station_id":"1885718199416500650","mode":"CitiBike","region_id":"71","coord_source":"mapbox","mapbox_name":"Citi Bike – Crescent Ave & Belmont Ave"},"geometry":{"type":"Point","coordinates":[-73.88657972216606,40.853912877483026]}},{"type":"Feature","properties":{"name":"Crescent St & 30 Ave","station_id":"fe93b3ae-1d86-4ee9-9eb6-9e11808966aa","mode":"CitiBike","region_id":"71","coord_source":"mapbox","mapbox_name":"Citi Bike – Crescent St & 30 Ave"},"geometry":{"type":"Point","coordinates":[-73.92490714788437,40.76874019203342]}},{"type":"Feature","properties":{"name":"Crescent St & 34 Ave","station_id":"91ca68bd-5ac1-470b-a26d-1ec98ea9cca4","mode":"CitiBike","region_id":"71","coord_source":"mapbox","mapbox_name":"Citi Bike – Crescent St & 34 Ave"},"geometry":{"type":"Point","coordinates":[-73.93057465553284,40.76107232527505]}},{"type":"Feature","properties":{"name":"Crescent St & 35 Ave","station_id":"d265dbc7-ef55-4f5b-8a2b-f2015dc71fb8","mode":"CitiBike","region_id":"71","coord_source":"mapbox","mapbox_name":"Citi Bike – Crescent St & 35 Ave"},"geometry":{"type":"Point","coordinates":[-73.93216654658318,40.759646120284145]}},{"type":"Feature","properties":{"name":"Crescent St & Broadway","station_id":"9d95a4a9-bcfe-4189-bb7d-abd9992ecbaf","mode":"CitiBike","region_id":"71","coord_source":"mapbox","mapbox_name":"Citi Bike – Crescent St & Broadway"},"geometry":{"type":"Point","coordinates":[-73.92863005399704,40.76335987792069]}},{"type":"Feature","properties":{"name":"Crescent St & Ditmars Blvd","station_id":"9e99abca-c679-4788-9a4e-39066660bd6a","mode":"CitiBike","region_id":"71","coord_source":"mapbox","mapbox_name":"Citi Bike – Crescent St & Ditmars Blvd"},"geometry":{"type":"Point","coordinates":[-73.91459807753563,40.77871958726456]}},{"type":"Feature","properties":{"name":"Crotona Ave & Crotona Park N","station_id":"1860187301567054286","mode":"CitiBike","region_id":"71","coord_source":"mapbox","mapbox_name":"Citi Bike – Crotona Ave & Crotona Park N"},"geometry":{"type":"Point","coordinates":[-73.89408051967621,40.842348899925355]}},{"type":"Feature","properties":{"name":"Crotona Ave & E 179 St","station_id":"1860188331547447938","mode":"CitiBike","region_id":"71","coord_source":"mapbox","mapbox_name":"Citi Bike – Crotona Ave & E 179 St"},"geometry":{"type":"Point","coordinates":[-73.88990968465805,40.84664441412073]}},{"type":"Feature","properties":{"name":"Crotona Ave & E 183 St","station_id":"1860189327773878824","mode":"CitiBike","region_id":"71","coord_source":"mapbox","mapbox_name":"Citi Bike – Crotona Ave & E 183 St"},"geometry":{"type":"Point","coordinates":[-73.8847303390503,40.85157265118906]}},{"type":"Feature","properties":{"name":"Crotona Ave & E Fordham Rd","station_id":"1860189813948384088","mode":"CitiBike","region_id":"71","coord_source":"gbfs"},"geometry":{"type":"Point","coordinates":[-73.88147,40.8579]}},{"type":"Feature","properties":{"name":"Crotona Park East & E 173 St","station_id":"426862de-f8f2-4967-ba41-76680a4b460c","mode":"CitiBike","region_id":"71","coord_source":"mapbox","mapbox_name":"Citi Bike – Crotona Park East & E 173 St"},"geometry":{"type":"Point","coordinates":[-73.89040321111679,40.83704963336743]}},{"type":"Feature","properties":{"name":"Crotona Park North & Prospect Ave","station_id":"c809158b-ca8f-4a77-a800-8ee9d287c056","mode":"CitiBike","region_id":"71","coord_source":"mapbox","mapbox_name":"Citi Bike – Crotona Park North & Prospect Ave"},"geometry":{"type":"Point","coordinates":[-73.89232367277145,40.841090831722596]}},{"type":"Feature","properties":{"name":"Crotona Pkwy & Bronx Park S","station_id":"1861678548643203686","mode":"CitiBike","region_id":"71","coord_source":"mapbox","mapbox_name":"Citi Bike – Crotona Pkwy & Bronx Park S"},"geometry":{"type":"Point","coordinates":[-73.88300433754921,40.84786585574207]}},{"type":"Feature","properties":{"name":"Crotona Pkwy & Elsmere Pl","station_id":"1860187692409078310","mode":"CitiBike","region_id":"71","coord_source":"mapbox","mapbox_name":"Citi Bike – Crotona Pkwy & Elsmere Pl"},"geometry":{"type":"Point","coordinates":[-73.88549342751503,40.84188625826559]}},{"type":"Feature","properties":{"name":"Crown St & Rogers Ave","station_id":"acfeadeb-73bb-4ec3-b809-78675b01af74","mode":"CitiBike","region_id":"71","coord_source":"mapbox","mapbox_name":"Citi Bike – Crown St & Rogers Ave"},"geometry":{"type":"Point","coordinates":[-73.95344316959381,40.66639601017687]}},{"type":"Feature","properties":{"name":"Crown St & Troy Ave","station_id":"c45aa693-fedd-478f-ade9-bf176c4e32ff","mode":"CitiBike","region_id":"71","coord_source":"mapbox","mapbox_name":"Citi Bike – Crown St & Troy Ave"},"geometry":{"type":"Point","coordinates":[-73.93711656332016,40.66559237774504]}},{"type":"Feature","properties":{"name":"Culver Ave & JFK Blvd","station_id":"2157736614125310040","mode":"CitiBike","region_id":"70","coord_source":"mapbox","mapbox_name":"Citi Bike – Culver Ave & JFK Blvd"},"geometry":{"type":"Point","coordinates":[-74.08585041761398,40.71010918710459]}},{"type":"Feature","properties":{"name":"Cumberland St & Lafayette Ave","station_id":"66dbf6d2-0aca-11e7-82f6-3863bb44ef7c","mode":"CitiBike","region_id":"71","coord_source":"mapbox","mapbox_name":"Citi Bike – Cumberland St & Lafayette Ave"},"geometry":{"type":"Point","coordinates":[-73.97265180945396,40.68753416819544]}},{"type":"Feature","properties":{"name":"Cypress Ave & George St","station_id":"a6a132f9-89bf-42a4-afe6-1ca449b7f570","mode":"CitiBike","region_id":"71","coord_source":"mapbox","mapbox_name":"Citi Bike – Cypress Ave & George St"},"geometry":{"type":"Point","coordinates":[-73.90271723270416,40.69812361097854]}},{"type":"Feature","properties":{"name":"Cypress Ave & Palmetto St","station_id":"87091002-cc25-452a-b5d9-f8d0c3fce422","mode":"CitiBike","region_id":"71","coord_source":"mapbox","mapbox_name":"Citi Bike – Cypress Ave & Palmetto St"},"geometry":{"type":"Point","coordinates":[-73.90875086188316,40.70156629174403]}},{"type":"Feature","properties":{"name":"Cypress Ave & St Felix Ave","station_id":"36edabac-a0c2-471b-abaf-73fdb53a4e5f","mode":"CitiBike","region_id":"71","coord_source":"mapbox","mapbox_name":"Citi Bike – Cypress Ave & St Felix Ave"},"geometry":{"type":"Point","coordinates":[-73.89926925301552,40.695590798687334]}},{"type":"Feature","properties":{"name":"Cypress Hills St & Otto Rd","station_id":"4956ad8b-06d6-4af4-bcc8-735c45439608","mode":"CitiBike","region_id":"71","coord_source":"mapbox","mapbox_name":"Citi Bike – Cypress Hills St & Otto Rd"},"geometry":{"type":"Point","coordinates":[-73.89287486672401,40.70204312865377]}},{"type":"Feature","properties":{"name":"Dahill Rd & 12 Ave","station_id":"dfb8b9c8-3006-4b76-963a-95f7471dc0a8","mode":"CitiBike","region_id":"71","coord_source":"mapbox","mapbox_name":"Citi Bike – Dahill Rd & 12 Ave"},"geometry":{"type":"Point","coordinates":[-73.9809612929821,40.64589730566382]}},{"type":"Feature","properties":{"name":"Danforth Ave & JFK Blvd","station_id":"2165507807810224012","mode":"CitiBike","region_id":"70","coord_source":"mapbox","mapbox_name":"Citi Bike – Danforth Ave & JFK Blvd"},"geometry":{"type":"Point","coordinates":[-74.09473791718483,40.70056888836436]}},{"type":"Feature","properties":{"name":"Danforth Ave & Sullivan Dr","station_id":"2116635868495600156","mode":"CitiBike","region_id":"70","coord_source":"mapbox","mapbox_name":"Citi Bike – Danforth Ave & Sullivan Dr"},"geometry":{"type":"Point","coordinates":[-74.09810945391655,40.704359145087125]}},{"type":"Feature","properties":{"name":"Danforth Light Rail","station_id":"2116636221383887448","mode":"CitiBike","region_id":"70","coord_source":"mapbox","mapbox_name":"Citi Bike – Danforth Light Rail"},"geometry":{"type":"Point","coordinates":[-74.08801227807999,40.69264098303299]}},{"type":"Feature","properties":{"name":"David Sheridan Plaza & Broadway","station_id":"2177016940364559212","mode":"CitiBike","region_id":"71","coord_source":"mapbox","mapbox_name":"Citi Bike – David Sheridan Plaza & Broadway"},"geometry":{"type":"Point","coordinates":[-73.89665275812149,40.90500900443638]}},{"type":"Feature","properties":{"name":"Davidson Ave & W Burnside Ave","station_id":"6ae35aa8-644e-4b2c-b6a4-6570192f78ab","mode":"CitiBike","region_id":"71","coord_source":"mapbox","mapbox_name":"Citi Bike – Davidson Ave & W Burnside Ave"},"geometry":{"type":"Point","coordinates":[-73.90872940421104,40.853659280881146]}},{"type":"Feature","properties":{"name":"Davis St & Jackson Ave","station_id":"1882736243099681438","mode":"CitiBike","region_id":"71","coord_source":"mapbox","mapbox_name":"Citi Bike – Davis St & Jackson Ave"},"geometry":{"type":"Point","coordinates":[-73.94568890333176,40.745602868633625]}},{"type":"Feature","properties":{"name":"Dawson St & Intervale Ave","station_id":"a2ef8ed2-6031-4049-b7dc-9838ef39889b","mode":"CitiBike","region_id":"71","coord_source":"mapbox","mapbox_name":"Citi Bike – Dawson St & Intervale Ave"},"geometry":{"type":"Point","coordinates":[-73.89726027846336,40.82001768433415]}},{"type":"Feature","properties":{"name":"Dean St & Franklin Ave","station_id":"26176e86-8362-4c91-a693-6aa3f9ce0b73","mode":"CitiBike","region_id":"71","coord_source":"mapbox","mapbox_name":"Citi Bike – Dean St & Franklin Ave"},"geometry":{"type":"Point","coordinates":[-73.95565867424011,40.677577703126815]}},{"type":"Feature","properties":{"name":"Dean St & Hoyt St","station_id":"66de5613-0aca-11e7-82f6-3863bb44ef7c","mode":"CitiBike","region_id":"71","coord_source":"mapbox","mapbox_name":"Citi Bike – Dean St & Hoyt St"},"geometry":{"type":"Point","coordinates":[-73.98758232593536,40.6864480806438]}},{"type":"Feature","properties":{"name":"Dean St & Rockaway Ave","station_id":"4568f854-1268-45cf-bac8-82286ef40ae6","mode":"CitiBike","region_id":"71","coord_source":"mapbox","mapbox_name":"Citi Bike – Dean St & Rockaway Ave"},"geometry":{"type":"Point","coordinates":[-73.91122922301292,40.67487119953455]}},{"type":"Feature","properties":{"name":"Decatur Ave & Bedford Park Blvd","station_id":"6542d952-ca19-410e-9290-ee6b7a6e14cf","mode":"CitiBike","region_id":"71","coord_source":"mapbox","mapbox_name":"Citi Bike – Decatur Ave & Bedford Park Blvd"},"geometry":{"type":"Point","coordinates":[-73.88410672545433,40.86813302123997]}},{"type":"Feature","properties":{"name":"Decatur Ave & E 197 St","station_id":"672d71ab-2c23-4bd2-9ed2-34e54aa4b5b5","mode":"CitiBike","region_id":"71","coord_source":"mapbox","mapbox_name":"Citi Bike – Decatur Ave & E 197 St"},"geometry":{"type":"Point","coordinates":[-73.88806030154228,40.86558132863783]}},{"type":"Feature","properties":{"name":"Decatur Ave & Oliver Pl","station_id":"627c77c0-0088-4ba8-ba66-73e0e3d3fe77","mode":"CitiBike","region_id":"71","coord_source":"mapbox","mapbox_name":"Citi Bike – Decatur Ave & Oliver Pl"},"geometry":{"type":"Point","coordinates":[-73.88576969504356,40.86700728662407]}},{"type":"Feature","properties":{"name":"Decatur St & Saratoga Ave","station_id":"b9d3134b-697f-4a0f-b90f-d95f6c69ffda","mode":"CitiBike","region_id":"71","coord_source":"mapbox","mapbox_name":"Citi Bike – Decatur St & Saratoga Ave"},"geometry":{"type":"Point","coordinates":[-73.91712203621864,40.68336870247791]}},{"type":"Feature","properties":{"name":"Degraw St & 3 Ave","station_id":"0109f17a-2378-4500-9648-88bdb31ec612","mode":"CitiBike","region_id":"71","coord_source":"mapbox","mapbox_name":"Citi Bike – Degraw St & 3 Ave"},"geometry":{"type":"Point","coordinates":[-73.98480623960495,40.679795916696975]}},{"type":"Feature","properties":{"name":"Degraw St & Hoyt St","station_id":"66de0c43-0aca-11e7-82f6-3863bb44ef7c","mode":"CitiBike","region_id":"71","coord_source":"mapbox","mapbox_name":"Citi Bike – Degraw St & Hoyt St"},"geometry":{"type":"Point","coordinates":[-73.99080097675323,40.68200083529976]}},{"type":"Feature","properties":{"name":"Degraw St & Smith St","station_id":"66de0a0a-0aca-11e7-82f6-3863bb44ef7c","mode":"CitiBike","region_id":"71","coord_source":"mapbox","mapbox_name":"Citi Bike – Degraw St & Smith St"},"geometry":{"type":"Point","coordinates":[-73.9932444691658,40.68294359880741]}},{"type":"Feature","properties":{"name":"DeKalb Ave & Hudson Ave","station_id":"66db89a3-0aca-11e7-82f6-3863bb44ef7c","mode":"CitiBike","region_id":"71","coord_source":"mapbox","mapbox_name":"Citi Bike – DeKalb Ave & Hudson Ave"},"geometry":{"type":"Point","coordinates":[-73.9810162782669,40.689857807303156]}},{"type":"Feature","properties":{"name":"DeKalb Ave & S Portland Ave","station_id":"1861271680294357158","mode":"CitiBike","region_id":"71","coord_source":"mapbox","mapbox_name":"Citi Bike – DeKalb Ave & S Portland Ave"},"geometry":{"type":"Point","coordinates":[-73.97493168711662,40.68981001335425]}},{"type":"Feature","properties":{"name":"DeKalb Ave & Vanderbilt Ave","station_id":"66db43b5-0aca-11e7-82f6-3863bb44ef7c","mode":"CitiBike","region_id":"71","coord_source":"mapbox","mapbox_name":"Citi Bike – DeKalb Ave & Vanderbilt Ave"},"geometry":{"type":"Point","coordinates":[-73.96885514259338,40.689407322551546]}},{"type":"Feature","properties":{"name":"Delancey St & Eldridge St","station_id":"8ea09819-cd88-4732-b047-c0549f0b370f","mode":"CitiBike","region_id":"71","coord_source":"mapbox","mapbox_name":"Citi Bike – Delancey St & Eldridge St"},"geometry":{"type":"Point","coordinates":[-73.99151712656021,40.719395025784934]}},{"type":"Feature","properties":{"name":"Devoe St & Lorimer St","station_id":"66dea52b-0aca-11e7-82f6-3863bb44ef7c","mode":"CitiBike","region_id":"71","coord_source":"mapbox","mapbox_name":"Citi Bike – Devoe St & Lorimer St"},"geometry":{"type":"Point","coordinates":[-73.94909530878067,40.713372338763264]}},{"type":"Feature","properties":{"name":"Devoe St & Morgan Ave","station_id":"84a7baff-415b-4ab9-a859-74c2801483ce","mode":"CitiBike","region_id":"71","coord_source":"mapbox","mapbox_name":"Citi Bike – Devoe St & Morgan Ave"},"geometry":{"type":"Point","coordinates":[-73.93514513969421,40.71378200039851]}},{"type":"Feature","properties":{"name":"Dey St","station_id":"66dd650d-0aca-11e7-82f6-3863bb44ef7c","mode":"CitiBike","region_id":"70","coord_source":"mapbox","mapbox_name":"Citi Bike – Dey St"},"geometry":{"type":"Point","coordinates":[-74.06692072749138,40.73771081001391]}},{"type":"Feature","properties":{"name":"Ditmars Blvd & 102 St","station_id":"1835250199411134468","mode":"CitiBike","region_id":"71","coord_source":"mapbox","mapbox_name":"Citi Bike – Ditmars Blvd & 102 St"},"geometry":{"type":"Point","coordinates":[-73.86831790208817,40.76894129784037]}},{"type":"Feature","properties":{"name":"Ditmars Blvd & 19 St","station_id":"550153a5-2ea1-4c76-b1cd-77667005f55d","mode":"CitiBike","region_id":"71","coord_source":"mapbox","mapbox_name":"Citi Bike – Ditmars Blvd & 19 St"},"geometry":{"type":"Point","coordinates":[-73.91813591122627,40.78128680983815]}},{"type":"Feature","properties":{"name":"Ditmars Blvd & 31 Dr","station_id":"1835250318514342456","mode":"CitiBike","region_id":"71","coord_source":"mapbox","mapbox_name":"Citi Bike – Ditmars Blvd & 31 Dr"},"geometry":{"type":"Point","coordinates":[-73.86033162474632,40.761361828962094]}},{"type":"Feature","properties":{"name":"Ditmars Blvd & 43 St","station_id":"330ee4e3-29cb-48e5-845f-a8ccf1aa2ce6","mode":"CitiBike","region_id":"71","coord_source":"mapbox","mapbox_name":"Citi Bike – Ditmars Blvd & 43 St"},"geometry":{"type":"Point","coordinates":[-73.9038397371769,40.77118896930685]}},{"type":"Feature","properties":{"name":"Ditmars Blvd & 48 St","station_id":"60a061d5-d984-4573-af3c-2054f4f59e94","mode":"CitiBike","region_id":"71","coord_source":"mapbox","mapbox_name":"Citi Bike – Ditmars Blvd & 48 St"},"geometry":{"type":"Point","coordinates":[-73.9009228348732,40.76915662257511]}},{"type":"Feature","properties":{"name":"Ditmars Blvd & 73 St","station_id":"28be450b-7878-4495-add2-61afd94f375a","mode":"CitiBike","region_id":"71","coord_source":"mapbox","mapbox_name":"Citi Bike – Ditmars Blvd & 73 St"},"geometry":{"type":"Point","coordinates":[-73.89634162187576,40.76814601223012]}},{"type":"Feature","properties":{"name":"Ditmars Blvd & 76 St","station_id":"6fcad2af-c3e2-47a4-8942-023ae4047e67","mode":"CitiBike","region_id":"71","coord_source":"mapbox","mapbox_name":"Citi Bike – Ditmars Blvd & 76 St"},"geometry":{"type":"Point","coordinates":[-73.89354810118675,40.768413139875975]}},{"type":"Feature","properties":{"name":"Ditmars Blvd & 79 St","station_id":"9157a3bc-43fa-4221-8bb8-17273fc09540","mode":"CitiBike","region_id":"71","coord_source":"mapbox","mapbox_name":"Citi Bike – Ditmars Blvd & 79 St"},"geometry":{"type":"Point","coordinates":[-73.89079749584198,40.768709721403525]}},{"type":"Feature","properties":{"name":"Ditmars Blvd & 94 St","station_id":"1835247196073118026","mode":"CitiBike","region_id":"71","coord_source":"mapbox","mapbox_name":"Citi Bike – Ditmars Blvd & 94 St"},"geometry":{"type":"Point","coordinates":[-73.87586697936058,40.770235267112014]}},{"type":"Feature","properties":{"name":"Ditmas Ave & McDonald Ave","station_id":"2138075988152462096","mode":"CitiBike","region_id":"71","coord_source":"mapbox","mapbox_name":"Citi Bike – Ditmas Ave & McDonald Ave"},"geometry":{"type":"Point","coordinates":[-73.97827506065369,40.63548377410547]}},{"type":"Feature","properties":{"name":"Division Ave & Hooper St","station_id":"e58234a3-5b23-427e-948f-c1e4571b2bfa","mode":"CitiBike","region_id":"71","coord_source":"mapbox","mapbox_name":"Citi Bike – Division Ave & Hooper St"},"geometry":{"type":"Point","coordinates":[-73.95443022251129,40.706952621895226]}},{"type":"Feature","properties":{"name":"Division Ave & Marcy Ave","station_id":"66dce9b5-0aca-11e7-82f6-3863bb44ef7c","mode":"CitiBike","region_id":"71","coord_source":"mapbox","mapbox_name":"Citi Bike – Division Ave & Marcy Ave"},"geometry":{"type":"Point","coordinates":[-73.95796805620193,40.70708681708459]}},{"type":"Feature","properties":{"name":"Division St & Bowery","station_id":"1960020540642077008","mode":"CitiBike","region_id":"71","coord_source":"mapbox","mapbox_name":"Citi Bike – Division St & Bowery"},"geometry":{"type":"Point","coordinates":[-73.99625390768051,40.71419775863728]}},{"type":"Feature","properties":{"name":"Dixon Mills","station_id":"66ddde40-0aca-11e7-82f6-3863bb44ef7c","mode":"CitiBike","region_id":"70","coord_source":"mapbox","mapbox_name":"Citi Bike – Dixon Mills"},"geometry":{"type":"Point","coordinates":[-74.04996916651726,40.72163217545264]}},{"type":"Feature","properties":{"name":"Dock 72 Way & Market St","station_id":"17ba4945-b202-4667-965f-211d80622646","mode":"CitiBike","region_id":"71","coord_source":"mapbox","mapbox_name":"Citi Bike – Dock 72 Way & Market St"},"geometry":{"type":"Point","coordinates":[-73.97135362029076,40.69978600267069]}},{"type":"Feature","properties":{"name":"Dock St & Front St","station_id":"afd76a0e-ceb8-4d18-a427-b378c4d07a75","mode":"CitiBike","region_id":"71","coord_source":"mapbox","mapbox_name":"Citi Bike – Dock St & Front St"},"geometry":{"type":"Point","coordinates":[-73.99252027273178,40.70274363553483]}},{"type":"Feature","properties":{"name":"Douglass St & 3 Ave","station_id":"66de6100-0aca-11e7-82f6-3863bb44ef7c","mode":"CitiBike","region_id":"71","coord_source":"mapbox","mapbox_name":"Citi Bike – Douglass St & 3 Ave"},"geometry":{"type":"Point","coordinates":[-73.98439317941666,40.68025358568934]}},{"type":"Feature","properties":{"name":"Douglass St & 4 Ave","station_id":"66de602e-0aca-11e7-82f6-3863bb44ef7c","mode":"CitiBike","region_id":"71","coord_source":"mapbox","mapbox_name":"Citi Bike – Douglass St & 4 Ave"},"geometry":{"type":"Point","coordinates":[-73.98135423660278,40.67920094230925]}},{"type":"Feature","properties":{"name":"Dr. Lena Edwards Park","station_id":"2108372029596633484","mode":"CitiBike","region_id":"70","coord_source":"mapbox","mapbox_name":"Citi Bike – Dr. Lena Edwards Park"},"geometry":{"type":"Point","coordinates":[-74.05824512243271,40.713237139705114]}},{"type":"Feature","properties":{"name":"Driggs Ave & Lorimer St","station_id":"66dd18dd-0aca-11e7-82f6-3863bb44ef7c","mode":"CitiBike","region_id":"71","coord_source":"mapbox","mapbox_name":"Citi Bike – Driggs Ave & Lorimer St"},"geometry":{"type":"Point","coordinates":[-73.950414955616,40.72179175117935]}},{"type":"Feature","properties":{"name":"Driggs Ave & N 9 St","station_id":"1b28836b-29fd-47a7-9a98-44cd792918fb","mode":"CitiBike","region_id":"71","coord_source":"mapbox","mapbox_name":"Citi Bike – Driggs Ave & N 9 St"},"geometry":{"type":"Point","coordinates":[-73.95505651831627,40.71822915742504]}},{"type":"Feature","properties":{"name":"Driggs Ave & N Henry St","station_id":"66dd1b65-0aca-11e7-82f6-3863bb44ef7c","mode":"CitiBike","region_id":"71","coord_source":"mapbox","mapbox_name":"Citi Bike – Driggs Ave & N Henry St"},"geometry":{"type":"Point","coordinates":[-73.94302278757095,40.723240112096164]}},{"type":"Feature","properties":{"name":"Driggs Ave & S 2 St","station_id":"1786696780996714874","mode":"CitiBike","region_id":"71","coord_source":"mapbox","mapbox_name":"Citi Bike – Driggs Ave & S 2 St"},"geometry":{"type":"Point","coordinates":[-73.96056577563286,40.712615017192746]}},{"type":"Feature","properties":{"name":"Duane St & Hudson St","station_id":"1b038e21-e199-4c47-bef0-f4bcdc06b73b","mode":"CitiBike","region_id":"71","coord_source":"mapbox","mapbox_name":"Citi Bike – Duane St & Hudson St"},"geometry":{"type":"Point","coordinates":[-74.00936588644981,40.71707444989116]}},{"type":"Feature","properties":{"name":"Duffield St & Willoughby St","station_id":"66dbea8d-0aca-11e7-82f6-3863bb44ef7c","mode":"CitiBike","region_id":"71","coord_source":"mapbox","mapbox_name":"Citi Bike – Duffield St & Willoughby St"},"geometry":{"type":"Point","coordinates":[-73.98427248001099,40.6922301744913]}},{"type":"Feature","properties":{"name":"Dumont Ave & Thomas S. Boyland St","station_id":"2235290873630129496","mode":"CitiBike","region_id":"71","coord_source":"gbfs"},"geometry":{"type":"Point","coordinates":[-73.91227,40.66357]}},{"type":"Feature","properties":{"name":"Dwight St & Dikeman St","station_id":"1799624430022654108","mode":"CitiBike","region_id":"71","coord_source":"mapbox","mapbox_name":"Citi Bike – Dwight St & Dikeman St"},"geometry":{"type":"Point","coordinates":[-74.0104803442955,40.67488543922468]}},{"type":"Feature","properties":{"name":"Dwight St & Van Dyke St","station_id":"66de103b-0aca-11e7-82f6-3863bb44ef7c","mode":"CitiBike","region_id":"71","coord_source":"mapbox","mapbox_name":"Citi Bike – Dwight St & Van Dyke St"},"geometry":{"type":"Point","coordinates":[-74.01201322674751,40.673621146315526]}},{"type":"Feature","properties":{"name":"Dyckman St & 10 Ave","station_id":"f0115d11-c678-4274-8bb7-d486dbb63361","mode":"CitiBike","region_id":"71","coord_source":"mapbox","mapbox_name":"Citi Bike – Dyckman St & 10 Ave"},"geometry":{"type":"Point","coordinates":[-73.92309129238129,40.858918675695094]}},{"type":"Feature","properties":{"name":"Dyckman St & Henshaw St","station_id":"89ff4db3-8a29-4565-a366-6fea4b3afc39","mode":"CitiBike","region_id":"71","coord_source":"mapbox","mapbox_name":"Citi Bike – Dyckman St & Henshaw St"},"geometry":{"type":"Point","coordinates":[-73.92948165535927,40.86747888048163]}},{"type":"Feature","properties":{"name":"Dyckman St & Staff St","station_id":"53ef19c6-eaa7-47f7-807e-f51b574b1be0","mode":"CitiBike","region_id":"71","coord_source":"mapbox","mapbox_name":"Citi Bike – Dyckman St & Staff St"},"geometry":{"type":"Point","coordinates":[-73.9315402507782,40.86889161359315]}},{"type":"Feature","properties":{"name":"E 1 St & 1 Ave","station_id":"7b0227aa-bbf5-4731-a49a-765b4afac483","mode":"CitiBike","region_id":"71","coord_source":"mapbox","mapbox_name":"Citi Bike – E 1 St & 1 Ave"},"geometry":{"type":"Point","coordinates":[-73.9887598156929,40.72336817617642]}},{"type":"Feature","properties":{"name":"E 1 St & Bowery","station_id":"4168e5a4-c7ec-4045-bfc8-84ac5edbe845","mode":"CitiBike","region_id":"71","coord_source":"mapbox","mapbox_name":"Citi Bike – E 1 St & Bowery"},"geometry":{"type":"Point","coordinates":[-73.99211257696152,40.72487850062873]}},{"type":"Feature","properties":{"name":"E 10 St & 2 Ave","station_id":"aa8fc8b7-b66c-41d9-9885-30b8af599378","mode":"CitiBike","region_id":"71","coord_source":"mapbox","mapbox_name":"Citi Bike – E 10 St & 2 Ave"},"geometry":{"type":"Point","coordinates":[-73.98657381534576,40.72972838212266]}},{"type":"Feature","properties":{"name":"E 10 St & 5 Ave","station_id":"66db5f40-0aca-11e7-82f6-3863bb44ef7c","mode":"CitiBike","coord_source":"mapbox","mapbox_name":"Citi Bike – E 10 St & 5 Ave"},"geometry":{"type":"Point","coordinates":[-73.99510132,40.73331967]}},{"type":"Feature","properties":{"name":"E 10 St & Ave A","station_id":"66dc1beb-0aca-11e7-82f6-3863bb44ef7c","mode":"CitiBike","region_id":"71","coord_source":"mapbox","mapbox_name":"Citi Bike – E 10 St & Ave A"},"geometry":{"type":"Point","coordinates":[-73.98141995072365,40.72740816648732]}},{"type":"Feature","properties":{"name":"E 102 St & 1 Ave","station_id":"66de186f-0aca-11e7-82f6-3863bb44ef7c","mode":"CitiBike","region_id":"71","coord_source":"mapbox","mapbox_name":"Citi Bike – E 102 St & 1 Ave"},"geometry":{"type":"Point","coordinates":[-73.94166022539139,40.78699669634361]}},{"type":"Feature","properties":{"name":"E 102 St & Park Ave","station_id":"66de1f7f-0aca-11e7-82f6-3863bb44ef7c","mode":"CitiBike","region_id":"71","coord_source":"mapbox","mapbox_name":"Citi Bike – E 102 St & Park Ave"},"geometry":{"type":"Point","coordinates":[-73.95026341080666,40.79046625597704]}},{"type":"Feature","properties":{"name":"E 103 St & 2 Ave","station_id":"1938139112487078732","mode":"CitiBike","region_id":"71","coord_source":"gbfs"},"geometry":{"type":"Point","coordinates":[-73.9436,40.78864]}},{"type":"Feature","properties":{"name":"E 103 St & Lexington Ave","station_id":"66de2a00-0aca-11e7-82f6-3863bb44ef7c","mode":"CitiBike","region_id":"71","coord_source":"mapbox","mapbox_name":"Citi Bike – E 103 St & Lexington Ave"},"geometry":{"type":"Point","coordinates":[-73.94744172692299,40.79025912317681]}},{"type":"Feature","properties":{"name":"E 106 St & 1 Ave","station_id":"66de4594-0aca-11e7-82f6-3863bb44ef7c","mode":"CitiBike","region_id":"71","coord_source":"mapbox","mapbox_name":"Citi Bike – E 106 St & 1 Ave"},"geometry":{"type":"Point","coordinates":[-73.93955200910568,40.78924883383581]}},{"type":"Feature","properties":{"name":"E 106 St & Lexington Ave","station_id":"66de677e-0aca-11e7-82f6-3863bb44ef7c","mode":"CitiBike","region_id":"71","coord_source":"mapbox","mapbox_name":"Citi Bike – E 106 St & Lexington Ave"},"geometry":{"type":"Point","coordinates":[-73.94575595855713,40.79187149281489]}},{"type":"Feature","properties":{"name":"E 106 St & Madison Ave","station_id":"66de43a5-0aca-11e7-82f6-3863bb44ef7c","mode":"CitiBike","region_id":"71","coord_source":"mapbox","mapbox_name":"Citi Bike – E 106 St & Madison Ave"},"geometry":{"type":"Point","coordinates":[-73.94939169287682,40.793427981273425]}},{"type":"Feature","properties":{"name":"E 11 St & 1 Ave","station_id":"66db8ca4-0aca-11e7-82f6-3863bb44ef7c","mode":"CitiBike","region_id":"71","coord_source":"mapbox","mapbox_name":"Citi Bike – E 11 St & 1 Ave"},"geometry":{"type":"Point","coordinates":[-73.98426711559296,40.72953833684039]}},{"type":"Feature","properties":{"name":"E 11 St & 3 Ave","station_id":"a4368364-fa79-493c-8478-1d3471a6077f","mode":"CitiBike","region_id":"71","coord_source":"mapbox","mapbox_name":"Citi Bike – E 11 St & 3 Ave"},"geometry":{"type":"Point","coordinates":[-73.98792564868927,40.73108205794955]}},{"type":"Feature","properties":{"name":"E 11 St & Ave B","station_id":"99d149f9-ad40-461e-beea-fcbf086f9b5a","mode":"CitiBike","region_id":"71","coord_source":"mapbox","mapbox_name":"Citi Bike – E 11 St & Ave B"},"geometry":{"type":"Point","coordinates":[-73.97972613573074,40.727530124645455]}},{"type":"Feature","properties":{"name":"E 11 St & Broadway","station_id":"66dbc860-0aca-11e7-82f6-3863bb44ef7c","mode":"CitiBike","coord_source":"mapbox","mapbox_name":"Citi Bike – E 11 St & Broadway"},"geometry":{"type":"Point","coordinates":[-73.99160161614418,40.73263997059277]}},{"type":"Feature","properties":{"name":"E 114 St & 1 Ave","station_id":"566935d6-4d66-4b42-9822-f2a816e357b9","mode":"CitiBike","region_id":"71","coord_source":"mapbox","mapbox_name":"Citi Bike – E 114 St & 1 Ave"},"geometry":{"type":"Point","coordinates":[-73.93625020980835,40.794552935211385]}},{"type":"Feature","properties":{"name":"E 115 St & Lexington Ave","station_id":"bf317efc-13f1-42be-8243-373a29354033","mode":"CitiBike","region_id":"71","coord_source":"mapbox","mapbox_name":"Citi Bike – E 115 St & Lexington Ave"},"geometry":{"type":"Point","coordinates":[-73.94236296415329,40.797944941753855]}},{"type":"Feature","properties":{"name":"E 115 St & Madison Ave","station_id":"b976906e-81c4-44c5-a160-e17815c0d47b","mode":"CitiBike","region_id":"71","coord_source":"mapbox","mapbox_name":"Citi Bike – E 115 St & Madison Ave"},"geometry":{"type":"Point","coordinates":[-73.94483461976051,40.79894088561679]}},{"type":"Feature","properties":{"name":"E 118 St & 3 Ave","station_id":"e73cf71b-db05-44f9-b57a-689d65320d68","mode":"CitiBike","region_id":"71","coord_source":"mapbox","mapbox_name":"Citi Bike – E 118 St & 3 Ave"},"geometry":{"type":"Point","coordinates":[-73.93891498446465,40.799139869551766]}},{"type":"Feature","properties":{"name":"E 118 St & Madison Ave","station_id":"d3f51f51-7e51-4c75-8600-d76916608707","mode":"CitiBike","region_id":"71","coord_source":"mapbox","mapbox_name":"Citi Bike – E 118 St & Madison Ave"},"geometry":{"type":"Point","coordinates":[-73.94424453377724,40.80148600760157]}},{"type":"Feature","properties":{"name":"E 118 St & Park Ave","station_id":"2177078072664187730","mode":"CitiBike","region_id":"71","coord_source":"mapbox","mapbox_name":"Citi Bike – E 118 St & Park Ave"},"geometry":{"type":"Point","coordinates":[-73.94258290529251,40.800694157210614]}},{"type":"Feature","properties":{"name":"E 12 St & 3 Ave","station_id":"66dc481a-0aca-11e7-82f6-3863bb44ef7c","mode":"CitiBike","region_id":"71","coord_source":"mapbox","mapbox_name":"Citi Bike – E 12 St & 3 Ave"},"geometry":{"type":"Point","coordinates":[-73.98889929056168,40.7322324575012]}},{"type":"Feature","properties":{"name":"E 12 St & Ave C","station_id":"3ac7b47b-2253-4a0b-bf7d-8a2eb6b78a38","mode":"CitiBike","region_id":"71","coord_source":"mapbox","mapbox_name":"Citi Bike – E 12 St & Ave C"},"geometry":{"type":"Point","coordinates":[-73.9770881831646,40.72734007308512]}},{"type":"Feature","properties":{"name":"E 123 St & Lexington Ave","station_id":"16a4effc-282e-4053-b47b-31f734d50c08","mode":"CitiBike","region_id":"71","coord_source":"mapbox","mapbox_name":"Citi Bike – E 123 St & Lexington Ave"},"geometry":{"type":"Point","coordinates":[-73.93790915608406,40.80292755713671]}},{"type":"Feature","properties":{"name":"E 128 St & 3 Ave","station_id":"97bcf094-ad77-4743-9c94-832c7300c090","mode":"CitiBike","region_id":"71","coord_source":"mapbox","mapbox_name":"Citi Bike – E 128 St & 3 Ave"},"geometry":{"type":"Point","coordinates":[-73.93406018614769,40.80564306716775]}},{"type":"Feature","properties":{"name":"E 128 St & Madison Ave","station_id":"c63a83a0-bda1-40a6-835b-f82c363543b9","mode":"CitiBike","region_id":"71","coord_source":"mapbox","mapbox_name":"Citi Bike – E 128 St & Madison Ave"},"geometry":{"type":"Point","coordinates":[-73.9391402900219,40.80755553166085]}},{"type":"Feature","properties":{"name":"E 13 St & 2 Ave","station_id":"348c5e65-cbc3-4da6-9856-fc253a0ba546","mode":"CitiBike","region_id":"71","coord_source":"mapbox","mapbox_name":"Citi Bike – E 13 St & 2 Ave"},"geometry":{"type":"Point","coordinates":[-73.98529440164566,40.73154648843109]}},{"type":"Feature","properties":{"name":"E 13 St & Ave A","station_id":"d9160982-2d9b-4f08-9469-a559a7b62809","mode":"CitiBike","region_id":"71","coord_source":"mapbox","mapbox_name":"Citi Bike – E 13 St & Ave A"},"geometry":{"type":"Point","coordinates":[-73.98058041930199,40.72966537251702]}},{"type":"Feature","properties":{"name":"E 132 St & Madison Ave","station_id":"1ec7ef9f-ab60-4a64-821d-883ba547273a","mode":"CitiBike","region_id":"71","coord_source":"mapbox","mapbox_name":"Citi Bike – E 132 St & Madison Ave"},"geometry":{"type":"Point","coordinates":[-73.93720105290413,40.81023228032666]}},{"type":"Feature","properties":{"name":"E 133 St & Cypress Pl","station_id":"8ea3301f-6940-4e0f-80f0-7a3e54b2eaa5","mode":"CitiBike","region_id":"71","coord_source":"mapbox","mapbox_name":"Citi Bike – E 133 St & Cypress Pl"},"geometry":{"type":"Point","coordinates":[-73.91740635037422,40.80264838625581]}},{"type":"Feature","properties":{"name":"E 134 St & Walnut Ave","station_id":"d7632897-a6eb-4f8f-9ab2-c66426620fbf","mode":"CitiBike","region_id":"71","coord_source":"mapbox","mapbox_name":"Citi Bike – E 134 St & Walnut Ave"},"geometry":{"type":"Point","coordinates":[-73.91102001070976,40.80043934180654]}},{"type":"Feature","properties":{"name":"E 135 St & St Ann's Ave","station_id":"8b1222da-612f-4482-ab34-9467c4ed28e3","mode":"CitiBike","region_id":"71","coord_source":"mapbox","mapbox_name":"Citi Bike – E 135 St & St Ann’s Ave"},"geometry":{"type":"Point","coordinates":[-73.91888558864594,40.805095913524184]}},{"type":"Feature","properties":{"name":"E 138 St & 5 Ave","station_id":"a4d041fd-c5fa-4f52-800c-25d7a661a875","mode":"CitiBike","region_id":"71","coord_source":"mapbox","mapbox_name":"Citi Bike – E 138 St & 5 Ave"},"geometry":{"type":"Point","coordinates":[-73.93614828586578,40.81449435084929]}},{"type":"Feature","properties":{"name":"E 138 St & Cypress Ave","station_id":"96a0b676-e966-4d96-b04b-ceb8149cedcd","mode":"CitiBike","region_id":"71","coord_source":"mapbox","mapbox_name":"Citi Bike – E 138 St & Cypress Ave"},"geometry":{"type":"Point","coordinates":[-73.91474023461342,40.805576069004786]}},{"type":"Feature","properties":{"name":"E 138 St & Grand Concourse","station_id":"38bb1218-0a9e-41d9-b2ef-25c8626dac29","mode":"CitiBike","region_id":"71","coord_source":"mapbox","mapbox_name":"Citi Bike – E 138 St & Grand Concourse"},"geometry":{"type":"Point","coordinates":[-73.93059745430946,40.81322966403877]}},{"type":"Feature","properties":{"name":"E 138 St & Park Ave","station_id":"f3782e27-c49a-4ee9-b188-0c13cad54688","mode":"CitiBike","region_id":"71","coord_source":"mapbox","mapbox_name":"Citi Bike – E 138 St & Park Ave"},"geometry":{"type":"Point","coordinates":[-73.92923355102539,40.81264095730069]}},{"type":"Feature","properties":{"name":"E 138 St & Willow Ave","station_id":"de449a58-0edf-4d36-91b4-4b313576e945","mode":"CitiBike","region_id":"71","coord_source":"mapbox","mapbox_name":"Citi Bike – E 138 St & Willow Ave"},"geometry":{"type":"Point","coordinates":[-73.91165435314178,40.80423304610741]}},{"type":"Feature","properties":{"name":"E 14 St & 1 Ave","station_id":"e2fc6d90-8deb-4e21-961d-9d5208c1f986","mode":"CitiBike","region_id":"71","coord_source":"mapbox","mapbox_name":"Citi Bike – E 14 St & 1 Ave"},"geometry":{"type":"Point","coordinates":[-73.9831030368805,40.731478399263494]}},{"type":"Feature","properties":{"name":"E 14 St & Ave B","station_id":"66dc7ba2-0aca-11e7-82f6-3863bb44ef7c","mode":"CitiBike","region_id":"71","coord_source":"mapbox","mapbox_name":"Citi Bike – E 14 St & Ave B"},"geometry":{"type":"Point","coordinates":[-73.97772386670113,40.72938690999703]}},{"type":"Feature","properties":{"name":"E 141 St & Jackson Ave","station_id":"d8673258-9513-4ed2-86bf-bef62e7e4e30","mode":"CitiBike","region_id":"71","coord_source":"mapbox","mapbox_name":"Citi Bike – E 141 St & Jackson Ave"},"geometry":{"type":"Point","coordinates":[-73.91185283660889,40.806926170449145]}},{"type":"Feature","properties":{"name":"E 141 St & St Ann's Ave","station_id":"9ac5758f-0419-4e28-8387-6bcd28db17fa","mode":"CitiBike","region_id":"71","coord_source":"mapbox","mapbox_name":"Citi Bike – E 141 St & St Ann’s Ave"},"geometry":{"type":"Point","coordinates":[-73.91613632440567,40.80863152248733]}},{"type":"Feature","properties":{"name":"E 142 St & 3 Ave","station_id":"10c13fe2-34cb-4aff-bea1-4f5ce877769b","mode":"CitiBike","region_id":"71","coord_source":"mapbox","mapbox_name":"Citi Bike – E 142 St & 3 Ave"},"geometry":{"type":"Point","coordinates":[-73.92365992069244,40.81272824862964]}},{"type":"Feature","properties":{"name":"E 144 St & Brook Ave","station_id":"98ebf9c6-1d94-4e21-9007-c623875fdb5e","mode":"CitiBike","region_id":"71","coord_source":"mapbox","mapbox_name":"Citi Bike – E 144 St & Brook Ave"},"geometry":{"type":"Point","coordinates":[-73.91704559326172,40.81167973007172]}},{"type":"Feature","properties":{"name":"E 147 St & Bergen Ave","station_id":"4c03fa2d-89da-4f0b-8f19-c7de5edbe256","mode":"CitiBike","region_id":"71","coord_source":"mapbox","mapbox_name":"Citi Bike – E 147 St & Bergen Ave"},"geometry":{"type":"Point","coordinates":[-73.91838937997818,40.814683138305185]}},{"type":"Feature","properties":{"name":"E 149 St & Eagle Ave","station_id":"e71d152c-c2df-4d3e-a9af-139f2529bac6","mode":"CitiBike","region_id":"71","coord_source":"mapbox","mapbox_name":"Citi Bike – E 149 St & Eagle Ave"},"geometry":{"type":"Point","coordinates":[-73.91184747219086,40.81405688967982]}},{"type":"Feature","properties":{"name":"E 149 St & Jackson Ave","station_id":"ccfa8b82-07a7-4a08-88fc-be261c30a4ca","mode":"CitiBike","region_id":"71","coord_source":"mapbox","mapbox_name":"Citi Bike – E 149 St & Jackson Ave"},"geometry":{"type":"Point","coordinates":[-73.90923902392387,40.81313526830999]}},{"type":"Feature","properties":{"name":"E 149 St & Morris Ave","station_id":"d5cb6e67-addb-46d4-93e7-832371736d45","mode":"CitiBike","region_id":"71","coord_source":"mapbox","mapbox_name":"Citi Bike – E 149 St & Morris Ave"},"geometry":{"type":"Point","coordinates":[-73.92295852303505,40.81735756955038]}},{"type":"Feature","properties":{"name":"E 149 St & Park Ave","station_id":"77a498ea-5693-46cc-a4b1-6e428f574797","mode":"CitiBike","region_id":"71","coord_source":"mapbox","mapbox_name":"Citi Bike – E 149 St & Park Ave"},"geometry":{"type":"Point","coordinates":[-73.92524376511574,40.818133997136584]}},{"type":"Feature","properties":{"name":"E 15 St & 3 Ave","station_id":"66db6963-0aca-11e7-82f6-3863bb44ef7c","mode":"CitiBike","region_id":"71","coord_source":"mapbox","mapbox_name":"Citi Bike – E 15 St & 3 Ave"},"geometry":{"type":"Point","coordinates":[-73.98693725466728,40.734129760304455]}},{"type":"Feature","properties":{"name":"E 15 St & 5 Ave","station_id":"1963272613486484230","mode":"CitiBike","region_id":"71","coord_source":"mapbox","mapbox_name":"Citi Bike – E 15 St & 5 Ave"},"geometry":{"type":"Point","coordinates":[-73.99292126297951,40.73657676404949]}},{"type":"Feature","properties":{"name":"E 153 St & E 157 St","station_id":"a8560d28-9ee1-4af4-9180-7e9c4dd0d147","mode":"CitiBike","region_id":"71","coord_source":"mapbox","mapbox_name":"Citi Bike – E 153 St & E 157 St"},"geometry":{"type":"Point","coordinates":[-73.92933413386345,40.82666090837216]}},{"type":"Feature","properties":{"name":"E 155 St & Courtlandt Ave","station_id":"a23a40c3-6da5-4b0f-bb6b-8bfc01ec2261","mode":"CitiBike","region_id":"71","coord_source":"mapbox","mapbox_name":"Citi Bike – E 155 St & Courtlandt Ave"},"geometry":{"type":"Point","coordinates":[-73.91758471727371,40.82058602772517]}},{"type":"Feature","properties":{"name":"E 156 St & Brook Ave","station_id":"be435dfd-e859-487c-ae32-3d2b76d49a49","mode":"CitiBike","region_id":"71","coord_source":"mapbox","mapbox_name":"Citi Bike – E 156 St & Brook Ave"},"geometry":{"type":"Point","coordinates":[-73.91241073608398,40.81983703130774]}},{"type":"Feature","properties":{"name":"E 156 St & Courtlandt Ave","station_id":"4dcff9e7-7cb6-4d3d-ad67-c2e4c05933d3","mode":"CitiBike","region_id":"71","coord_source":"mapbox","mapbox_name":"Citi Bike – E 156 St & Courtlandt Ave"},"geometry":{"type":"Point","coordinates":[-73.91738086938858,40.821225408219135]}},{"type":"Feature","properties":{"name":"E 157 St & River Ave","station_id":"aa0e6301-4162-428d-8943-7b684089b0d1","mode":"CitiBike","region_id":"71","coord_source":"mapbox","mapbox_name":"Citi Bike – E 157 St & River Ave"},"geometry":{"type":"Point","coordinates":[-73.92739087343216,40.825723225056805]}},{"type":"Feature","properties":{"name":"E 158 St & Melrose Ave","station_id":"9d56294e-61fc-4176-bb9c-4692f45bb374","mode":"CitiBike","region_id":"71","coord_source":"mapbox","mapbox_name":"Citi Bike – E 158 St & Melrose Ave"},"geometry":{"type":"Point","coordinates":[-73.91467988491058,40.82221694323928]}},{"type":"Feature","properties":{"name":"E 16 St & 5 Ave","station_id":"66dc741f-0aca-11e7-82f6-3863bb44ef7c","mode":"CitiBike","region_id":"71","coord_source":"mapbox","mapbox_name":"Citi Bike – E 16 St & 5 Ave"},"geometry":{"type":"Point","coordinates":[-73.99239018559456,40.737261665089164]}},{"type":"Feature","properties":{"name":"E 16 St & Cortelyou Rd","station_id":"1814907423052790164","mode":"CitiBike","region_id":"71","coord_source":"mapbox","mapbox_name":"Citi Bike – E 16 St & Cortelyou Rd"},"geometry":{"type":"Point","coordinates":[-73.96364226937294,40.641743485398564]}},{"type":"Feature","properties":{"name":"E 16 St & Irving Pl","station_id":"647a2a80-9630-41b0-9b91-1f464b0bf3cc","mode":"CitiBike","region_id":"71","coord_source":"mapbox","mapbox_name":"Citi Bike – E 16 St & Irving Pl"},"geometry":{"type":"Point","coordinates":[-73.98795247077942,40.735392905120676]}},{"type":"Feature","properties":{"name":"E 160 St & Tinton Ave","station_id":"cda60c6d-80f3-41b7-8ece-fe997f6dafb5","mode":"CitiBike","region_id":"71","coord_source":"mapbox","mapbox_name":"Citi Bike – E 160 St & Tinton Ave"},"geometry":{"type":"Point","coordinates":[-73.90393629670143,40.820303886436164]}},{"type":"Feature","properties":{"name":"E 161 St & Park Ave","station_id":"89171660-8cef-443f-8f75-67503532d1ce","mode":"CitiBike","region_id":"71","coord_source":"mapbox","mapbox_name":"Citi Bike – E 161 St & Park Ave"},"geometry":{"type":"Point","coordinates":[-73.91641661524773,40.82479872127573]}},{"type":"Feature","properties":{"name":"E 161 St & River Ave","station_id":"4b67c6e0-d603-4fbc-afbe-0b8952f4f7af","mode":"CitiBike","region_id":"71","coord_source":"mapbox","mapbox_name":"Citi Bike – E 161 St & River Ave"},"geometry":{"type":"Point","coordinates":[-73.9270931482315,40.82787459998926]}},{"type":"Feature","properties":{"name":"E 163 St & Tiffany St","station_id":"6476c5fd-611e-436c-9736-e0f43bb7774e","mode":"CitiBike","region_id":"71","coord_source":"mapbox","mapbox_name":"Citi Bike – E 163 St & Tiffany St"},"geometry":{"type":"Point","coordinates":[-73.89510110020638,40.82111580057219]}},{"type":"Feature","properties":{"name":"E 163 St & Union Ave","station_id":"05969d95-8a64-4007-abf1-afb847f2d426","mode":"CitiBike","region_id":"71","coord_source":"mapbox","mapbox_name":"Citi Bike – E 163 St & Union Ave"},"geometry":{"type":"Point","coordinates":[-73.90183880925179,40.82252038855847]}},{"type":"Feature","properties":{"name":"E 165 St & Clay Ave","station_id":"b7c6ce96-a24d-4c1e-93ee-6f49c1adf119","mode":"CitiBike","region_id":"71","coord_source":"mapbox","mapbox_name":"Citi Bike – E 165 St & Clay Ave"},"geometry":{"type":"Point","coordinates":[-73.91286939382553,40.828089733643765]}},{"type":"Feature","properties":{"name":"E 165 St & Fox St","station_id":"9af90faf-0b9b-451b-9cb0-20ff421ca1d9","mode":"CitiBike","region_id":"71","coord_source":"mapbox","mapbox_name":"Citi Bike – E 165 St & Fox St"},"geometry":{"type":"Point","coordinates":[-73.89400944113731,40.82393611007723]}},{"type":"Feature","properties":{"name":"E 165 St & Jerome Ave","station_id":"186092d1-a431-45db-8198-d5ba13334d79","mode":"CitiBike","region_id":"71","coord_source":"mapbox","mapbox_name":"Citi Bike – E 165 St & Jerome Ave"},"geometry":{"type":"Point","coordinates":[-73.92510697245598,40.83263680576326]}},{"type":"Feature","properties":{"name":"E 167 St & Bryant Ave","station_id":"b608193c-46ae-4b61-9e7a-4671e7c3b96e","mode":"CitiBike","region_id":"71","coord_source":"mapbox","mapbox_name":"Citi Bike – E 167 St & Bryant Ave"},"geometry":{"type":"Point","coordinates":[-73.88861015439034,40.826702515225065]}},{"type":"Feature","properties":{"name":"E 167 St & Clay Ave","station_id":"fbb2d76c-1d47-4fb1-9c07-622fcace38a5","mode":"CitiBike","region_id":"71","coord_source":"mapbox","mapbox_name":"Citi Bike – E 167 St & Clay Ave"},"geometry":{"type":"Point","coordinates":[-73.91123056411743,40.830941203411726]}},{"type":"Feature","properties":{"name":"E 167 St & Franklin Ave","station_id":"19002a4c-3229-450b-ad69-76948696e60d","mode":"CitiBike","region_id":"71","coord_source":"mapbox","mapbox_name":"Citi Bike – E 167 St & Franklin Ave"},"geometry":{"type":"Point","coordinates":[-73.90520364046097,40.82895939418103]}},{"type":"Feature","properties":{"name":"E 169 St & Fox St","station_id":"1a5eae13-8f27-4875-8330-a796c95f8ad6","mode":"CitiBike","region_id":"71","coord_source":"mapbox","mapbox_name":"Citi Bike – E 169 St & Fox St"},"geometry":{"type":"Point","coordinates":[-73.89371305704117,40.82717338120426]}},{"type":"Feature","properties":{"name":"E 169 St & Webster Ave","station_id":"e0b80983-c520-47e3-9c8d-a17fff5e5582","mode":"CitiBike","region_id":"71","coord_source":"mapbox","mapbox_name":"Citi Bike – E 169 St & Webster Ave"},"geometry":{"type":"Point","coordinates":[-73.9088487625122,40.83403810567958]}},{"type":"Feature","properties":{"name":"E 17 St & 2 Ave","station_id":"55f6b830-e43e-4227-bfc7-683465236d94","mode":"CitiBike","region_id":"71","coord_source":"mapbox","mapbox_name":"Citi Bike – E 17 St & 2 Ave"},"geometry":{"type":"Point","coordinates":[-73.98374542593956,40.734303533057414]}},{"type":"Feature","properties":{"name":"E 17 St & Beverley Rd","station_id":"1814906692908349788","mode":"CitiBike","region_id":"71","coord_source":"mapbox","mapbox_name":"Citi Bike – E 17 St & Beverley Rd"},"geometry":{"type":"Point","coordinates":[-73.96321579813957,40.644683342302386]}},{"type":"Feature","properties":{"name":"E 17 St & Broadway","station_id":"1975518396279321266","mode":"CitiBike","region_id":"71","coord_source":"mapbox","mapbox_name":"Citi Bike – E 17 St & Broadway"},"geometry":{"type":"Point","coordinates":[-73.9900928735733,40.73704928555071]}},{"type":"Feature","properties":{"name":"E 170 St & Clay Ave","station_id":"7d9a1b9e-0123-4561-a111-b3735fada687","mode":"CitiBike","region_id":"71","coord_source":"mapbox","mapbox_name":"Citi Bike – E 170 St & Clay Ave"},"geometry":{"type":"Point","coordinates":[-73.90835925936699,40.83721501990763]}},{"type":"Feature","properties":{"name":"E 170 St & Sheridan Ave","station_id":"d040a7b3-85b5-4c0d-9c92-3f4ad0082143","mode":"CitiBike","region_id":"71","coord_source":"mapbox","mapbox_name":"Citi Bike – E 170 St & Sheridan Ave"},"geometry":{"type":"Point","coordinates":[-73.91260653734207,40.83832299762125]}},{"type":"Feature","properties":{"name":"E 170 St & Webster Ave","station_id":"c4d6b123-df5a-446d-b0ae-d3c4846565d5","mode":"CitiBike","region_id":"71","coord_source":"mapbox","mapbox_name":"Citi Bike – E 170 St & Webster Ave"},"geometry":{"type":"Point","coordinates":[-73.9073172211647,40.836198342746144]}},{"type":"Feature","properties":{"name":"E 171 St & 3 Ave","station_id":"640a9a95-194f-42f5-8d88-1df67129f388","mode":"CitiBike","region_id":"71","coord_source":"mapbox","mapbox_name":"Citi Bike – E 171 St & 3 Ave"},"geometry":{"type":"Point","coordinates":[-73.90217140316963,40.83713080472708]}},{"type":"Feature","properties":{"name":"E 171 St & Webster Ave","station_id":"4e747443-d481-4aea-a6d1-cf20204af4ba","mode":"CitiBike","region_id":"71","coord_source":"mapbox","mapbox_name":"Citi Bike – E 171 St & Webster Ave"},"geometry":{"type":"Point","coordinates":[-73.90581250190735,40.83839402120202]}},{"type":"Feature","properties":{"name":"E 174 St & Longfellow Ave","station_id":"3d339282-d5c7-41ec-b634-6a988aefd440","mode":"CitiBike","region_id":"71","coord_source":"mapbox","mapbox_name":"Citi Bike – E 174 St & Longfellow Ave"},"geometry":{"type":"Point","coordinates":[-73.88431593775749,40.83627139791241]}},{"type":"Feature","properties":{"name":"E 174 St & Walton Ave","station_id":"2a66ed0a-5e6d-4893-a1d1-876bb2bac4be","mode":"CitiBike","region_id":"71","coord_source":"mapbox","mapbox_name":"Citi Bike – E 174 St & Walton Ave"},"geometry":{"type":"Point","coordinates":[-73.9120352268219,40.84481322399955]}},{"type":"Feature","properties":{"name":"E 176 St & Clinton Ave","station_id":"1860187430946456420","mode":"CitiBike","region_id":"71","coord_source":"mapbox","mapbox_name":"Citi Bike – E 176 St & Clinton Ave"},"geometry":{"type":"Point","coordinates":[-73.89147073030472,40.84310575848471]}},{"type":"Feature","properties":{"name":"E 178 St & Monterey Ave","station_id":"1875413335585534272","mode":"CitiBike","region_id":"71","coord_source":"mapbox","mapbox_name":"Citi Bike – E 178 St & Monterey Ave"},"geometry":{"type":"Point","coordinates":[-73.89463439583778,40.84749759955079]}},{"type":"Feature","properties":{"name":"E 179 St & Daly Ave","station_id":"1869753195262578852","mode":"CitiBike","region_id":"71","coord_source":"mapbox","mapbox_name":"Citi Bike – E 179 St & Daly Ave"},"geometry":{"type":"Point","coordinates":[-73.88246923685074,40.84334823547124]}},{"type":"Feature","properties":{"name":"E 179 St & Southern Blvd","station_id":"1931758629658304788","mode":"CitiBike","region_id":"71","coord_source":"mapbox","mapbox_name":"Citi Bike – E 179 St & Southern Blvd"},"geometry":{"type":"Point","coordinates":[-73.88508304953575,40.844683364828626]}},{"type":"Feature","properties":{"name":"E 180 St & Monterey Ave","station_id":"1860188907884823208","mode":"CitiBike","region_id":"71","coord_source":"mapbox","mapbox_name":"Citi Bike – E 180 St & Monterey Ave"},"geometry":{"type":"Point","coordinates":[-73.89300093054771,40.850254906120085]}},{"type":"Feature","properties":{"name":"E 180 St & Prospect Ave","station_id":"1862008413697896912","mode":"CitiBike","region_id":"71","coord_source":"mapbox","mapbox_name":"Citi Bike – E 180 St & Prospect Ave"},"geometry":{"type":"Point","coordinates":[-73.88658910989761,40.84697006645504]}},{"type":"Feature","properties":{"name":"E 181 St & Bathgate Ave","station_id":"1860189190334925058","mode":"CitiBike","region_id":"71","coord_source":"mapbox","mapbox_name":"Citi Bike – E 181 St & Bathgate Ave"},"geometry":{"type":"Point","coordinates":[-73.89439165592194,40.85198450454948]}},{"type":"Feature","properties":{"name":"E 182 St & Belmont Ave","station_id":"1869754004195029842","mode":"CitiBike","region_id":"71","coord_source":"mapbox","mapbox_name":"Citi Bike – E 182 St & Belmont Ave"},"geometry":{"type":"Point","coordinates":[-73.88791143894196,40.85090515927166]}},{"type":"Feature","properties":{"name":"E 182 St & Grand Concourse","station_id":"1885440410432338078","mode":"CitiBike","region_id":"71","coord_source":"mapbox","mapbox_name":"Citi Bike – E 182 St & Grand Concourse"},"geometry":{"type":"Point","coordinates":[-73.90049770474434,40.855912199097304]}},{"type":"Feature","properties":{"name":"E 182 St & Morris Ave","station_id":"fffb18be-14b3-412f-a808-107a98cd9e58","mode":"CitiBike","region_id":"71","coord_source":"mapbox","mapbox_name":"Citi Bike – E 182 St & Morris Ave"},"geometry":{"type":"Point","coordinates":[-73.90264078974724,40.85674802140002]}},{"type":"Feature","properties":{"name":"E 182 St & Park Ave","station_id":"1860189426558126796","mode":"CitiBike","region_id":"71","coord_source":"mapbox","mapbox_name":"Citi Bike – E 182 St & Park Ave"},"geometry":{"type":"Point","coordinates":[-73.8950689136982,40.85456005161143]}},{"type":"Feature","properties":{"name":"E 184 St & 3 Ave","station_id":"1864605386632012480","mode":"CitiBike","region_id":"71","coord_source":"mapbox","mapbox_name":"Citi Bike – E 184 St & 3 Ave"},"geometry":{"type":"Point","coordinates":[-73.8902060687542,40.85473655254927]}},{"type":"Feature","properties":{"name":"E 187 St & 3 Ave","station_id":"1860190006584693708","mode":"CitiBike","region_id":"71","coord_source":"mapbox","mapbox_name":"Citi Bike – E 187 St & 3 Ave"},"geometry":{"type":"Point","coordinates":[-73.89090344309807,40.85723490331753]}},{"type":"Feature","properties":{"name":"E 188 St & Creston Ave","station_id":"36d80620-9774-487e-8eb0-cf5f18a39321","mode":"CitiBike","region_id":"71","coord_source":"mapbox","mapbox_name":"Citi Bike – E 188 St & Creston Ave"},"geometry":{"type":"Point","coordinates":[-73.89857187867165,40.8616542073928]}},{"type":"Feature","properties":{"name":"E 188 St & Hughes Ave","station_id":"1860189650739626488","mode":"CitiBike","region_id":"71","coord_source":"mapbox","mapbox_name":"Citi Bike – E 188 St & Hughes Ave"},"geometry":{"type":"Point","coordinates":[-73.88625785708427,40.856115069557404]}},{"type":"Feature","properties":{"name":"E 189 St & Bathgate Ave","station_id":"1862008939006380034","mode":"CitiBike","region_id":"71","coord_source":"mapbox","mapbox_name":"Citi Bike – E 189 St & Bathgate Ave"},"geometry":{"type":"Point","coordinates":[-73.88820916414261,40.85858902483395]}},{"type":"Feature","properties":{"name":"E 19 St & 3 Ave","station_id":"66db8c10-0aca-11e7-82f6-3863bb44ef7c","mode":"CitiBike","region_id":"71","coord_source":"mapbox","mapbox_name":"Citi Bike – E 19 St & 3 Ave"},"geometry":{"type":"Point","coordinates":[-73.98473765,40.73624527]}},{"type":"Feature","properties":{"name":"E 19 St & Beverley Rd","station_id":"1845677022981917240","mode":"CitiBike","region_id":"71","coord_source":"mapbox","mapbox_name":"Citi Bike – E 19 St & Beverley Rd"},"geometry":{"type":"Point","coordinates":[-73.96130874752998,40.64484513752109]}},{"type":"Feature","properties":{"name":"E 191 St & Bathgate Ave","station_id":"1887292564377354448","mode":"CitiBike","region_id":"71","coord_source":"mapbox","mapbox_name":"Citi Bike – E 191 St & Bathgate Ave"},"geometry":{"type":"Point","coordinates":[-73.88660922646523,40.86009830518364]}},{"type":"Feature","properties":{"name":"E 196 St & Valentine Ave","station_id":"2127386600787000162","mode":"CitiBike","region_id":"71","coord_source":"mapbox","mapbox_name":"Citi Bike – E 196 St & Valentine Ave"},"geometry":{"type":"Point","coordinates":[-73.89199107885361,40.8674413559321]}},{"type":"Feature","properties":{"name":"E 2 St & 2 Ave","station_id":"66dbf140-0aca-11e7-82f6-3863bb44ef7c","mode":"CitiBike","region_id":"71","coord_source":"mapbox","mapbox_name":"Citi Bike – E 2 St & 2 Ave"},"geometry":{"type":"Point","coordinates":[-73.99069637060165,40.72502892137581]}},{"type":"Feature","properties":{"name":"E 2 St & Ave A","station_id":"93e2e1a5-49c5-41f8-a6bf-b399b6a5140d","mode":"CitiBike","region_id":"71","coord_source":"mapbox","mapbox_name":"Citi Bike – E 2 St & Ave A"},"geometry":{"type":"Point","coordinates":[-73.98600921034813,40.72326450527328]}},{"type":"Feature","properties":{"name":"E 2 St & Ave B","station_id":"66db6aae-0aca-11e7-82f6-3863bb44ef7c","mode":"CitiBike","region_id":"71","coord_source":"mapbox","mapbox_name":"Citi Bike – E 2 St & Ave B"},"geometry":{"type":"Point","coordinates":[-73.98368775844574,40.722173918243556]}},{"type":"Feature","properties":{"name":"E 2 St & Ave C","station_id":"66db2f4c-0aca-11e7-82f6-3863bb44ef7c","mode":"CitiBike","region_id":"71","coord_source":"mapbox","mapbox_name":"Citi Bike – E 2 St & Ave C"},"geometry":{"type":"Point","coordinates":[-73.98085795,40.7208736]}},{"type":"Feature","properties":{"name":"E 20 St & 2 Ave","station_id":"66dc259a-0aca-11e7-82f6-3863bb44ef7c","mode":"CitiBike","region_id":"71","coord_source":"mapbox","mapbox_name":"Citi Bike – E 20 St & 2 Ave"},"geometry":{"type":"Point","coordinates":[-73.98205026984215,40.735876613116744]}},{"type":"Feature","properties":{"name":"E 20 St & FDR Dr","station_id":"c7ffe3fa-9cd6-4d35-9060-7d5822381442","mode":"CitiBike","region_id":"71","coord_source":"mapbox","mapbox_name":"Citi Bike – E 20 St & FDR Dr"},"geometry":{"type":"Point","coordinates":[-73.97551640868187,40.73320296462322]}},{"type":"Feature","properties":{"name":"E 20 St & Park Ave","station_id":"66dc7773-0aca-11e7-82f6-3863bb44ef7c","mode":"CitiBike","region_id":"71","coord_source":"mapbox","mapbox_name":"Citi Bike – E 20 St & Park Ave"},"geometry":{"type":"Point","coordinates":[-73.98751929402351,40.73827477728784]}},{"type":"Feature","properties":{"name":"E 201 St & Briggs Ave","station_id":"1096fc76-794e-4343-8eb0-0dd6c9a48266","mode":"CitiBike","region_id":"71","coord_source":"mapbox","mapbox_name":"Citi Bike – E 201 St & Briggs Ave"},"geometry":{"type":"Point","coordinates":[-73.884586840868,40.87205975830281]}},{"type":"Feature","properties":{"name":"E 204 St & Webster Ave","station_id":"2171902770580328596","mode":"CitiBike","region_id":"71","coord_source":"mapbox","mapbox_name":"Citi Bike – E 204 St & Webster Ave"},"geometry":{"type":"Point","coordinates":[-73.87676015496254,40.870942203434566]}},{"type":"Feature","properties":{"name":"E 205 St & Webster Ave","station_id":"2171903032377767128","mode":"CitiBike","region_id":"71","coord_source":"mapbox","mapbox_name":"Citi Bike – E 205 St & Webster Ave"},"geometry":{"type":"Point","coordinates":[-73.87520983815193,40.873027208899344]}},{"type":"Feature","properties":{"name":"E 21 St & Church Ave","station_id":"1815967159287043052","mode":"CitiBike","region_id":"71","coord_source":"mapbox","mapbox_name":"Citi Bike – E 21 St & Church Ave"},"geometry":{"type":"Point","coordinates":[-73.96000385284424,40.65008546238582]}},{"type":"Feature","properties":{"name":"E 22 St & 2 Ave","station_id":"6ff2eec8-2b72-490a-b1c3-f9892ab3a724","mode":"CitiBike","region_id":"71","coord_source":"mapbox","mapbox_name":"Citi Bike – E 22 St & 2 Ave"},"geometry":{"type":"Point","coordinates":[-73.98120939731598,40.737187484753264]}},{"type":"Feature","properties":{"name":"E 23 St & 1 Ave","station_id":"66dc8c90-0aca-11e7-82f6-3863bb44ef7c","mode":"CitiBike","region_id":"71","coord_source":"mapbox","mapbox_name":"Citi Bike – E 23 St & 1 Ave"},"geometry":{"type":"Point","coordinates":[-73.97809535264969,40.736501566769874]}},{"type":"Feature","properties":{"name":"E 23 St & FDR Dr","station_id":"2053884382031338034","mode":"CitiBike","region_id":"71","coord_source":"mapbox","mapbox_name":"Citi Bike – E 23 St & FDR Dr"},"geometry":{"type":"Point","coordinates":[-73.97607833147049,40.73602396044191]}},{"type":"Feature","properties":{"name":"E 24 St & Park Ave S","station_id":"66dc6a86-0aca-11e7-82f6-3863bb44ef7c","mode":"CitiBike","region_id":"71","coord_source":"mapbox","mapbox_name":"Citi Bike – E 24 St & Park Ave S"},"geometry":{"type":"Point","coordinates":[-73.9860226213932,40.74096346363734]}},{"type":"Feature","properties":{"name":"E 25 St & 1 Ave","station_id":"66db34fc-0aca-11e7-82f6-3863bb44ef7c","mode":"CitiBike","region_id":"71","coord_source":"mapbox","mapbox_name":"Citi Bike – E 25 St & 1 Ave"},"geometry":{"type":"Point","coordinates":[-73.97737115621567,40.73815487113251]}},{"type":"Feature","properties":{"name":"E 25 St & 2 Ave","station_id":"66dc7957-0aca-11e7-82f6-3863bb44ef7c","mode":"CitiBike","region_id":"71","coord_source":"mapbox","mapbox_name":"Citi Bike – E 25 St & 2 Ave"},"geometry":{"type":"Point","coordinates":[-73.97973776,40.73912601]}},{"type":"Feature","properties":{"name":"E 27 St & 1 Ave","station_id":"66dc9223-0aca-11e7-82f6-3863bb44ef7c","mode":"CitiBike","region_id":"71","coord_source":"mapbox","mapbox_name":"Citi Bike – E 27 St & 1 Ave"},"geometry":{"type":"Point","coordinates":[-73.97693395614624,40.739486020568506]}},{"type":"Feature","properties":{"name":"E 27 St & Park Ave S","station_id":"e6c2a46e-431a-4101-af84-870f660ff4cb","mode":"CitiBike","region_id":"71","coord_source":"mapbox","mapbox_name":"Citi Bike – E 27 St & Park Ave S"},"geometry":{"type":"Point","coordinates":[-73.98473113775253,40.74275382865903]}},{"type":"Feature","properties":{"name":"E 3 St & 1 Ave","station_id":"66dc0f8a-0aca-11e7-82f6-3863bb44ef7c","mode":"CitiBike","region_id":"71","coord_source":"mapbox","mapbox_name":"Citi Bike – E 3 St & 1 Ave"},"geometry":{"type":"Point","coordinates":[-73.98783413,40.72467721]}},{"type":"Feature","properties":{"name":"E 3 St & Church Ave","station_id":"8df41833-c7bf-4171-bdab-58d64f6ade54","mode":"CitiBike","region_id":"71","coord_source":"mapbox","mapbox_name":"Citi Bike – E 3 St & Church Ave"},"geometry":{"type":"Point","coordinates":[-73.9774489402771,40.643839762135485]}},{"type":"Feature","properties":{"name":"E 3 St & Cortelyou Rd","station_id":"2121033322026834516","mode":"CitiBike","region_id":"71","coord_source":"mapbox","mapbox_name":"Citi Bike – E 3 St & Cortelyou Rd"},"geometry":{"type":"Point","coordinates":[-73.97649273276329,40.63828550252839]}},{"type":"Feature","properties":{"name":"E 30 St & Park Ave S","station_id":"66dc8d1d-0aca-11e7-82f6-3863bb44ef7c","mode":"CitiBike","region_id":"71","coord_source":"mapbox","mapbox_name":"Citi Bike – E 30 St & Park Ave S"},"geometry":{"type":"Point","coordinates":[-73.98303464055061,40.74444965210512]}},{"type":"Feature","properties":{"name":"E 31 St & 3 Ave","station_id":"66dc3e89-0aca-11e7-82f6-3863bb44ef7c","mode":"CitiBike","region_id":"71","coord_source":"mapbox","mapbox_name":"Citi Bike – E 31 St & 3 Ave"},"geometry":{"type":"Point","coordinates":[-73.97969126701355,40.74395381365321]}},{"type":"Feature","properties":{"name":"E 32 St & Park Ave","station_id":"66dc3a1a-0aca-11e7-82f6-3863bb44ef7c","mode":"CitiBike","region_id":"71","coord_source":"mapbox","mapbox_name":"Citi Bike – E 32 St & Park Ave"},"geometry":{"type":"Point","coordinates":[-73.98194834589958,40.74571158493134]}},{"type":"Feature","properties":{"name":"E 33 St & 1 Ave","station_id":"61c82689-3f4c-495d-8f44-e71de8f04088","mode":"CitiBike","region_id":"71","coord_source":"mapbox","mapbox_name":"Citi Bike – E 33 St & 1 Ave"},"geometry":{"type":"Point","coordinates":[-73.97461384534836,40.743277110128844]}},{"type":"Feature","properties":{"name":"E 33 St & 5 Ave","station_id":"66dc840f-0aca-11e7-82f6-3863bb44ef7c","mode":"CitiBike","region_id":"71","coord_source":"mapbox","mapbox_name":"Citi Bike – E 33 St & 5 Ave"},"geometry":{"type":"Point","coordinates":[-73.98490682244301,40.74765930381412]}},{"type":"Feature","properties":{"name":"E 33 St & Park Ave","station_id":"29b63342-02ab-4a62-be64-d3e59c0e1988","mode":"CitiBike","coord_source":"mapbox","mapbox_name":"Citi Bike – E 32 St & Park Ave"},"geometry":{"type":"Point","coordinates":[-73.98194834589958,40.74571158493134]}},{"type":"Feature","properties":{"name":"E 34 St & Church Ave","station_id":"1817432606668538118","mode":"CitiBike","region_id":"71","coord_source":"mapbox","mapbox_name":"Citi Bike – E 34 St & Church Ave"},"geometry":{"type":"Point","coordinates":[-73.94577205181122,40.651174177282826]}},{"type":"Feature","properties":{"name":"E 34 St & Linden Blvd","station_id":"1820420022433309054","mode":"CitiBike","region_id":"71","coord_source":"mapbox","mapbox_name":"Citi Bike – E 34 St & Linden Blvd"},"geometry":{"type":"Point","coordinates":[-73.94597992300987,40.653029021657545]}},{"type":"Feature","properties":{"name":"E 35 St & Madison Ave","station_id":"2637fed8-1e2a-460b-83eb-3eb32ace0f4e","mode":"CitiBike","region_id":"71","coord_source":"mapbox","mapbox_name":"Citi Bike – E 35 St & Madison Ave"},"geometry":{"type":"Point","coordinates":[-73.98278519511223,40.748605202003716]}},{"type":"Feature","properties":{"name":"E 38 St & Church Ave","station_id":"1845676816555735590","mode":"CitiBike","region_id":"71","coord_source":"mapbox","mapbox_name":"Citi Bike – E 38 St & Church Ave"},"geometry":{"type":"Point","coordinates":[-73.94193515181541,40.651067341560264]}},{"type":"Feature","properties":{"name":"E 39 St & Lexington Ave","station_id":"de0c1800-f7cc-41b4-ab7a-c9d219180d06","mode":"CitiBike","region_id":"71","coord_source":"mapbox","mapbox_name":"Citi Bike – E 39 St & Lexington Ave"},"geometry":{"type":"Point","coordinates":[-73.97720083594322,40.7494952077781]}},{"type":"Feature","properties":{"name":"E 4 St & 2 Ave","station_id":"66dc176f-0aca-11e7-82f6-3863bb44ef7c","mode":"CitiBike","region_id":"71","coord_source":"mapbox","mapbox_name":"Citi Bike – E 4 St & 2 Ave"},"geometry":{"type":"Point","coordinates":[-73.98978039622307,40.72628105926529]}},{"type":"Feature","properties":{"name":"E 4 St & Ave B","station_id":"edc9b877-c311-46b4-a780-59ee7e692324","mode":"CitiBike","region_id":"71","coord_source":"mapbox","mapbox_name":"Citi Bike – E 4 St & Ave B"},"geometry":{"type":"Point","coordinates":[-73.98263901472092,40.723373258079306]}},{"type":"Feature","properties":{"name":"E 40 St & 5 Ave","station_id":"66db30e0-0aca-11e7-82f6-3863bb44ef7c","mode":"CitiBike","region_id":"71","coord_source":"mapbox","mapbox_name":"Citi Bike – E 40 St & 5 Ave"},"geometry":{"type":"Point","coordinates":[-73.98163184523582,40.75206254353614]}},{"type":"Feature","properties":{"name":"E 40 St & Park Ave","station_id":"c638ec67-9ac0-416f-944f-619926144931","mode":"CitiBike","region_id":"71","coord_source":"mapbox","mapbox_name":"Citi Bike – E 40 St & Park Ave"},"geometry":{"type":"Point","coordinates":[-73.97830456495285,40.7507712683331]}},{"type":"Feature","properties":{"name":"E 43 St & 2 Ave","station_id":"66dca5f3-0aca-11e7-82f6-3863bb44ef7c","mode":"CitiBike","region_id":"71","coord_source":"mapbox","mapbox_name":"Citi Bike – E 43 St & 2 Ave"},"geometry":{"type":"Point","coordinates":[-73.97085472941399,40.75004993137853]}},{"type":"Feature","properties":{"name":"E 43 St & Madison Ave","station_id":"2af3ecc3-4f43-468a-a7cc-bb4804ee3e7a","mode":"CitiBike","region_id":"71","coord_source":"mapbox","mapbox_name":"Citi Bike – E 43 St & Madison Ave"},"geometry":{"type":"Point","coordinates":[-73.97897511720657,40.75352243659535]}},{"type":"Feature","properties":{"name":"E 44 St & 2 Ave","station_id":"66dea8ff-0aca-11e7-82f6-3863bb44ef7c","mode":"CitiBike","region_id":"71","coord_source":"mapbox","mapbox_name":"Citi Bike – E 44 St & 2 Ave"},"geometry":{"type":"Point","coordinates":[-73.97181898355484,40.75143265632593]}},{"type":"Feature","properties":{"name":"E 44 St & Lexington Ave","station_id":"1e226f22-034f-4b99-8184-a8eaa591fbd8","mode":"CitiBike","region_id":"71","coord_source":"mapbox","mapbox_name":"Citi Bike – E 44 St & Lexington Ave"},"geometry":{"type":"Point","coordinates":[-73.97494375705719,40.752608102313616]}},{"type":"Feature","properties":{"name":"E 45 St & 3 Ave","station_id":"66dc17df-0aca-11e7-82f6-3863bb44ef7c","mode":"CitiBike","region_id":"71","coord_source":"mapbox","mapbox_name":"Citi Bike – E 45 St & 3 Ave"},"geometry":{"type":"Point","coordinates":[-73.97282615303993,40.75255425779167]}},{"type":"Feature","properties":{"name":"E 46 St & Madison Ave","station_id":"1903998756008763590","mode":"CitiBike","coord_source":"mapbox","mapbox_name":"Citi Bike – E 46 St & Madison Ave"},"geometry":{"type":"Point","coordinates":[-73.97759780287743,40.75538256008326]}},{"type":"Feature","properties":{"name":"E 47 St & 1 Ave","station_id":"66dc7e75-0aca-11e7-82f6-3863bb44ef7c","mode":"CitiBike","region_id":"71","coord_source":"mapbox","mapbox_name":"Citi Bike – E 47 St & 1 Ave"},"geometry":{"type":"Point","coordinates":[-73.96787211298943,40.752097085565396]}},{"type":"Feature","properties":{"name":"E 47 St & 2 Ave","station_id":"66db32fb-0aca-11e7-82f6-3863bb44ef7c","mode":"CitiBike","region_id":"71","coord_source":"mapbox","mapbox_name":"Citi Bike – E 47 St & 2 Ave"},"geometry":{"type":"Point","coordinates":[-73.97052481770515,40.75330604528443]}},{"type":"Feature","properties":{"name":"E 47 St & Park Ave","station_id":"66dbc982-0aca-11e7-82f6-3863bb44ef7c","mode":"CitiBike","region_id":"71","coord_source":"mapbox","mapbox_name":"Citi Bike – E 47 St & Park Ave"},"geometry":{"type":"Point","coordinates":[-73.97498667240143,40.75510318931427]}},{"type":"Feature","properties":{"name":"E 48 St & 3 Ave","station_id":"66db3997-0aca-11e7-82f6-3863bb44ef7c","mode":"CitiBike","region_id":"71","coord_source":"mapbox","mapbox_name":"Citi Bike – E 48 St & 3 Ave"},"geometry":{"type":"Point","coordinates":[-73.97221729159355,40.754713084167236]}},{"type":"Feature","properties":{"name":"E 48 St & 5 Ave","station_id":"66dd9fa6-0aca-11e7-82f6-3863bb44ef7c","mode":"CitiBike","region_id":"71","coord_source":"mapbox","mapbox_name":"Citi Bike – E 48 St & 5 Ave"},"geometry":{"type":"Point","coordinates":[-73.97787407040596,40.757145108594216]}},{"type":"Feature","properties":{"name":"E 48 St & Tilden Ave","station_id":"1815968345907104578","mode":"CitiBike","region_id":"71","coord_source":"mapbox","mapbox_name":"Citi Bike – E 48 St & Tilden Ave"},"geometry":{"type":"Point","coordinates":[-73.93181383609772,40.64800464477884]}},{"type":"Feature","properties":{"name":"E 49 St & Church Ave","station_id":"1815967674683118258","mode":"CitiBike","region_id":"71","coord_source":"mapbox","mapbox_name":"Citi Bike – E 49 St & Church Ave"},"geometry":{"type":"Point","coordinates":[-73.93135383725166,40.651827397694774]}},{"type":"Feature","properties":{"name":"E 5 St & Ave A","station_id":"0096fecb-3a56-4585-9204-aa9554f7bc49","mode":"CitiBike","region_id":"71","coord_source":"mapbox","mapbox_name":"Citi Bike – E 5 St & Ave A"},"geometry":{"type":"Point","coordinates":[-73.98428857326508,40.72477381571903]}},{"type":"Feature","properties":{"name":"E 5 St & Ave C","station_id":"66dbec40-0aca-11e7-82f6-3863bb44ef7c","mode":"CitiBike","region_id":"71","coord_source":"mapbox","mapbox_name":"Citi Bike – E 5 St & Ave C"},"geometry":{"type":"Point","coordinates":[-73.97998228669167,40.72296263907691]}},{"type":"Feature","properties":{"name":"E 5 St & Cooper Sq","station_id":"d8778570-f7f2-458d-82f5-9ad39210a501","mode":"CitiBike","region_id":"71","coord_source":"mapbox","mapbox_name":"Citi Bike – E 5 St & Cooper Sq"},"geometry":{"type":"Point","coordinates":[-73.99098202586174,40.727697816747906]}},{"type":"Feature","properties":{"name":"E 50 St & Park Ave","station_id":"70634bc4-4d90-42d4-8f6a-3f29fa8f7f77","mode":"CitiBike","region_id":"71","coord_source":"mapbox","mapbox_name":"Citi Bike – E 50 St & Park Ave"},"geometry":{"type":"Point","coordinates":[-73.97419944405556,40.757324916391894]}},{"type":"Feature","properties":{"name":"E 51 St & 1 Ave","station_id":"66dc210e-0aca-11e7-82f6-3863bb44ef7c","mode":"CitiBike","region_id":"71","coord_source":"mapbox","mapbox_name":"Citi Bike – E 51 St & 1 Ave"},"geometry":{"type":"Point","coordinates":[-73.96592976,40.75455731]}},{"type":"Feature","properties":{"name":"E 51 St & 2 Ave","station_id":"632b140c-65de-4f50-9cc2-c001ae011aea","mode":"CitiBike","region_id":"71","coord_source":"mapbox","mapbox_name":"Citi Bike – E 51 St & 2 Ave"},"geometry":{"type":"Point","coordinates":[-73.96763071417809,40.755270811916546]}},{"type":"Feature","properties":{"name":"E 51 St & Lexington Ave","station_id":"66dc81ce-0aca-11e7-82f6-3863bb44ef7c","mode":"CitiBike","region_id":"71","coord_source":"mapbox","mapbox_name":"Citi Bike – E 51 St & Lexington Ave"},"geometry":{"type":"Point","coordinates":[-73.97207781672478,40.75714714032344]}},{"type":"Feature","properties":{"name":"E 51 St & Linden Blvd","station_id":"1898751402035634700","mode":"CitiBike","region_id":"71","coord_source":"mapbox","mapbox_name":"Citi Bike – E 51 St & Linden Blvd"},"geometry":{"type":"Point","coordinates":[-73.92966136336327,40.65399050873495]}},{"type":"Feature","properties":{"name":"E 52 St & Winthrop St","station_id":"2235287898076566470","mode":"CitiBike","region_id":"71","coord_source":"gbfs"},"geometry":{"type":"Point","coordinates":[-73.92919,40.65831]}},{"type":"Feature","properties":{"name":"E 53 St & 3 Ave","station_id":"66dea7b5-0aca-11e7-82f6-3863bb44ef7c","mode":"CitiBike","region_id":"71","coord_source":"mapbox","mapbox_name":"Citi Bike – E 53 St & 3 Ave"},"geometry":{"type":"Point","coordinates":[-73.96933794021606,40.75763069011754]}},{"type":"Feature","properties":{"name":"E 53 St & Lexington Ave","station_id":"66dbcdfc-0aca-11e7-82f6-3863bb44ef7c","mode":"CitiBike","region_id":"71","coord_source":"mapbox","mapbox_name":"Citi Bike – E 53 St & Lexington Ave"},"geometry":{"type":"Point","coordinates":[-73.97077292203903,40.75832858036253]}},{"type":"Feature","properties":{"name":"E 53 St & Madison Ave","station_id":"66dc21d4-0aca-11e7-82f6-3863bb44ef7c","mode":"CitiBike","region_id":"71","coord_source":"mapbox","mapbox_name":"Citi Bike – E 53 St & Madison Ave"},"geometry":{"type":"Point","coordinates":[-73.97402311,40.7597108]}},{"type":"Feature","properties":{"name":"E 54 St & 1 Ave","station_id":"0138452a-b9f4-4aee-80b0-7fae9a122ffe","mode":"CitiBike","region_id":"71","coord_source":"mapbox","mapbox_name":"Citi Bike – E 54 St & 1 Ave"},"geometry":{"type":"Point","coordinates":[-73.96412506699562,40.756278570410785]}},{"type":"Feature","properties":{"name":"E 54 St & Linden Blvd","station_id":"2235288152930002662","mode":"CitiBike","region_id":"71","coord_source":"gbfs"},"geometry":{"type":"Point","coordinates":[-73.9268,40.65417]}},{"type":"Feature","properties":{"name":"E 55 St & 2 Ave","station_id":"66dbe7b6-0aca-11e7-82f6-3863bb44ef7c","mode":"CitiBike","region_id":"71","coord_source":"mapbox","mapbox_name":"Citi Bike – E 55 St & 2 Ave"},"geometry":{"type":"Point","coordinates":[-73.9660294353962,40.75799030259981]}},{"type":"Feature","properties":{"name":"E 56 St & 3 Ave","station_id":"66dc28bd-0aca-11e7-82f6-3863bb44ef7c","mode":"CitiBike","region_id":"71","coord_source":"mapbox","mapbox_name":"Citi Bike – E 56 St & 3 Ave"},"geometry":{"type":"Point","coordinates":[-73.96759182214737,40.75936067244774]}},{"type":"Feature","properties":{"name":"E 56 St & Madison Ave","station_id":"6fd61eee-d0ef-4580-9704-bd06b82bcb61","mode":"CitiBike","region_id":"71","coord_source":"mapbox","mapbox_name":"Citi Bike – E 56 St & Madison Ave"},"geometry":{"type":"Point","coordinates":[-73.97265449166298,40.76159139941049]}},{"type":"Feature","properties":{"name":"E 58 St & 1 Ave (NE Corner)","station_id":"66ddb66e-0aca-11e7-82f6-3863bb44ef7c","mode":"CitiBike","region_id":"71","coord_source":"mapbox","mapbox_name":"Citi Bike – E 58 St & 1 Ave"},"geometry":{"type":"Point","coordinates":[-73.96221935749054,40.75894824387143]}},{"type":"Feature","properties":{"name":"E 58 St & 1 Ave (NW Corner)","station_id":"2bf9addc-038b-48fe-8794-dde085c5e5dc","mode":"CitiBike","region_id":"71","coord_source":"mapbox","mapbox_name":"Citi Bike – E 58 St & 1 Ave"},"geometry":{"type":"Point","coordinates":[-73.96263778209686,40.75912296762007]}},{"type":"Feature","properties":{"name":"E 58 St & 3 Ave","station_id":"66db6e49-0aca-11e7-82f6-3863bb44ef7c","mode":"CitiBike","region_id":"71","coord_source":"mapbox","mapbox_name":"Citi Bike – E 58 St & 3 Ave"},"geometry":{"type":"Point","coordinates":[-73.96724447607994,40.76095753925355]}},{"type":"Feature","properties":{"name":"E 58 St & Madison Ave","station_id":"66dea6e1-0aca-11e7-82f6-3863bb44ef7c","mode":"CitiBike","region_id":"71","coord_source":"mapbox","mapbox_name":"Citi Bike – E 58 St & Madison Ave"},"geometry":{"type":"Point","coordinates":[-73.97216096520424,40.76301857843771]}},{"type":"Feature","properties":{"name":"E 6 St & 2 Ave","station_id":"3edec530-4791-4872-8912-2a2397a903a4","mode":"CitiBike","region_id":"71","coord_source":"mapbox","mapbox_name":"Citi Bike – E 6 St & 2 Ave"},"geometry":{"type":"Point","coordinates":[-73.9883628487587,40.727380725870916]}},{"type":"Feature","properties":{"name":"E 6 St & Ave B","station_id":"66db76a1-0aca-11e7-82f6-3863bb44ef7c","mode":"CitiBike","region_id":"71","coord_source":"mapbox","mapbox_name":"Citi Bike – E 6 St & Ave B"},"geometry":{"type":"Point","coordinates":[-73.98185446858406,40.72453700361663]}},{"type":"Feature","properties":{"name":"E 6 St & Ave D","station_id":"66dbf4ac-0aca-11e7-82f6-3863bb44ef7c","mode":"CitiBike","region_id":"71","coord_source":"mapbox","mapbox_name":"Citi Bike – E 6 St & Ave D"},"geometry":{"type":"Point","coordinates":[-73.97668719291687,40.72228064003707]}},{"type":"Feature","properties":{"name":"E 60 St & York Ave","station_id":"66dca6f4-0aca-11e7-82f6-3863bb44ef7c","mode":"CitiBike","region_id":"71","coord_source":"mapbox","mapbox_name":"Citi Bike – E 60 St & York Ave"},"geometry":{"type":"Point","coordinates":[-73.9592233300209,40.75910671426749]}},{"type":"Feature","properties":{"name":"E 61 St & Madison Ave","station_id":"1967778612889039234","mode":"CitiBike","region_id":"71","coord_source":"mapbox","mapbox_name":"Citi Bike – E 61 St & Madison Ave"},"geometry":{"type":"Point","coordinates":[-73.97037863731384,40.76475146779012]}},{"type":"Feature","properties":{"name":"E 63 St & 3 Ave","station_id":"199ea9dd-8f7e-4e05-a730-55edaacd8787","mode":"CitiBike","region_id":"71","coord_source":"mapbox","mapbox_name":"Citi Bike – E 63 St & 3 Ave"},"geometry":{"type":"Point","coordinates":[-73.96460920572281,40.763951053235274]}},{"type":"Feature","properties":{"name":"E 65 St & 2 Ave","station_id":"66de2707-0aca-11e7-82f6-3863bb44ef7c","mode":"CitiBike","region_id":"71","coord_source":"mapbox","mapbox_name":"Citi Bike – E 65 St & 2 Ave"},"geometry":{"type":"Point","coordinates":[-73.96219253540039,40.76472810557294]}},{"type":"Feature","properties":{"name":"E 66 St & Madison Ave","station_id":"66de1a1f-0aca-11e7-82f6-3863bb44ef7c","mode":"CitiBike","region_id":"71","coord_source":"mapbox","mapbox_name":"Citi Bike – E 66 St & Madison Ave"},"geometry":{"type":"Point","coordinates":[-73.96847426891327,40.767996704675056]}},{"type":"Feature","properties":{"name":"E 67 St & Park Ave","station_id":"66dd9b0f-0aca-11e7-82f6-3863bb44ef7c","mode":"CitiBike","region_id":"71","coord_source":"mapbox","mapbox_name":"Citi Bike – E 67 St & Park Ave"},"geometry":{"type":"Point","coordinates":[-73.96580681204796,40.7677305910581]}},{"type":"Feature","properties":{"name":"E 68 St & 3 Ave","station_id":"66dd3d7f-0aca-11e7-82f6-3863bb44ef7c","mode":"CitiBike","region_id":"71","coord_source":"mapbox","mapbox_name":"Citi Bike – E 68 St & 3 Ave"},"geometry":{"type":"Point","coordinates":[-73.96214425563812,40.76711710369776]}},{"type":"Feature","properties":{"name":"E 7 St & Ave A","station_id":"66dc10d1-0aca-11e7-82f6-3863bb44ef7c","mode":"CitiBike","region_id":"71","coord_source":"mapbox","mapbox_name":"Citi Bike – E 7 St & Ave A"},"geometry":{"type":"Point","coordinates":[-73.98379855,40.72621788]}},{"type":"Feature","properties":{"name":"E 7 St & Ave B","station_id":"645e4365-653f-48ce-bc15-5fcc287be56f","mode":"CitiBike","region_id":"71","coord_source":"mapbox","mapbox_name":"Citi Bike – E 7 St & Ave B"},"geometry":{"type":"Point","coordinates":[-73.98149639368057,40.725249470099726]}},{"type":"Feature","properties":{"name":"E 7 St & Ave C","station_id":"eb6c2359-4825-4bf4-8f2d-8b6dd2bf4212","mode":"CitiBike","region_id":"71","coord_source":"mapbox","mapbox_name":"Citi Bike – E 7 St & Ave C"},"geometry":{"type":"Point","coordinates":[-73.97921249270439,40.724190423012175]}},{"type":"Feature","properties":{"name":"E 70 St & Madison Ave","station_id":"2218677133489064082","mode":"CitiBike","region_id":"71","coord_source":"mapbox","mapbox_name":"Citi Bike – E 68 St & Madison Ave"},"geometry":{"type":"Point","coordinates":[-73.9670017361641,40.7691352932693]}},{"type":"Feature","properties":{"name":"E 72 St & Park Ave","station_id":"66dd41ef-0aca-11e7-82f6-3863bb44ef7c","mode":"CitiBike","region_id":"71","coord_source":"mapbox","mapbox_name":"Citi Bike – E 72 St & Park Ave"},"geometry":{"type":"Point","coordinates":[-73.96411165595055,40.7711564684989]}},{"type":"Feature","properties":{"name":"E 72 St & York Ave","station_id":"66dd491c-0aca-11e7-82f6-3863bb44ef7c","mode":"CitiBike","region_id":"71","coord_source":"mapbox","mapbox_name":"Citi Bike – E 72 St & York Ave"},"geometry":{"type":"Point","coordinates":[-73.95344853401184,40.766645811547846]}},{"type":"Feature","properties":{"name":"E 74 St & 1 Ave","station_id":"66de2556-0aca-11e7-82f6-3863bb44ef7c","mode":"CitiBike","region_id":"71","coord_source":"mapbox","mapbox_name":"Citi Bike – E 74 St & 1 Ave"},"geometry":{"type":"Point","coordinates":[-73.9547923207283,40.768982940885934]}},{"type":"Feature","properties":{"name":"E 75 St & 3 Ave","station_id":"66dd3fc3-0aca-11e7-82f6-3863bb44ef7c","mode":"CitiBike","region_id":"71","coord_source":"mapbox","mapbox_name":"Citi Bike – E 75 St & 3 Ave"},"geometry":{"type":"Point","coordinates":[-73.95752012729645,40.77107724771287]}},{"type":"Feature","properties":{"name":"E 76 St & Park Ave","station_id":"66de27da-0aca-11e7-82f6-3863bb44ef7c","mode":"CitiBike","region_id":"71","coord_source":"mapbox","mapbox_name":"Citi Bike – E 76 St & Park Ave"},"geometry":{"type":"Point","coordinates":[-73.96222203969955,40.77377070144985]}},{"type":"Feature","properties":{"name":"E 77 St & 3 Ave","station_id":"66dd4841-0aca-11e7-82f6-3863bb44ef7c","mode":"CitiBike","region_id":"71","coord_source":"mapbox","mapbox_name":"Citi Bike – E 77 St & 3 Ave"},"geometry":{"type":"Point","coordinates":[-73.95839720964432,40.77311055132142]}},{"type":"Feature","properties":{"name":"E 78 St & 2 Ave","station_id":"66de2274-0aca-11e7-82f6-3863bb44ef7c","mode":"CitiBike","region_id":"71","coord_source":"mapbox","mapbox_name":"Citi Bike – E 78 St & 2 Ave"},"geometry":{"type":"Point","coordinates":[-73.95576193928719,40.772790630053464]}},{"type":"Feature","properties":{"name":"E 8 St & Beverley Rd","station_id":"2121032507515216178","mode":"CitiBike","region_id":"71","coord_source":"mapbox","mapbox_name":"Citi Bike – E 8 St & Beverley Rd"},"geometry":{"type":"Point","coordinates":[-73.97162988781929,40.6437023867924]}},{"type":"Feature","properties":{"name":"E 8 St & Caton Ave","station_id":"80969478-8dbc-42e1-8e16-ac0132a431c2","mode":"CitiBike","region_id":"71","coord_source":"mapbox","mapbox_name":"Citi Bike – E 8 St & Caton Ave"},"geometry":{"type":"Point","coordinates":[-73.97243991494179,40.64806366152675]}},{"type":"Feature","properties":{"name":"E 80 St & 2 Ave","station_id":"66ddb41c-0aca-11e7-82f6-3863bb44ef7c","mode":"CitiBike","region_id":"71","coord_source":"mapbox","mapbox_name":"Citi Bike – E 80 St & 2 Ave"},"geometry":{"type":"Point","coordinates":[-73.95440205931664,40.77390882433926]}},{"type":"Feature","properties":{"name":"E 81 St & Park Ave","station_id":"66dd4423-0aca-11e7-82f6-3863bb44ef7c","mode":"CitiBike","region_id":"71","coord_source":"mapbox","mapbox_name":"Citi Bike – E 81 St & Park Ave"},"geometry":{"type":"Point","coordinates":[-73.95900070667267,40.7767910585288]}},{"type":"Feature","properties":{"name":"E 81 St & York Ave","station_id":"66dd470b-0aca-11e7-82f6-3863bb44ef7c","mode":"CitiBike","region_id":"71","coord_source":"mapbox","mapbox_name":"Citi Bike – E 81 St & York Ave"},"geometry":{"type":"Point","coordinates":[-73.94987851381302,40.77283227068665]}},{"type":"Feature","properties":{"name":"E 82 St & East End Ave","station_id":"66de2201-0aca-11e7-82f6-3863bb44ef7c","mode":"CitiBike","region_id":"71","coord_source":"mapbox","mapbox_name":"Citi Bike – E 82 St & East End Ave"},"geometry":{"type":"Point","coordinates":[-73.94681811332703,40.772467660353726]}},{"type":"Feature","properties":{"name":"E 84 St & 1 Ave","station_id":"66dd45c7-0aca-11e7-82f6-3863bb44ef7c","mode":"CitiBike","region_id":"71","coord_source":"mapbox","mapbox_name":"Citi Bike – E 84 St & 1 Ave"},"geometry":{"type":"Point","coordinates":[-73.95068317651749,40.7756597101928]}},{"type":"Feature","properties":{"name":"E 84 St & Park Ave","station_id":"66dd448f-0aca-11e7-82f6-3863bb44ef7c","mode":"CitiBike","region_id":"71","coord_source":"mapbox","mapbox_name":"Citi Bike – E 84 St & Park Ave"},"geometry":{"type":"Point","coordinates":[-73.9577266573906,40.77864037549651]}},{"type":"Feature","properties":{"name":"E 85 St & 3 Ave","station_id":"66dd455e-0aca-11e7-82f6-3863bb44ef7c","mode":"CitiBike","region_id":"71","coord_source":"mapbox","mapbox_name":"Citi Bike – E 85 St & 3 Ave"},"geometry":{"type":"Point","coordinates":[-73.95422637462616,40.77797214938596]}},{"type":"Feature","properties":{"name":"E 85 St & York Ave","station_id":"66dd46a2-0aca-11e7-82f6-3863bb44ef7c","mode":"CitiBike","region_id":"71","coord_source":"mapbox","mapbox_name":"Citi Bike – E 85 St & York Ave"},"geometry":{"type":"Point","coordinates":[-73.94803315401077,40.77537433113335]}},{"type":"Feature","properties":{"name":"E 88 St & 1 Ave","station_id":"66dde2d9-0aca-11e7-82f6-3863bb44ef7c","mode":"CitiBike","region_id":"71","coord_source":"mapbox","mapbox_name":"Citi Bike – E 88 St & 1 Ave"},"geometry":{"type":"Point","coordinates":[-73.94871041178703,40.77826056391169]}},{"type":"Feature","properties":{"name":"E 88 St & Park Ave","station_id":"66dde103-0aca-11e7-82f6-3863bb44ef7c","mode":"CitiBike","region_id":"71","coord_source":"mapbox","mapbox_name":"Citi Bike – E 88 St & Park Ave"},"geometry":{"type":"Point","coordinates":[-73.95597115159035,40.78141780864581]}},{"type":"Feature","properties":{"name":"E 89 St & 3 Ave","station_id":"66dde208-0aca-11e7-82f6-3863bb44ef7c","mode":"CitiBike","region_id":"71","coord_source":"mapbox","mapbox_name":"Citi Bike – E 89 St & 3 Ave"},"geometry":{"type":"Point","coordinates":[-73.95240649580956,40.78070492829093]}},{"type":"Feature","properties":{"name":"E 89 St & York Ave","station_id":"66dde3b1-0aca-11e7-82f6-3863bb44ef7c","mode":"CitiBike","region_id":"71","coord_source":"mapbox","mapbox_name":"Citi Bike – E 89 St & York Ave"},"geometry":{"type":"Point","coordinates":[-73.94600003957748,40.77794574517665]}},{"type":"Feature","properties":{"name":"E 9 St & Ave C","station_id":"66dbecd0-0aca-11e7-82f6-3863bb44ef7c","mode":"CitiBike","region_id":"71","coord_source":"mapbox","mapbox_name":"Citi Bike – E 9 St & Ave C"},"geometry":{"type":"Point","coordinates":[-73.97768765687943,40.725212881421896]}},{"type":"Feature","properties":{"name":"E 91 St & 2 Ave","station_id":"66ddea2a-0aca-11e7-82f6-3863bb44ef7c","mode":"CitiBike","region_id":"71","coord_source":"mapbox","mapbox_name":"Citi Bike – E 91 St & 2 Ave"},"geometry":{"type":"Point","coordinates":[-73.94979536533356,40.78119236867704]}},{"type":"Feature","properties":{"name":"E 91 St & Park Ave","station_id":"66dde559-0aca-11e7-82f6-3863bb44ef7c","mode":"CitiBike","region_id":"71","coord_source":"mapbox","mapbox_name":"Citi Bike – E 91 St & Park Ave"},"geometry":{"type":"Point","coordinates":[-73.95535424351692,40.78351680081576]}},{"type":"Feature","properties":{"name":"E 92 St & Rutland Rd","station_id":"2235288025331442414","mode":"CitiBike","region_id":"71","coord_source":"gbfs"},"geometry":{"type":"Point","coordinates":[-73.92763,40.66204]}},{"type":"Feature","properties":{"name":"E 93 St & 2 Ave","station_id":"66dde630-0aca-11e7-82f6-3863bb44ef7c","mode":"CitiBike","region_id":"71","coord_source":"mapbox","mapbox_name":"Citi Bike – E 93 St & 2 Ave"},"geometry":{"type":"Point","coordinates":[-73.94872382283211,40.782346978819504]}},{"type":"Feature","properties":{"name":"E 93 St & Winthrop St","station_id":"2235288496527386354","mode":"CitiBike","region_id":"71","coord_source":"gbfs"},"geometry":{"type":"Point","coordinates":[-73.92491,40.66069]}},{"type":"Feature","properties":{"name":"E 94 St & Madison Ave","station_id":"1813395029173762108","mode":"CitiBike","region_id":"71","coord_source":"mapbox","mapbox_name":"Citi Bike – E 94 St & Madison Ave"},"geometry":{"type":"Point","coordinates":[-73.95481646060944,40.78585232129231]}},{"type":"Feature","properties":{"name":"E 95 St & 3 Ave","station_id":"66de0861-0aca-11e7-82f6-3863bb44ef7c","mode":"CitiBike","region_id":"71","coord_source":"mapbox","mapbox_name":"Citi Bike – E 95 St & 3 Ave"},"geometry":{"type":"Point","coordinates":[-73.95051553845406,40.784911014876315]}},{"type":"Feature","properties":{"name":"E 95 St & Rutland Rd","station_id":"2235288274439545588","mode":"CitiBike","region_id":"71","coord_source":"gbfs"},"geometry":{"type":"Point","coordinates":[-73.92529,40.66323]}},{"type":"Feature","properties":{"name":"E 97 St & 3 Ave","station_id":"66ddebce-0aca-11e7-82f6-3863bb44ef7c","mode":"CitiBike","region_id":"71","coord_source":"mapbox","mapbox_name":"Citi Bike – E 97 St & 3 Ave"},"geometry":{"type":"Point","coordinates":[-73.94860044121742,40.78589496916351]}},{"type":"Feature","properties":{"name":"E 97 St & Madison Ave","station_id":"66de0dfd-0aca-11e7-82f6-3863bb44ef7c","mode":"CitiBike","region_id":"71","coord_source":"mapbox","mapbox_name":"Citi Bike – E 97 St & Madison Ave"},"geometry":{"type":"Point","coordinates":[-73.9535491168499,40.78780698724981]}},{"type":"Feature","properties":{"name":"E 98 St & Park Ave","station_id":"66dde76a-0aca-11e7-82f6-3863bb44ef7c","mode":"CitiBike","region_id":"71","coord_source":"mapbox","mapbox_name":"Citi Bike – E 98 St & Park Ave"},"geometry":{"type":"Point","coordinates":[-73.9517667889595,40.7880303739816]}},{"type":"Feature","properties":{"name":"E Burnside Ave & Ryer Ave","station_id":"c0a2d591-4eed-488b-b88b-0b23990e3756","mode":"CitiBike","region_id":"71","coord_source":"mapbox","mapbox_name":"Citi Bike – E Burnside Ave & Ryer Ave"},"geometry":{"type":"Point","coordinates":[-73.9013184607029,40.850537934407186]}},{"type":"Feature","properties":{"name":"E Fordham Rd & Webster Ave","station_id":"4bbf50a9-47c2-4a32-97c2-1f6bc4f9d401","mode":"CitiBike","region_id":"71","coord_source":"mapbox","mapbox_name":"Citi Bike – E Fordham Rd & Webster Ave"},"geometry":{"type":"Point","coordinates":[-73.89097452163696,40.86170897773033]}},{"type":"Feature","properties":{"name":"E Gun Hill Rd & Tryon Ave","station_id":"2171904223419888148","mode":"CitiBike","region_id":"71","coord_source":"mapbox","mapbox_name":"Citi Bike – E Gun Hill Rd & Tryon Ave"},"geometry":{"type":"Point","coordinates":[-73.8769680261612,40.88024917639348]}},{"type":"Feature","properties":{"name":"E Houston St & Columbia St","station_id":"fbee1143-e93f-418d-b6bc-8fde4a9a8746","mode":"CitiBike","region_id":"71","coord_source":"mapbox","mapbox_name":"Citi Bike – E Houston St & Columbia St"},"geometry":{"type":"Point","coordinates":[-73.97860899567604,40.719697924597824]}},{"type":"Feature","properties":{"name":"E Mosholu Pkwy & E 204 St","station_id":"5f2766b0-362e-49e5-ab09-05e2c4b6f626","mode":"CitiBike","region_id":"71","coord_source":"mapbox","mapbox_name":"Citi Bike – E Mosholu Pkwy & E 204 St"},"geometry":{"type":"Point","coordinates":[-73.88337850570679,40.87408895444656]}},{"type":"Feature","properties":{"name":"E Mosholu Pkwy & Van Cortlandt Ave E","station_id":"ffae66ec-7c16-436f-bd0a-eedf81d580e7","mode":"CitiBike","region_id":"71","coord_source":"mapbox","mapbox_name":"Citi Bike – E Mosholu Pkwy & Van Cortlandt Ave E"},"geometry":{"type":"Point","coordinates":[-73.88366281986237,40.87656730854337]}},{"type":"Feature","properties":{"name":"E New York Ave & Troy Ave","station_id":"2c8b263e-952c-4941-a671-ef0ebb062632","mode":"CitiBike","region_id":"71","coord_source":"mapbox","mapbox_name":"Citi Bike – E New York Ave & Troy Ave"},"geometry":{"type":"Point","coordinates":[-73.93762484192848,40.66228110652895]}},{"type":"Feature","properties":{"name":"E New York Ave & Utica Ave","station_id":"2053867202510006310","mode":"CitiBike","region_id":"71","coord_source":"mapbox","mapbox_name":"Citi Bike – E New York Ave & Utica Ave"},"geometry":{"type":"Point","coordinates":[-73.93175348639488,40.66269413427787]}},{"type":"Feature","properties":{"name":"E Tremont Ave & E 176 St","station_id":"62f8f806-bd04-4282-9c5d-ad4293644e3c","mode":"CitiBike","region_id":"71","coord_source":"mapbox","mapbox_name":"Citi Bike – E Tremont Ave & E 176 St"},"geometry":{"type":"Point","coordinates":[-73.90189379453659,40.84780498709128]}},{"type":"Feature","properties":{"name":"E Tremont Ave & Jerome Ave","station_id":"cf284d60-23e7-49ec-91dc-8bfedb59cb6a","mode":"CitiBike","region_id":"71","coord_source":"mapbox","mapbox_name":"Citi Bike – E Tremont Ave & Jerome Ave"},"geometry":{"type":"Point","coordinates":[-73.90894800424576,40.851749160085575]}},{"type":"Feature","properties":{"name":"Eagle St & Manhattan Ave","station_id":"1786696251091417274","mode":"CitiBike","region_id":"71","coord_source":"mapbox","mapbox_name":"Citi Bike – Eagle St & Manhattan Ave"},"geometry":{"type":"Point","coordinates":[-73.95493179559708,40.73521710281378]}},{"type":"Feature","properties":{"name":"Eames Pl & Claflin Ave","station_id":"1861683747231494964","mode":"CitiBike","region_id":"71","coord_source":"mapbox","mapbox_name":"Citi Bike – Eames Pl & Claflin Ave"},"geometry":{"type":"Point","coordinates":[-73.90116021037102,40.86919484527104]}},{"type":"Feature","properties":{"name":"East End Ave & E 86 St","station_id":"66dd4981-0aca-11e7-82f6-3863bb44ef7c","mode":"CitiBike","region_id":"71","coord_source":"mapbox","mapbox_name":"Citi Bike – East End Ave & E 86 St"},"geometry":{"type":"Point","coordinates":[-73.9444550871849,40.77520777481686]}},{"type":"Feature","properties":{"name":"Eastern Pkwy & Brooklyn Ave","station_id":"eb07bdfc-3a6f-40eb-96d2-0b92ac371619","mode":"CitiBike","region_id":"71","coord_source":"mapbox","mapbox_name":"Citi Bike – Eastern Pkwy & Brooklyn Ave"},"geometry":{"type":"Point","coordinates":[-73.94513502717018,40.669401916519405]}},{"type":"Feature","properties":{"name":"Eastern Pkwy & Franklin Ave (NE Corner)","station_id":"1dacb0f6-29f5-4d1b-b910-92ffa5b4ca5d","mode":"CitiBike","region_id":"71","coord_source":"mapbox","mapbox_name":"Citi Bike – Eastern Pkwy & Franklin Ave"},"geometry":{"type":"Point","coordinates":[-73.95767569541931,40.67078936870038]}},{"type":"Feature","properties":{"name":"Eastern Pkwy & Franklin Ave (SW Corner)","station_id":"1880643915885220532","mode":"CitiBike","region_id":"71","coord_source":"mapbox","mapbox_name":"Citi Bike – Eastern Pkwy & Franklin Ave"},"geometry":{"type":"Point","coordinates":[-73.95827114582062,40.67054829587016]}},{"type":"Feature","properties":{"name":"Eastern Pkwy & Kingston Ave","station_id":"fb180cce-96ee-4e66-b3ce-000f3db6e670","mode":"CitiBike","region_id":"71","coord_source":"mapbox","mapbox_name":"Citi Bike – Eastern Pkwy & Kingston Ave"},"geometry":{"type":"Point","coordinates":[-73.94241124391556,40.6695860302369]}},{"type":"Feature","properties":{"name":"Eastern Pkwy & Nostrand Ave","station_id":"174bf571-e597-463d-84bc-611c4a13d85e","mode":"CitiBike","region_id":"71","coord_source":"mapbox","mapbox_name":"Citi Bike – Eastern Pkwy & Nostrand Ave"},"geometry":{"type":"Point","coordinates":[-73.950235247612,40.66966638910341]}},{"type":"Feature","properties":{"name":"Eastern Pkwy & Ralph Ave","station_id":"d470e82e-d109-4e2e-b66a-f5e944cbfe97","mode":"CitiBike","region_id":"71","coord_source":"mapbox","mapbox_name":"Citi Bike – Eastern Pkwy & Ralph Ave"},"geometry":{"type":"Point","coordinates":[-73.92287403345108,40.66851897737368]}},{"type":"Feature","properties":{"name":"Eastern Pkwy & Rochester Ave","station_id":"bf5a9ad8-6725-4ade-967d-aba612d423bf","mode":"CitiBike","region_id":"71","coord_source":"mapbox","mapbox_name":"Citi Bike – Eastern Pkwy & Rochester Ave"},"geometry":{"type":"Point","coordinates":[-73.92817676067352,40.668465064812096]}},{"type":"Feature","properties":{"name":"Eastern Pkwy & Schenectady Ave","station_id":"5e93b806-08e1-4ef9-98ae-d3dda20e0469","mode":"CitiBike","region_id":"71","coord_source":"mapbox","mapbox_name":"Citi Bike – Eastern Pkwy & Schenectady Ave"},"geometry":{"type":"Point","coordinates":[-73.93372625112534,40.66878040181825]}},{"type":"Feature","properties":{"name":"Eastern Pkwy & St Marks Ave","station_id":"1857515306802639416","mode":"CitiBike","region_id":"71","coord_source":"mapbox","mapbox_name":"Citi Bike – Eastern Pkwy & St Marks Ave"},"geometry":{"type":"Point","coordinates":[-73.91081213951111,40.67319699762794]}},{"type":"Feature","properties":{"name":"Eastern Pkwy & Troy Ave","station_id":"823ef531-40e6-4397-b973-86bf5b032076","mode":"CitiBike","region_id":"71","coord_source":"mapbox","mapbox_name":"Citi Bike – Eastern Pkwy & Troy Ave"},"geometry":{"type":"Point","coordinates":[-73.9367987215519,40.66928086910221]}},{"type":"Feature","properties":{"name":"Eastern Pkwy & Washington Ave","station_id":"e63c8dac-ab44-48c8-83a0-92c53a00f12e","mode":"CitiBike","region_id":"71","coord_source":"mapbox","mapbox_name":"Citi Bike – Eastern Pkwy & Washington Ave"},"geometry":{"type":"Point","coordinates":[-73.96315410733223,40.67165091721921]}},{"type":"Feature","properties":{"name":"Echo Pl & Grand Concourse","station_id":"1fba77e2-66ab-4e9c-9f9a-4ec4f11fd80b","mode":"CitiBike","region_id":"71","coord_source":"mapbox","mapbox_name":"Citi Bike – Echo Pl & Grand Concourse"},"geometry":{"type":"Point","coordinates":[-73.90593856573105,40.84996071773028]}},{"type":"Feature","properties":{"name":"Edgecombe Ave & W 141 St","station_id":"bc512527-7863-48d5-aea8-3de470abc1ee","mode":"CitiBike","region_id":"71","coord_source":"mapbox","mapbox_name":"Citi Bike – Edgecombe Ave & W 141 St"},"geometry":{"type":"Point","coordinates":[-73.9451216161251,40.82068853199695]}},{"type":"Feature","properties":{"name":"Edgecombe Ave & W 145 St","station_id":"0ddb965d-95ef-4ce3-bde6-81a56ac1fbd2","mode":"CitiBike","region_id":"71","coord_source":"mapbox","mapbox_name":"Citi Bike – Edgecombe Ave & W 145 St"},"geometry":{"type":"Point","coordinates":[-73.94386902451515,40.82349566662086]}},{"type":"Feature","properties":{"name":"Edgecombe Ave & W 150 St","station_id":"361dd964-db79-47dd-b044-eac88c735249","mode":"CitiBike","region_id":"71","coord_source":"mapbox","mapbox_name":"Citi Bike – Edgecombe Ave & W 150 St"},"geometry":{"type":"Point","coordinates":[-73.9414282143116,40.82688416435022]}},{"type":"Feature","properties":{"name":"Edgecombe Ave & W 167 St","station_id":"5dc8ddac-979e-4ae5-b879-3670cca7482d","mode":"CitiBike","region_id":"71","coord_source":"mapbox","mapbox_name":"Citi Bike – Edgecombe Ave & W 167 St"},"geometry":{"type":"Point","coordinates":[-73.93608123064041,40.83818602335765]}},{"type":"Feature","properties":{"name":"Eldert St & Bushwick Ave","station_id":"5f968a1b-ee60-43a0-ad25-05211e09e436","mode":"CitiBike","region_id":"71","coord_source":"mapbox","mapbox_name":"Citi Bike – Eldert St & Bushwick Ave"},"geometry":{"type":"Point","coordinates":[-73.91325294971466,40.68650096172104]}},{"type":"Feature","properties":{"name":"Eliot Ave & 60 Ln","station_id":"e6f3c665-0c87-4f34-a5e8-69baeed7b7bf","mode":"CitiBike","region_id":"71","coord_source":"mapbox","mapbox_name":"Citi Bike – Eliot Ave & 60 Ln"},"geometry":{"type":"Point","coordinates":[-73.90303909778595,40.71388873564638]}},{"type":"Feature","properties":{"name":"Elmhurst Ave & Forley St","station_id":"1862002854876824190","mode":"CitiBike","region_id":"71","coord_source":"mapbox","mapbox_name":"Citi Bike – Elmhurst Ave & Forley St"},"geometry":{"type":"Point","coordinates":[-73.87762516736984,40.74615762470353]}},{"type":"Feature","properties":{"name":"Elmhurst Ave & Roosevelt Ave","station_id":"1836581628905160976","mode":"CitiBike","region_id":"71","coord_source":"mapbox","mapbox_name":"Citi Bike – Elmhurst Ave & Roosevelt Ave"},"geometry":{"type":"Point","coordinates":[-73.8761955499649,40.7486539697519]}},{"type":"Feature","properties":{"name":"Emerson Pl & Myrtle Ave","station_id":"66dbc6ae-0aca-11e7-82f6-3863bb44ef7c","mode":"CitiBike","region_id":"71","coord_source":"mapbox","mapbox_name":"Citi Bike – Emerson Pl & Myrtle Ave"},"geometry":{"type":"Point","coordinates":[-73.96223545074463,40.693631387271296]}},{"type":"Feature","properties":{"name":"Empire Blvd & New York Ave","station_id":"aba6e644-3ac8-4cdc-9bc6-763e9d82dee9","mode":"CitiBike","region_id":"71","coord_source":"mapbox","mapbox_name":"Citi Bike – Empire Blvd & New York Ave"},"geometry":{"type":"Point","coordinates":[-73.94773676991463,40.66402984443866]}},{"type":"Feature","properties":{"name":"Engert Ave & McGuinness Blvd","station_id":"74feba30-26a5-4949-b3a0-d6e13ba1a20c","mode":"CitiBike","region_id":"71","coord_source":"mapbox","mapbox_name":"Citi Bike – Engert Ave & McGuinness Blvd"},"geometry":{"type":"Point","coordinates":[-73.94541397690773,40.72159761760153]}},{"type":"Feature","properties":{"name":"Essex Light Rail","station_id":"66dd8479-0aca-11e7-82f6-3863bb44ef7c","mode":"CitiBike","region_id":"70","coord_source":"mapbox","mapbox_name":"Citi Bike – Essex Light Rail"},"geometry":{"type":"Point","coordinates":[-74.03648436069489,40.71277156490822]}},{"type":"Feature","properties":{"name":"Evergreen Ave & Noll St","station_id":"2c2cdc55-52a3-4140-b4d3-8409a98f130f","mode":"CitiBike","region_id":"71","coord_source":"mapbox","mapbox_name":"Citi Bike – Evergreen Ave & Noll St"},"geometry":{"type":"Point","coordinates":[-73.93320322036743,40.70108538453758]}},{"type":"Feature","properties":{"name":"Exchange Pl","station_id":"3742e2ab-6cd0-40cf-846a-72cbe637afe1","mode":"CitiBike","region_id":"70","coord_source":"mapbox","mapbox_name":"Citi Bike – Exchange Pl"},"geometry":{"type":"Point","coordinates":[-74.03435468673706,40.71637002780079]}},{"type":"Feature","properties":{"name":"Faile St & Garrison Ave","station_id":"ebce9ecb-9678-4c42-89d7-08e54bc6fe90","mode":"CitiBike","region_id":"71","coord_source":"mapbox","mapbox_name":"Citi Bike – Faile St & Garrison Ave"},"geometry":{"type":"Point","coordinates":[-73.88827621936798,40.82060226603622]}},{"type":"Feature","properties":{"name":"Fairmount Ave","station_id":"5aa81a37-ea1d-4bf6-ab40-4751c6b4fb08","mode":"CitiBike","region_id":"70","coord_source":"mapbox","mapbox_name":"Citi Bike – Fairmount Ave"},"geometry":{"type":"Point","coordinates":[-74.0719847381115,40.72571190859961]}},{"type":"Feature","properties":{"name":"Fairmount Pl & Prospect Ave","station_id":"1934770108420609000","mode":"CitiBike","region_id":"71","coord_source":"mapbox","mapbox_name":"Citi Bike – Fairmount Pl & Prospect Ave"},"geometry":{"type":"Point","coordinates":[-73.88992846012115,40.84310474393479]}},{"type":"Feature","properties":{"name":"Fairview Ave & Linden St","station_id":"1abd4668-ed6b-4930-8177-17239ae75a9e","mode":"CitiBike","region_id":"71","coord_source":"mapbox","mapbox_name":"Citi Bike – Fairview Ave & Linden St"},"geometry":{"type":"Point","coordinates":[-73.90621349215508,40.706890607360265]}},{"type":"Feature","properties":{"name":"FDR Drive & E 35 St","station_id":"66dc7659-0aca-11e7-82f6-3863bb44ef7c","mode":"CitiBike","region_id":"71","coord_source":"mapbox","mapbox_name":"Citi Bike – FDR Drive & E 35 St"},"geometry":{"type":"Point","coordinates":[-73.97121146321297,40.74421900639982]}},{"type":"Feature","properties":{"name":"Featherbed Ln & Jerome Ave","station_id":"6076e321-85d8-4e0e-ae18-86bb8cbbda1b","mode":"CitiBike","region_id":"71","coord_source":"mapbox","mapbox_name":"Citi Bike – Featherbed Ln & Jerome Ave"},"geometry":{"type":"Point","coordinates":[-73.91429230570793,40.84550816914438]}},{"type":"Feature","properties":{"name":"Featherbed Ln & Nelson Ave","station_id":"8a24490d-d5c5-4bac-9e36-56967834fc10","mode":"CitiBike","region_id":"71","coord_source":"mapbox","mapbox_name":"Citi Bike – Featherbed Ln & Nelson Ave"},"geometry":{"type":"Point","coordinates":[-73.91963392496109,40.84602759783658]}},{"type":"Feature","properties":{"name":"Ferris Triangle Park","station_id":"2116635993049651742","mode":"CitiBike","region_id":"70","coord_source":"mapbox","mapbox_name":"Citi Bike – Ferris Triangle Park"},"geometry":{"type":"Point","coordinates":[-74.09218311309814,40.6987489191431]}},{"type":"Feature","properties":{"name":"Fieldston Rd & Mosholu Ave","station_id":"2177017052188360762","mode":"CitiBike","region_id":"71","coord_source":"mapbox","mapbox_name":"Citi Bike – Fieldston Rd & Mosholu Ave"},"geometry":{"type":"Point","coordinates":[-73.90051111578941,40.90520969727359]}},{"type":"Feature","properties":{"name":"Flatbush Ave & Eastern Pkwy","station_id":"96a4da57-107a-43d1-8828-4749d5555461","mode":"CitiBike","region_id":"71","coord_source":"mapbox","mapbox_name":"Citi Bike – Flatbush Ave & Eastern Pkwy"},"geometry":{"type":"Point","coordinates":[-73.96639958024025,40.66873666161291]}},{"type":"Feature","properties":{"name":"Flatbush Ave & Fenimore St","station_id":"0cb63737-64c9-42a9-9479-280d49ed015a","mode":"CitiBike","region_id":"71","coord_source":"mapbox","mapbox_name":"Citi Bike – Flatbush Ave & Fenimore St"},"geometry":{"type":"Point","coordinates":[-73.96050274372101,40.6579909601715]}},{"type":"Feature","properties":{"name":"Flatbush Ave & Lincoln Rd","station_id":"0258da92-f770-4acc-b20b-91b78aff791e","mode":"CitiBike","region_id":"71","coord_source":"mapbox","mapbox_name":"Citi Bike – Flatbush Ave & Lincoln Rd"},"geometry":{"type":"Point","coordinates":[-73.9608447253704,40.66115594899816]}},{"type":"Feature","properties":{"name":"Flatbush Ave & Ocean Ave","station_id":"a11a0000-19cf-4053-b3a1-3a5886d7446c","mode":"CitiBike","region_id":"71","coord_source":"mapbox","mapbox_name":"Citi Bike – Flatbush Ave & Ocean Ave"},"geometry":{"type":"Point","coordinates":[-73.96297976374626,40.66357715054144]}},{"type":"Feature","properties":{"name":"Flushing Ave & Clermont Ave","station_id":"2216026000804919888","mode":"CitiBike","region_id":"71","coord_source":"mapbox","mapbox_name":"Citi Bike – Flushing Ave & Vanderbilt Ave"},"geometry":{"type":"Point","coordinates":[-73.97074475884438,40.698016850461414]}},{"type":"Feature","properties":{"name":"Flushing Ave & Vanderbilt Ave","station_id":"999865d2-0735-4e85-a9d4-00810231530e","mode":"CitiBike","region_id":"71","coord_source":"mapbox","mapbox_name":"Citi Bike – Flushing Ave & Vanderbilt Ave"},"geometry":{"type":"Point","coordinates":[-73.97074475884438,40.698016850461414]}},{"type":"Feature","properties":{"name":"Flushing Ave & Woodward Ave","station_id":"d89dc10f-9be3-45a5-9c3c-06c04c963436","mode":"CitiBike","region_id":"71","coord_source":"mapbox","mapbox_name":"Citi Bike – Flushing Ave & Woodward Ave"},"geometry":{"type":"Point","coordinates":[-73.91890704631805,40.71234461572635]}},{"type":"Feature","properties":{"name":"Forest Ave & Summerfield St","station_id":"9d23b0e9-a478-407c-a0e0-0aff1b0398fc","mode":"CitiBike","region_id":"71","coord_source":"mapbox","mapbox_name":"Citi Bike – Forest Ave & Summerfield St"},"geometry":{"type":"Point","coordinates":[-73.89794290065765,40.69921662547793]}},{"type":"Feature","properties":{"name":"Forley St & Lamont Ave","station_id":"1846085626867634660","mode":"CitiBike","region_id":"71","coord_source":"mapbox","mapbox_name":"Citi Bike – Forley St & Lamont Ave"},"geometry":{"type":"Point","coordinates":[-73.87385532259941,40.74463254240416]}},{"type":"Feature","properties":{"name":"Forsyth St & Broome St","station_id":"66dc86d9-0aca-11e7-82f6-3863bb44ef7c","mode":"CitiBike","region_id":"71","coord_source":"mapbox","mapbox_name":"Citi Bike – Forsyth St & Broome St"},"geometry":{"type":"Point","coordinates":[-73.99266242980957,40.71893864208485]}},{"type":"Feature","properties":{"name":"Forsyth St & Canal St","station_id":"66dbf518-0aca-11e7-82f6-3863bb44ef7c","mode":"CitiBike","region_id":"71","coord_source":"mapbox","mapbox_name":"Citi Bike – Forsyth St & Canal St"},"geometry":{"type":"Point","coordinates":[-73.99426236748695,40.71576521500842]}},{"type":"Feature","properties":{"name":"Forsyth St & Grand St","station_id":"9e3603ee-2b7d-4147-a7b5-48bbd778902c","mode":"CitiBike","region_id":"71","coord_source":"mapbox","mapbox_name":"Citi Bike – Forsyth St & Grand St"},"geometry":{"type":"Point","coordinates":[-73.99318143725395,40.717813424361566]}},{"type":"Feature","properties":{"name":"Fort Hamilton Pkwy & 85 St","station_id":"2126224996973581072","mode":"CitiBike","region_id":"71","coord_source":"mapbox","mapbox_name":"Citi Bike – Fort Hamilton Pkwy & 85 St"},"geometry":{"type":"Point","coordinates":[-74.02386590838432,40.62093691445577]}},{"type":"Feature","properties":{"name":"Fort Hamilton Pkwy & 92 St","station_id":"2132211694027383298","mode":"CitiBike","region_id":"71","coord_source":"mapbox","mapbox_name":"Citi Bike – Fort Hamilton Pkwy & 92 St"},"geometry":{"type":"Point","coordinates":[-74.02741447091103,40.61718059849926]}},{"type":"Feature","properties":{"name":"Fort Hamilton Pkwy & 95 St","station_id":"2126965369631090816","mode":"CitiBike","region_id":"71","coord_source":"mapbox","mapbox_name":"Citi Bike – Fort Hamilton Pkwy & 95 St"},"geometry":{"type":"Point","coordinates":[-74.02948781847954,40.61464471131663]}},{"type":"Feature","properties":{"name":"Fort Hamilton Pkwy & E 2 St","station_id":"40fd82d6-c0e9-4876-adfb-816140ecfc39","mode":"CitiBike","region_id":"71","coord_source":"mapbox","mapbox_name":"Citi Bike – Fort Hamilton Pkwy & E 2 St"},"geometry":{"type":"Point","coordinates":[-73.97942170500755,40.64798327663311]}},{"type":"Feature","properties":{"name":"Fort Hamilton Pkwy & E 5 St","station_id":"3f05490b-a3d8-4d15-bd25-0212555b5dff","mode":"CitiBike","region_id":"71","coord_source":"mapbox","mapbox_name":"Citi Bike – Fort Hamilton Pkwy & E 5 St"},"geometry":{"type":"Point","coordinates":[-73.97689908742905,40.64896315170728]}},{"type":"Feature","properties":{"name":"Fort Washington Ave & W 173 St","station_id":"6b60bf55-3da4-439a-bde1-fc80be8623ba","mode":"CitiBike","region_id":"71","coord_source":"mapbox","mapbox_name":"Citi Bike – Fort Washington Ave & W 173 St"},"geometry":{"type":"Point","coordinates":[-73.94050553441048,40.845222075821255]}},{"type":"Feature","properties":{"name":"Fort Washington Ave & W 183 St","station_id":"c9c09ed0-0a52-4d6a-a999-b0848874e51f","mode":"CitiBike","region_id":"71","coord_source":"mapbox","mapbox_name":"Citi Bike – Fort Washington Ave & W 183 St"},"geometry":{"type":"Point","coordinates":[-73.93785282969475,40.85225738135114]}},{"type":"Feature","properties":{"name":"Fort Washington Ave & W 190 St","station_id":"24509e46-a0de-47e8-ba40-9441da68952a","mode":"CitiBike","region_id":"71","coord_source":"mapbox","mapbox_name":"Citi Bike – Fort Washington Ave & W 190 St"},"geometry":{"type":"Point","coordinates":[-73.93562525510788,40.85696610436804]}},{"type":"Feature","properties":{"name":"Franklin Ave & E 169 St","station_id":"fea72f55-d296-47af-9446-149688dcccbd","mode":"CitiBike","region_id":"71","coord_source":"mapbox","mapbox_name":"Citi Bike – Franklin Ave & E 169 St"},"geometry":{"type":"Point","coordinates":[-73.90207752585411,40.83171442781571]}},{"type":"Feature","properties":{"name":"Franklin Ave & Myrtle Ave","station_id":"66dbe15d-0aca-11e7-82f6-3863bb44ef7c","mode":"CitiBike","region_id":"71","coord_source":"mapbox","mapbox_name":"Citi Bike – Franklin Ave & Myrtle Ave"},"geometry":{"type":"Point","coordinates":[-73.9580887556076,40.69452822933155]}},{"type":"Feature","properties":{"name":"Franklin Ave & Quincy St","station_id":"1945126257666675246","mode":"CitiBike","region_id":"71","coord_source":"mapbox","mapbox_name":"Citi Bike – Franklin Ave & Quincy St"},"geometry":{"type":"Point","coordinates":[-73.95678788423538,40.686366725058434]}},{"type":"Feature","properties":{"name":"Franklin Ave & St Marks Ave","station_id":"66f68197-4897-4576-896a-48e0312104c5","mode":"CitiBike","region_id":"71","coord_source":"mapbox","mapbox_name":"Citi Bike – Franklin Ave & St Marks Ave"},"geometry":{"type":"Point","coordinates":[-73.95617097616196,40.675832371790676]}},{"type":"Feature","properties":{"name":"Franklin St & Dupont St","station_id":"66dd217d-0aca-11e7-82f6-3863bb44ef7c","mode":"CitiBike","region_id":"71","coord_source":"mapbox","mapbox_name":"Citi Bike – Franklin St & Dupont St"},"geometry":{"type":"Point","coordinates":[-73.95866006612778,40.73563984052447]}},{"type":"Feature","properties":{"name":"Franklin St & W Broadway","station_id":"66db269c-0aca-11e7-82f6-3863bb44ef7c","mode":"CitiBike","region_id":"71","coord_source":"mapbox","mapbox_name":"Citi Bike – Franklin St & W Broadway"},"geometry":{"type":"Point","coordinates":[-74.00666356086731,40.71912871763632]}},{"type":"Feature","properties":{"name":"Frederick Douglass Blvd & Harlem River Dr","station_id":"ce95fbdd-b7d2-46fc-910d-5c170e4b7610","mode":"CitiBike","region_id":"71","coord_source":"mapbox","mapbox_name":"Citi Bike – Frederick Douglass Blvd & Harlem River Dr"},"geometry":{"type":"Point","coordinates":[-73.936368227005,40.83069969577875]}},{"type":"Feature","properties":{"name":"Frederick Douglass Blvd & W 112 St","station_id":"46bdd925-fb6c-4654-85d8-e0db4da62abf","mode":"CitiBike","region_id":"71","coord_source":"mapbox","mapbox_name":"Citi Bike – Frederick Douglass Blvd & W 112 St"},"geometry":{"type":"Point","coordinates":[-73.95717278122902,40.80169310537613]}},{"type":"Feature","properties":{"name":"Frederick Douglass Blvd & W 115 St","station_id":"ca4e4962-2169-4559-8f60-b05ab7809750","mode":"CitiBike","region_id":"71","coord_source":"mapbox","mapbox_name":"Citi Bike – Frederick Douglass Blvd & W 115 St"},"geometry":{"type":"Point","coordinates":[-73.95588397979736,40.80390007779857]}},{"type":"Feature","properties":{"name":"Frederick Douglass Blvd & W 117 St","station_id":"0f6fd186-656a-41b3-ba4a-456d22da177c","mode":"CitiBike","region_id":"71","coord_source":"mapbox","mapbox_name":"Citi Bike – Frederick Douglass Blvd & W 117 St"},"geometry":{"type":"Point","coordinates":[-73.95464614033699,40.80515682138852]}},{"type":"Feature","properties":{"name":"Frederick Douglass Blvd & W 129 St","station_id":"bfea6c5b-2e1a-42c5-8199-2ded6042d57b","mode":"CitiBike","region_id":"71","coord_source":"mapbox","mapbox_name":"Citi Bike – Frederick Douglass Blvd & W 129 St"},"geometry":{"type":"Point","coordinates":[-73.94927904009819,40.81249885489163]}},{"type":"Feature","properties":{"name":"Frederick Douglass Blvd & W 139 St","station_id":"dad3b7df-ec40-4d54-bfdb-5e82be84d742","mode":"CitiBike","region_id":"71","coord_source":"mapbox","mapbox_name":"Citi Bike – Frederick Douglass Blvd & W 139 St"},"geometry":{"type":"Point","coordinates":[-73.94480377435684,40.819006832984286]}},{"type":"Feature","properties":{"name":"Frederick Douglass Blvd & W 145 St","station_id":"943be327-0320-4ae1-8eb0-8a56f86a4fb6","mode":"CitiBike","region_id":"71","coord_source":"mapbox","mapbox_name":"Citi Bike – Frederick Douglass Blvd & W 145 St"},"geometry":{"type":"Point","coordinates":[-73.94190028309822,40.82307145794604]}},{"type":"Feature","properties":{"name":"Freeman St & Reverend James A Polite Ave","station_id":"adb67652-c20d-4dd2-8e89-d6015b801c1a","mode":"CitiBike","region_id":"71","coord_source":"mapbox","mapbox_name":"Citi Bike – Freeman St & Reverend James A Polite Ave"},"geometry":{"type":"Point","coordinates":[-73.89471754431725,40.830538351954004]}},{"type":"Feature","properties":{"name":"Freeman St & Southern Blvd","station_id":"852218fc-5e5b-4153-bc3f-03760b57e68a","mode":"CitiBike","region_id":"71","coord_source":"mapbox","mapbox_name":"Citi Bike – Freeman St & Southern Blvd"},"geometry":{"type":"Point","coordinates":[-73.89210239052773,40.83006446562007]}},{"type":"Feature","properties":{"name":"Fresh Pond Rd & 69 Ave","station_id":"b1e496f1-43cf-48d0-be49-ab0d760c00bf","mode":"CitiBike","region_id":"71","coord_source":"mapbox","mapbox_name":"Citi Bike – Fresh Pond Rd & 69 Ave"},"geometry":{"type":"Point","coordinates":[-73.89547929167747,40.703107611528225]}},{"type":"Feature","properties":{"name":"Fresh Pond Rd & Eliot Ave","station_id":"1879859065051787718","mode":"CitiBike","region_id":"71","coord_source":"mapbox","mapbox_name":"Citi Bike – Fresh Pond Rd & Eliot Ave"},"geometry":{"type":"Point","coordinates":[-73.90101939439774,40.71445697089521]}},{"type":"Feature","properties":{"name":"Fresh Pond Rd & Flushing Ave","station_id":"94771406-6712-4508-9392-11e9d90e1185","mode":"CitiBike","region_id":"71","coord_source":"mapbox","mapbox_name":"Citi Bike – Fresh Pond Rd & Flushing Ave"},"geometry":{"type":"Point","coordinates":[-73.90294253826141,40.72146243524696]}},{"type":"Feature","properties":{"name":"Front St & Gold St","station_id":"66dc0bbd-0aca-11e7-82f6-3863bb44ef7c","mode":"CitiBike","region_id":"71","coord_source":"mapbox","mapbox_name":"Citi Bike – Front St & Gold St"},"geometry":{"type":"Point","coordinates":[-73.98257732391357,40.7022403693625]}},{"type":"Feature","properties":{"name":"Front St & Jay St","station_id":"9505c2b7-0c3a-4791-8471-d2092a86291f","mode":"CitiBike","region_id":"71","coord_source":"mapbox","mapbox_name":"Citi Bike – Front St & Jay St"},"geometry":{"type":"Point","coordinates":[-73.98696407675743,40.70246404368632]}},{"type":"Feature","properties":{"name":"Front St & Pine St","station_id":"2039088532741595744","mode":"CitiBike","region_id":"71","coord_source":"mapbox","mapbox_name":"Citi Bike – Front St & Pine St"},"geometry":{"type":"Point","coordinates":[-74.00612577795982,40.705309725535955]}},{"type":"Feature","properties":{"name":"Front St & Washington St","station_id":"66dc8db1-0aca-11e7-82f6-3863bb44ef7c","mode":"CitiBike","region_id":"71","coord_source":"mapbox","mapbox_name":"Citi Bike – Front St & Washington St"},"geometry":{"type":"Point","coordinates":[-73.98940220475197,40.70255046311024]}},{"type":"Feature","properties":{"name":"Frost St & Debevoise Ave","station_id":"a958a8af-a0cc-4bca-9114-93c74ce3c693","mode":"CitiBike","region_id":"71","coord_source":"mapbox","mapbox_name":"Citi Bike – Frost St & Debevoise Ave"},"geometry":{"type":"Point","coordinates":[-73.93947958946228,40.71882378333342]}},{"type":"Feature","properties":{"name":"Frost St & Meeker Ave","station_id":"3863f086-ae35-4d0e-8c91-2b6e3e5827a1","mode":"CitiBike","region_id":"71","coord_source":"mapbox","mapbox_name":"Citi Bike – Frost St & Meeker Ave"},"geometry":{"type":"Point","coordinates":[-73.94882708787918,40.717670102581394]}},{"type":"Feature","properties":{"name":"Fulton Ave & E 168 St","station_id":"0c106e83-c47a-4233-b5e4-62bbb75d0bed","mode":"CitiBike","region_id":"71","coord_source":"mapbox","mapbox_name":"Citi Bike – Fulton Ave & E 168 St"},"geometry":{"type":"Point","coordinates":[-73.90455052256584,40.83046326098341]}},{"type":"Feature","properties":{"name":"Fulton Ave & E 172 St","station_id":"1e6c5d0c-f406-4b60-88f6-6284a38d3930","mode":"CitiBike","region_id":"71","coord_source":"mapbox","mapbox_name":"Citi Bike – Fulton Ave & E 172 St"},"geometry":{"type":"Point","coordinates":[-73.89903455972672,40.839240210581835]}},{"type":"Feature","properties":{"name":"Fulton Ave & St Paul's Pl","station_id":"bf880f45-422c-4e0b-b3b0-2b1f5ba94da4","mode":"CitiBike","region_id":"71","coord_source":"mapbox","mapbox_name":"Citi Bike – Fulton Ave & St Paul’s Pl"},"geometry":{"type":"Point","coordinates":[-73.90153035521507,40.835447493315826]}},{"type":"Feature","properties":{"name":"Fulton St & Adams St","station_id":"66de88d7-0aca-11e7-82f6-3863bb44ef7c","mode":"CitiBike","region_id":"71","coord_source":"mapbox","mapbox_name":"Citi Bike – Fulton St & Adams St"},"geometry":{"type":"Point","coordinates":[-73.98949474096298,40.692510826145366]}},{"type":"Feature","properties":{"name":"Fulton St & Broadway","station_id":"66db79a3-0aca-11e7-82f6-3863bb44ef7c","mode":"CitiBike","region_id":"71","coord_source":"mapbox","mapbox_name":"Citi Bike – Fulton St & Broadway"},"geometry":{"type":"Point","coordinates":[-74.00942623615265,40.71102817184794]}},{"type":"Feature","properties":{"name":"Fulton St & Clermont Ave","station_id":"66dbee85-0aca-11e7-82f6-3863bb44ef7c","mode":"CitiBike","region_id":"71","coord_source":"mapbox","mapbox_name":"Citi Bike – Fulton St & Clermont Ave"},"geometry":{"type":"Point","coordinates":[-73.96922260522842,40.684157882964485]}},{"type":"Feature","properties":{"name":"Fulton St & Irving Pl","station_id":"47bcbcc1-9241-4e65-99f1-07c15543be1b","mode":"CitiBike","region_id":"71","coord_source":"mapbox","mapbox_name":"Citi Bike – Fulton St & Irving Pl"},"geometry":{"type":"Point","coordinates":[-73.95939499139786,40.68185031734566]}},{"type":"Feature","properties":{"name":"Fulton St & Saratoga Ave","station_id":"4efda436-cd19-4ec3-acc7-1a622f723264","mode":"CitiBike","region_id":"71","coord_source":"mapbox","mapbox_name":"Citi Bike – Fulton St & Saratoga Ave"},"geometry":{"type":"Point","coordinates":[-73.91659766435623,40.678558160592985]}},{"type":"Feature","properties":{"name":"Fulton St & Utica Ave","station_id":"66dcba5e-0aca-11e7-82f6-3863bb44ef7c","mode":"CitiBike","region_id":"71","coord_source":"mapbox","mapbox_name":"Citi Bike – Fulton St & Utica Ave"},"geometry":{"type":"Point","coordinates":[-73.9299188554287,40.67939113128074]}},{"type":"Feature","properties":{"name":"Fulton St & Waverly Ave","station_id":"2a47ef14-1cbe-4ec6-841d-cc277627fe20","mode":"CitiBike","region_id":"71","coord_source":"mapbox","mapbox_name":"Citi Bike – Fulton St & Waverly Ave"},"geometry":{"type":"Point","coordinates":[-73.96606430411339,40.683242595451816]}},{"type":"Feature","properties":{"name":"Fulton St & William St","station_id":"66db7637-0aca-11e7-82f6-3863bb44ef7c","mode":"CitiBike","region_id":"71","coord_source":"mapbox","mapbox_name":"Citi Bike – Fulton St & William St"},"geometry":{"type":"Point","coordinates":[-74.00660187005997,40.70960800977073]}},{"type":"Feature","properties":{"name":"Fulton St & Williams Ave","station_id":"038b7369-9c6e-4eb2-8569-f7461443302f","mode":"CitiBike","region_id":"71","coord_source":"mapbox","mapbox_name":"Citi Bike – Fulton St & Williams Ave"},"geometry":{"type":"Point","coordinates":[-73.90078738331795,40.67709357150807]}},{"type":"Feature","properties":{"name":"Gansevoort St & Hudson St","station_id":"1827839088308194240","mode":"CitiBike","coord_source":"mapbox","mapbox_name":"Citi Bike – Gansevoort St & Hudson St"},"geometry":{"type":"Point","coordinates":[-74.00503814220428,40.73947484308874]}},{"type":"Feature","properties":{"name":"Garfield Light Rail","station_id":"2108372356498784942","mode":"CitiBike","region_id":"70","coord_source":"mapbox","mapbox_name":"Citi Bike – Garfield Light Rail"},"geometry":{"type":"Point","coordinates":[-74.07003879547119,40.71046702337969]}},{"type":"Feature","properties":{"name":"Garfield Pl & 8 Ave","station_id":"66de1b5b-0aca-11e7-82f6-3863bb44ef7c","mode":"CitiBike","region_id":"71","coord_source":"mapbox","mapbox_name":"Citi Bike – Garfield Pl & 8 Ave"},"geometry":{"type":"Point","coordinates":[-73.97486597299576,40.67122879035119]}},{"type":"Feature","properties":{"name":"Garrison Ave & Manida St","station_id":"81a34754-ae08-47a6-964d-4733849a8fab","mode":"CitiBike","region_id":"71","coord_source":"mapbox","mapbox_name":"Citi Bike – Garrison Ave & Manida St"},"geometry":{"type":"Point","coordinates":[-73.89025032520294,40.818741938667614]}},{"type":"Feature","properties":{"name":"George St & Wilson Ave","station_id":"f3b359e2-7983-4aaf-b6b0-e3b7d30816a4","mode":"CitiBike","region_id":"71","coord_source":"mapbox","mapbox_name":"Citi Bike – George St & Wilson Ave"},"geometry":{"type":"Point","coordinates":[-73.92996847629547,40.70299984230729]}},{"type":"Feature","properties":{"name":"Gerard Ave & E 146 St","station_id":"ee1d39c5-47c8-4527-9456-3719c50b7be5","mode":"CitiBike","region_id":"71","coord_source":"mapbox","mapbox_name":"Citi Bike – Gerard Ave & E 146 St"},"geometry":{"type":"Point","coordinates":[-73.92964124679565,40.81776354589243]}},{"type":"Feature","properties":{"name":"Gerard Ave & E 164 St","station_id":"a4bb6fac-b795-4aa7-a266-613419019290","mode":"CitiBike","region_id":"71","coord_source":"mapbox","mapbox_name":"Citi Bike – Gerard Ave & E 164 St"},"geometry":{"type":"Point","coordinates":[-73.92339572310448,40.8302633562283]}},{"type":"Feature","properties":{"name":"Gerard Ave & E 165 St","station_id":"0f536c08-dde3-40af-a66d-1fe1e7edecd2","mode":"CitiBike","region_id":"71","coord_source":"mapbox","mapbox_name":"Citi Bike – Gerard Ave & E 165 St"},"geometry":{"type":"Point","coordinates":[-73.92240330576897,40.831735737022]}},{"type":"Feature","properties":{"name":"Gerard Ave & McClellan St","station_id":"9c2a741d-7f3e-4aa1-b58b-db5c3e6bcb20","mode":"CitiBike","region_id":"71","coord_source":"mapbox","mapbox_name":"Citi Bike – Gerard Ave & McClellan St"},"geometry":{"type":"Point","coordinates":[-73.92112523317337,40.83391532823205]}},{"type":"Feature","properties":{"name":"Giles Pl & Fort Independence St","station_id":"1862787990429630662","mode":"CitiBike","region_id":"71","coord_source":"mapbox","mapbox_name":"Citi Bike – Giles Pl & Fort Independence St"},"geometry":{"type":"Point","coordinates":[-73.89861211180687,40.87869573908628]}},{"type":"Feature","properties":{"name":"Gillmore St & 27 Ave","station_id":"1841926579628419438","mode":"CitiBike","region_id":"71","coord_source":"mapbox","mapbox_name":"Citi Bike – Gillmore St & 27 Ave"},"geometry":{"type":"Point","coordinates":[-73.86690571904182,40.76399066788795]}},{"type":"Feature","properties":{"name":"Gleane St & Britton Ave","station_id":"1875395639434791520","mode":"CitiBike","region_id":"71","coord_source":"mapbox","mapbox_name":"Citi Bike – Gleane St & Britton Ave"},"geometry":{"type":"Point","coordinates":[-73.87996271252632,40.74646243376117]}},{"type":"Feature","properties":{"name":"Glenwood Ave","station_id":"915057d4-edbc-4c73-8d81-dda33d600d58","mode":"CitiBike","region_id":"70","coord_source":"mapbox","mapbox_name":"Citi Bike – Glenwood Ave"},"geometry":{"type":"Point","coordinates":[-74.07104328274727,40.727557565200215]}},{"type":"Feature","properties":{"name":"Goble Pl & Macombs Rd","station_id":"cc5f0e68-dd5f-4db1-81c7-04a4d6674fba","mode":"CitiBike","region_id":"71","coord_source":"mapbox","mapbox_name":"Citi Bike – Goble Pl & Macombs Rd"},"geometry":{"type":"Point","coordinates":[-73.917256,40.844075]}},{"type":"Feature","properties":{"name":"Gold St & Frankfort St","station_id":"6f484a9d-c535-451e-a18f-f3afdc0a27af","mode":"CitiBike","region_id":"71","coord_source":"mapbox","mapbox_name":"Citi Bike – Gold St & Frankfort St"},"geometry":{"type":"Point","coordinates":[-74.00344625115395,40.710643907646386]}},{"type":"Feature","properties":{"name":"Goulden Ave & Bedford Park Blvd","station_id":"f681f980-185d-45b9-8490-bb2606624dd4","mode":"CitiBike","region_id":"71","coord_source":"mapbox","mapbox_name":"Citi Bike – Goulden Ave & Bedford Park Blvd"},"geometry":{"type":"Point","coordinates":[-73.89532908797264,40.873890195353]}},{"type":"Feature","properties":{"name":"Goulden Ave & W 197 St","station_id":"5eac53d0-5510-441a-9dbb-76bd38acf4ef","mode":"CitiBike","region_id":"71","coord_source":"mapbox","mapbox_name":"Citi Bike – Goulden Ave & W 197 St"},"geometry":{"type":"Point","coordinates":[-73.8971409201622,40.8715861688423]}},{"type":"Feature","properties":{"name":"Goulden Ave & W 205 St","station_id":"04d557d6-6bc3-4244-b0f1-81ed1449ccd6","mode":"CitiBike","region_id":"71","coord_source":"mapbox","mapbox_name":"Citi Bike – Goulden Ave & W 205 St"},"geometry":{"type":"Point","coordinates":[-73.8919347524643,40.878120795800385]}},{"type":"Feature","properties":{"name":"Graham Ave & Conselyea St","station_id":"66dcf897-0aca-11e7-82f6-3863bb44ef7c","mode":"CitiBike","region_id":"71","coord_source":"mapbox","mapbox_name":"Citi Bike – Graham Ave & Conselyea St"},"geometry":{"type":"Point","coordinates":[-73.94453957676888,40.71509737332346]}},{"type":"Feature","properties":{"name":"Graham Ave & Grand St","station_id":"66dcf0b3-0aca-11e7-82f6-3863bb44ef7c","mode":"CitiBike","region_id":"71","coord_source":"mapbox","mapbox_name":"Citi Bike – Graham Ave & Grand St"},"geometry":{"type":"Point","coordinates":[-73.94402593374252,40.71175806441002]}},{"type":"Feature","properties":{"name":"Graham Ave & Herbert St","station_id":"66dd0808-0aca-11e7-82f6-3863bb44ef7c","mode":"CitiBike","region_id":"71","coord_source":"mapbox","mapbox_name":"Citi Bike – Graham Ave & Herbert St"},"geometry":{"type":"Point","coordinates":[-73.94500225782394,40.71923341142491]}},{"type":"Feature","properties":{"name":"Graham Ave & Withers St","station_id":"66dd056e-0aca-11e7-82f6-3863bb44ef7c","mode":"CitiBike","region_id":"71","coord_source":"mapbox","mapbox_name":"Citi Bike – Graham Ave & Withers St"},"geometry":{"type":"Point","coordinates":[-73.9449030160904,40.71709172999306]}},{"type":"Feature","properties":{"name":"Gramercy Park N & Gramercy Park E","station_id":"876683ce-9bce-4fad-8d1c-6b331fa07b5c","mode":"CitiBike","region_id":"71","coord_source":"mapbox","mapbox_name":"Citi Bike – Gramercy Park N & Gramercy Park E"},"geometry":{"type":"Point","coordinates":[-73.98520857095718,40.737995334641596]}},{"type":"Feature","properties":{"name":"Grand Army Plaza & Plaza St West","station_id":"66de1580-0aca-11e7-82f6-3863bb44ef7c","mode":"CitiBike","region_id":"71","coord_source":"mapbox","mapbox_name":"Citi Bike – Grand Army Plaza & Plaza St West"},"geometry":{"type":"Point","coordinates":[-73.97081315517426,40.672979327949236]}},{"type":"Feature","properties":{"name":"Grand Ave & 55 St","station_id":"b62bcd96-c2db-447c-bdd5-d3c18f174858","mode":"CitiBike","region_id":"71","coord_source":"mapbox","mapbox_name":"Citi Bike – Grand Ave & 55 St"},"geometry":{"type":"Point","coordinates":[-73.91424536705017,40.71890306638656]}},{"type":"Feature","properties":{"name":"Grand Ave & 58 Ave","station_id":"528ed1e0-75aa-45be-8afe-c3f1c950782f","mode":"CitiBike","region_id":"71","coord_source":"mapbox","mapbox_name":"Citi Bike – Grand Ave & 58 Ave"},"geometry":{"type":"Point","coordinates":[-73.90708521008492,40.72095626128527]}},{"type":"Feature","properties":{"name":"Grand Ave & Bergen St","station_id":"1d32e684-602b-46b6-8c96-ab47b57a03f3","mode":"CitiBike","region_id":"71","coord_source":"mapbox","mapbox_name":"Citi Bike – Grand Ave & Bergen St"},"geometry":{"type":"Point","coordinates":[-73.96236687898636,40.6780323361308]}},{"type":"Feature","properties":{"name":"Grand Ave & Remsen Pl","station_id":"9ea2afff-a146-4824-89b6-39d5bdfac795","mode":"CitiBike","region_id":"71","coord_source":"mapbox","mapbox_name":"Citi Bike – Grand Ave & Remsen Pl"},"geometry":{"type":"Point","coordinates":[-73.89987543225288,40.7234484701963]}},{"type":"Feature","properties":{"name":"Grand Ave & W 181 St","station_id":"6db97fde-68ae-4d2b-b121-b7c17838bbe7","mode":"CitiBike","region_id":"71","coord_source":"mapbox","mapbox_name":"Citi Bike – Grand Ave & W 181 St"},"geometry":{"type":"Point","coordinates":[-73.9072997868061,40.85630678157128]}},{"type":"Feature","properties":{"name":"Grand Ave & W Fordham Rd","station_id":"4bc6f4d0-edd5-4eb0-a704-f7ce0d693aac","mode":"CitiBike","region_id":"71","coord_source":"mapbox","mapbox_name":"Citi Bike – Grand Ave & W Fordham Rd"},"geometry":{"type":"Point","coordinates":[-73.90314638614655,40.862895657254796]}},{"type":"Feature","properties":{"name":"Grand Central Pkwy & 62 Dr","station_id":"2206772278401797754","mode":"CitiBike","region_id":"71","coord_source":"mapbox","mapbox_name":"Citi Bike – Grand Central Pkwy & 62 Dr"},"geometry":{"type":"Point","coordinates":[-73.84590402245522,40.736951732999586]}},{"type":"Feature","properties":{"name":"Grand Concourse & E 144 St","station_id":"8fc95e31-b025-4d2b-b5aa-240465366480","mode":"CitiBike","region_id":"71","coord_source":"mapbox","mapbox_name":"Citi Bike – Grand Concourse & E 144 St"},"geometry":{"type":"Point","coordinates":[-73.92800241708755,40.81659128243416]}},{"type":"Feature","properties":{"name":"Grand Concourse & E 156 St","station_id":"09a0c507-7cda-4f3f-9988-78de0baa28e4","mode":"CitiBike","region_id":"71","coord_source":"mapbox","mapbox_name":"Citi Bike – Grand Concourse & E 156 St"},"geometry":{"type":"Point","coordinates":[-73.92469525337219,40.823428686484164]}},{"type":"Feature","properties":{"name":"Grand Concourse & E 161 St","station_id":"1f8f6714-42a7-45d5-86cd-a093c940b2c9","mode":"CitiBike","region_id":"71","coord_source":"mapbox","mapbox_name":"Citi Bike – Grand Concourse & E 161 St"},"geometry":{"type":"Point","coordinates":[-73.92281770706177,40.82716627764751]}},{"type":"Feature","properties":{"name":"Grand Concourse & E 164 St","station_id":"abc1311e-e000-4211-af9e-0cf92242711e","mode":"CitiBike","region_id":"71","coord_source":"mapbox","mapbox_name":"Citi Bike – Grand Concourse & E 164 St"},"geometry":{"type":"Point","coordinates":[-73.92145782709122,40.82961188578821]}},{"type":"Feature","properties":{"name":"Grand Concourse & E 166 St","station_id":"b4ae292d-5e89-4c58-8154-0496893394b5","mode":"CitiBike","region_id":"71","coord_source":"mapbox","mapbox_name":"Citi Bike – Grand Concourse & E 166 St"},"geometry":{"type":"Point","coordinates":[-73.9195641875267,40.83195999063483]}},{"type":"Feature","properties":{"name":"Grand Concourse & E 167 St","station_id":"17c45d34-0d8d-46ba-9078-e9a2a7c5867c","mode":"CitiBike","region_id":"71","coord_source":"mapbox","mapbox_name":"Citi Bike – Grand Concourse & E 167 St"},"geometry":{"type":"Point","coordinates":[-73.91762763261795,40.8342704689868]}},{"type":"Feature","properties":{"name":"Grand Concourse & E 171 St","station_id":"ba0a4ada-c9f6-48b4-a7b3-7220f6fb88c2","mode":"CitiBike","region_id":"71","coord_source":"mapbox","mapbox_name":"Citi Bike – Grand Concourse & E 171 St"},"geometry":{"type":"Point","coordinates":[-73.91296595335007,40.839598366622]}},{"type":"Feature","properties":{"name":"Grand Concourse & E 175 St","station_id":"e1886e7a-62b1-4359-9835-8ab5a16371ae","mode":"CitiBike","region_id":"71","coord_source":"mapbox","mapbox_name":"Citi Bike – Grand Concourse & E 175 St"},"geometry":{"type":"Point","coordinates":[-73.90932887792587,40.8461615123862]}},{"type":"Feature","properties":{"name":"Grand Concourse & E 176 St","station_id":"1885442082749874736","mode":"CitiBike","region_id":"71","coord_source":"mapbox","mapbox_name":"Citi Bike – Grand Concourse & E 176 St"},"geometry":{"type":"Point","coordinates":[-73.90744060277939,40.84762643872648]}},{"type":"Feature","properties":{"name":"Grand Concourse & E 181 St","station_id":"1898455214498195676","mode":"CitiBike","region_id":"71","coord_source":"mapbox","mapbox_name":"Citi Bike – Grand Concourse & E 181 St"},"geometry":{"type":"Point","coordinates":[-73.90149146318436,40.8546665608543]}},{"type":"Feature","properties":{"name":"Grand Concourse & E 184 St","station_id":"1885439359712500016","mode":"CitiBike","region_id":"71","coord_source":"mapbox","mapbox_name":"Citi Bike – Grand Concourse & E 184 St"},"geometry":{"type":"Point","coordinates":[-73.89851957559586,40.8593953986541]}},{"type":"Feature","properties":{"name":"Grand Concourse & E 192 St","station_id":"2ec2f95c-675c-4c59-856f-1fb38df59fa2","mode":"CitiBike","region_id":"71","coord_source":"mapbox","mapbox_name":"Citi Bike – Grand Concourse & E 192 St"},"geometry":{"type":"Point","coordinates":[-73.89532506465912,40.86436731318162]}},{"type":"Feature","properties":{"name":"Grand Concourse & E 199 St","station_id":"c3062f44-c5b9-4650-a4ec-cc66cbf5b944","mode":"CitiBike","region_id":"71","coord_source":"mapbox","mapbox_name":"Citi Bike – Grand Concourse & E 199 St"},"geometry":{"type":"Point","coordinates":[-73.8883875310421,40.871436079826736]}},{"type":"Feature","properties":{"name":"Grand Concourse & E 203 St","station_id":"92ffa9d6-8cb1-44cf-8059-391b03d58071","mode":"CitiBike","region_id":"71","coord_source":"mapbox","mapbox_name":"Citi Bike – Grand Concourse & E 203 St"},"geometry":{"type":"Point","coordinates":[-73.88660922646523,40.87382833653376]}},{"type":"Feature","properties":{"name":"Grand Concourse & E 205 St","station_id":"b4063b76-1abd-465c-96a4-45f6ee016bc5","mode":"CitiBike","region_id":"71","coord_source":"mapbox","mapbox_name":"Citi Bike – Grand Concourse & E 205 St"},"geometry":{"type":"Point","coordinates":[-73.88638660311699,40.8755360243496]}},{"type":"Feature","properties":{"name":"Grand Concourse & E Mosholu Pkwy S","station_id":"844c68cc-19f0-474a-86d3-4af170117aae","mode":"CitiBike","region_id":"71","coord_source":"mapbox","mapbox_name":"Citi Bike – Grand Concourse & E Mosholu Pkwy S"},"geometry":{"type":"Point","coordinates":[-73.8847491145134,40.877968693566686]}},{"type":"Feature","properties":{"name":"Grand Concourse & E Mount Eden Ave","station_id":"db91c9e0-d80b-4cb4-9cc2-9453ec8fbeac","mode":"CitiBike","region_id":"71","coord_source":"mapbox","mapbox_name":"Citi Bike – Grand Concourse & E Mount Eden Ave"},"geometry":{"type":"Point","coordinates":[-73.91174420714378,40.84306111827331]}},{"type":"Feature","properties":{"name":"Grand St","station_id":"a59f4f11-5d52-43a2-8a32-ae71137a6af8","mode":"CitiBike","region_id":"70","coord_source":"mapbox","mapbox_name":"Citi Bike – Grand St"},"geometry":{"type":"Point","coordinates":[-74.0376578271389,40.71518885888176]}},{"type":"Feature","properties":{"name":"Grand St & 14 St","station_id":"823c0615-2832-4e76-85f0-7cf527151aba","mode":"CitiBike","region_id":"311","coord_source":"mapbox","mapbox_name":"Citi Bike – Grand St & 14 St"},"geometry":{"type":"Point","coordinates":[-74.03163224458694,40.754080174332785]}},{"type":"Feature","properties":{"name":"Grand St & Elizabeth St","station_id":"66de85d2-0aca-11e7-82f6-3863bb44ef7c","mode":"CitiBike","region_id":"71","coord_source":"mapbox","mapbox_name":"Citi Bike – Grand St & Elizabeth St"},"geometry":{"type":"Point","coordinates":[-73.99631693959236,40.71898946447797]}},{"type":"Feature","properties":{"name":"Grand St & Greene St","station_id":"66dc91b5-0aca-11e7-82f6-3863bb44ef7c","mode":"CitiBike","region_id":"71","coord_source":"mapbox","mapbox_name":"Citi Bike – Grand St & Greene St"},"geometry":{"type":"Point","coordinates":[-74.00234788656235,40.72165453640551]}},{"type":"Feature","properties":{"name":"Grand St & Havemeyer St","station_id":"66dc3782-0aca-11e7-82f6-3863bb44ef7c","mode":"CitiBike","region_id":"71","coord_source":"mapbox","mapbox_name":"Citi Bike – Grand St & Havemeyer St"},"geometry":{"type":"Point","coordinates":[-73.95700916647911,40.712779697247015]}},{"type":"Feature","properties":{"name":"Grand St & Samuel Dickstein Plaza","station_id":"8cb0375d-bcb2-4c90-9773-41c3c8fdf8d8","mode":"CitiBike","region_id":"71","coord_source":"mapbox","mapbox_name":"Citi Bike – Grand St & Samuel Dickstein Plaza"},"geometry":{"type":"Point","coordinates":[-73.98419335484505,40.715100422844074]}},{"type":"Feature","properties":{"name":"Grand St & Wythe Ave","station_id":"2192611139069500860","mode":"CitiBike","region_id":"71","coord_source":"mapbox","mapbox_name":"Citi Bike – Grand St & Wythe Ave"},"geometry":{"type":"Point","coordinates":[-73.96429672837257,40.71576318201497]}},{"type":"Feature","properties":{"name":"Grant Ave & MLK Dr","station_id":"ccfa1f8f-f930-45f2-9cda-375c01596ca2","mode":"CitiBike","region_id":"70","coord_source":"mapbox","mapbox_name":"Citi Bike – Grant Ave & MLK Dr"},"geometry":{"type":"Point","coordinates":[-74.08081859350204,40.70919222287239]}},{"type":"Feature","properties":{"name":"Great Jones St","station_id":"66db3a1e-0aca-11e7-82f6-3863bb44ef7c","mode":"CitiBike","region_id":"71","coord_source":"mapbox","mapbox_name":"Citi Bike – Great Jones St"},"geometry":{"type":"Point","coordinates":[-73.99379025,40.72743423]}},{"type":"Feature","properties":{"name":"Green St & McGuinness Blvd","station_id":"63a838a8-9acf-4ba1-91f5-c676f6ef2f7d","mode":"CitiBike","region_id":"71","coord_source":"mapbox","mapbox_name":"Citi Bike – Green St & McGuinness Blvd"},"geometry":{"type":"Point","coordinates":[-73.95202025771141,40.733971230379524]}},{"type":"Feature","properties":{"name":"Greene Ave & Grandview Ave","station_id":"30985a9c-afe4-4b98-a72c-2c72bb35603e","mode":"CitiBike","region_id":"71","coord_source":"mapbox","mapbox_name":"Citi Bike – Greene Ave & Grandview Ave"},"geometry":{"type":"Point","coordinates":[-73.90787109732628,40.709705602407354]}},{"type":"Feature","properties":{"name":"Greene Ave & Myrtle Ave","station_id":"20f3a578-4dfa-45ca-a917-b394d77ee08e","mode":"CitiBike","region_id":"71","coord_source":"mapbox","mapbox_name":"Citi Bike – Greene Ave & Myrtle Ave"},"geometry":{"type":"Point","coordinates":[-73.918896317482,40.69858217087315]}},{"type":"Feature","properties":{"name":"Greene Ave & Nostrand Ave","station_id":"66dcc37f-0aca-11e7-82f6-3863bb44ef7c","mode":"CitiBike","region_id":"71","coord_source":"mapbox","mapbox_name":"Citi Bike – Greene Ave & Nostrand Ave"},"geometry":{"type":"Point","coordinates":[-73.95093396306038,40.688349739158696]}},{"type":"Feature","properties":{"name":"Greene Ave & Throop Ave","station_id":"66dcc30b-0aca-11e7-82f6-3863bb44ef7c","mode":"CitiBike","region_id":"71","coord_source":"mapbox","mapbox_name":"Citi Bike – Greene Ave & Throop Ave"},"geometry":{"type":"Point","coordinates":[-73.94206255674362,40.68949477581151]}},{"type":"Feature","properties":{"name":"Greene St & Prince St","station_id":"53e30d38-a110-42b4-a8f9-ca801a847ac7","mode":"CitiBike","region_id":"71","coord_source":"mapbox","mapbox_name":"Citi Bike – Greene St & Prince St"},"geometry":{"type":"Point","coordinates":[-73.99930894374847,40.72512039328549]}},{"type":"Feature","properties":{"name":"Greenpoint Ave & 47 St","station_id":"a58ff2e3-a5ae-4070-a26d-ddfe8cc6fc58","mode":"CitiBike","region_id":"71","coord_source":"mapbox","mapbox_name":"Citi Bike – Greenpoint Ave & 47 St"},"geometry":{"type":"Point","coordinates":[-73.91806617379189,40.74240632684504]}},{"type":"Feature","properties":{"name":"Greenpoint Ave & Manhattan Ave","station_id":"66dd1f44-0aca-11e7-82f6-3863bb44ef7c","mode":"CitiBike","region_id":"71","coord_source":"mapbox","mapbox_name":"Citi Bike – Greenpoint Ave & Manhattan Ave"},"geometry":{"type":"Point","coordinates":[-73.9539447426796,40.730293433338744]}},{"type":"Feature","properties":{"name":"Greenpoint Ave & Monitor St","station_id":"1786699974232881542","mode":"CitiBike","region_id":"71","coord_source":"mapbox","mapbox_name":"Citi Bike – Greenpoint Ave & Monitor St"},"geometry":{"type":"Point","coordinates":[-73.94383013248444,40.73225074991291]}},{"type":"Feature","properties":{"name":"Greenpoint Ave & West St","station_id":"1786687245202023014","mode":"CitiBike","region_id":"71","coord_source":"mapbox","mapbox_name":"Citi Bike – Greenpoint Ave & West St"},"geometry":{"type":"Point","coordinates":[-73.95908117294312,40.72979240795112]}},{"type":"Feature","properties":{"name":"Greenwich Ave & 8 Ave","station_id":"66db631c-0aca-11e7-82f6-3863bb44ef7c","mode":"CitiBike","region_id":"71","coord_source":"mapbox","mapbox_name":"Citi Bike – Greenwich Ave & 8 Ave"},"geometry":{"type":"Point","coordinates":[-74.00263756513596,40.73901656480038]}},{"type":"Feature","properties":{"name":"Greenwich Ave & Charles St","station_id":"66dbe68e-0aca-11e7-82f6-3863bb44ef7c","mode":"CitiBike","region_id":"71","coord_source":"mapbox","mapbox_name":"Citi Bike – Greenwich Ave & Charles St"},"geometry":{"type":"Point","coordinates":[-74.00027051568031,40.73523844300297]}},{"type":"Feature","properties":{"name":"Greenwich St & Christopher St","station_id":"2241933651126795842","mode":"CitiBike","region_id":"71","coord_source":"mapbox","mapbox_name":"Citi Bike – Christopher St & Greenwich St"},"geometry":{"type":"Point","coordinates":[-74.00711417198181,40.73291537079493]}},{"type":"Feature","properties":{"name":"Greenwich St & Hubert St","station_id":"66de867e-0aca-11e7-82f6-3863bb44ef7c","mode":"CitiBike","region_id":"71","coord_source":"mapbox","mapbox_name":"Citi Bike – Greenwich St & Hubert St"},"geometry":{"type":"Point","coordinates":[-74.01007533073425,40.72132115414689]}},{"type":"Feature","properties":{"name":"Greenwich St & Perry St","station_id":"7e70b65e-00c1-40d5-984d-17232a4ee05e","mode":"CitiBike","region_id":"71","coord_source":"mapbox","mapbox_name":"Citi Bike – Greenwich St & Perry St"},"geometry":{"type":"Point","coordinates":[-74.00694251060486,40.73493866352743]}},{"type":"Feature","properties":{"name":"Greenwich St & Rector St","station_id":"2204160305291212104","mode":"CitiBike","region_id":"71","coord_source":"mapbox","mapbox_name":"Citi Bike – Greenwich St & Rector St"},"geometry":{"type":"Point","coordinates":[-74.01344686746597,40.70819493369143]}},{"type":"Feature","properties":{"name":"Greenwich St & W Houston St","station_id":"66dbbeda-0aca-11e7-82f6-3863bb44ef7c","mode":"CitiBike","region_id":"71","coord_source":"mapbox","mapbox_name":"Citi Bike – Greenwich Street & West Houston Street"},"geometry":{"type":"Point","coordinates":[-74.00855720043182,40.728734449455686]}},{"type":"Feature","properties":{"name":"Greenwood Ave & E 4 St","station_id":"62e2b1dd-ca52-4e1c-a112-1d8846b9d9b5","mode":"CitiBike","region_id":"71","coord_source":"mapbox","mapbox_name":"Citi Bike – Greenwood Ave & E 4 St"},"geometry":{"type":"Point","coordinates":[-73.97772789001465,40.650741745922204]}},{"type":"Feature","properties":{"name":"Grove St & Broadway","station_id":"ad57266c-34da-43da-8b48-2ba856002fbf","mode":"CitiBike","region_id":"71","coord_source":"mapbox","mapbox_name":"Citi Bike – Grove St & Broadway"},"geometry":{"type":"Point","coordinates":[-73.92348691821098,40.69052996963384]}},{"type":"Feature","properties":{"name":"Grove St & Fresh Pond Rd","station_id":"3bf91ca1-14fd-4e51-858e-36a203f1af2a","mode":"CitiBike","region_id":"71","coord_source":"mapbox","mapbox_name":"Citi Bike – Grove St & Fresh Pond Rd"},"geometry":{"type":"Point","coordinates":[-73.89953479170799,40.71033080184256]}},{"type":"Feature","properties":{"name":"Grove St PATH","station_id":"2290031f-e7d8-40a3-9ad6-566df493bbbc","mode":"CitiBike","region_id":"70","coord_source":"mapbox","mapbox_name":"Citi Bike – Grove St PATH"},"geometry":{"type":"Point","coordinates":[-74.04312014579773,40.71958713291002]}},{"type":"Feature","properties":{"name":"Halsey St & Broadway","station_id":"fd081854-3f37-420a-9785-ea63c09c12ad","mode":"CitiBike","region_id":"71","coord_source":"mapbox","mapbox_name":"Citi Bike – Halsey St & Broadway"},"geometry":{"type":"Point","coordinates":[-73.91579702496529,40.685642655973425]}},{"type":"Feature","properties":{"name":"Halsey St & Evergreen Ave","station_id":"61f2ffd4-159a-42b3-a4d9-3fdfc3349074","mode":"CitiBike","region_id":"71","coord_source":"mapbox","mapbox_name":"Citi Bike – Halsey St & Evergreen Ave"},"geometry":{"type":"Point","coordinates":[-73.91227662563324,40.68858159541588]}},{"type":"Feature","properties":{"name":"Halsey St & Ralph Ave","station_id":"7f3aa940-18ef-4900-89dc-cdb05f693f31","mode":"CitiBike","region_id":"71","coord_source":"mapbox","mapbox_name":"Citi Bike – Halsey St & Ralph Ave"},"geometry":{"type":"Point","coordinates":[-73.92281502485275,40.68500807210481]}},{"type":"Feature","properties":{"name":"Halsey St & Tompkins Ave","station_id":"66dcbdc2-0aca-11e7-82f6-3863bb44ef7c","mode":"CitiBike","region_id":"71","coord_source":"mapbox","mapbox_name":"Citi Bike – Halsey St & Tompkins Ave"},"geometry":{"type":"Point","coordinates":[-73.94396558403969,40.682408655886206]}},{"type":"Feature","properties":{"name":"Hamilton Park","station_id":"66dd7b37-0aca-11e7-82f6-3863bb44ef7c","mode":"CitiBike","region_id":"70","coord_source":"mapbox","mapbox_name":"Citi Bike – Hamilton Park"},"geometry":{"type":"Point","coordinates":[-74.04423862695694,40.72747321086612]}},{"type":"Feature","properties":{"name":"Hamilton Pl & W 140 St","station_id":"c8060816-b4aa-4fd9-bc66-af28bf61dc87","mode":"CitiBike","region_id":"71","coord_source":"mapbox","mapbox_name":"Citi Bike – Hamilton Pl & W 140 St"},"geometry":{"type":"Point","coordinates":[-73.95132556557655,40.82276598542572]}},{"type":"Feature","properties":{"name":"Hancock St & Bedford Ave","station_id":"66dc1545-0aca-11e7-82f6-3863bb44ef7c","mode":"CitiBike","region_id":"71","coord_source":"mapbox","mapbox_name":"Citi Bike – Hancock St & Bedford Ave"},"geometry":{"type":"Point","coordinates":[-73.95399034023285,40.682165591049056]}},{"type":"Feature","properties":{"name":"Hancock St & Malcolm X Blvd","station_id":"c1144380-c1ac-4315-9b1a-4b4e870ac688","mode":"CitiBike","region_id":"71","coord_source":"mapbox","mapbox_name":"Citi Bike – Hancock St & Malcolm X Blvd"},"geometry":{"type":"Point","coordinates":[-73.92923891544342,40.68489620573226]}},{"type":"Feature","properties":{"name":"Hancock St & Stuyvesant Ave","station_id":"e34bb92f-6911-449a-999b-5bc80e0322fe","mode":"CitiBike","region_id":"71","coord_source":"mapbox","mapbox_name":"Citi Bike – Hancock St & Stuyvesant Ave"},"geometry":{"type":"Point","coordinates":[-73.93210217356682,40.68456569035291]}},{"type":"Feature","properties":{"name":"Hancock St & Wyckoff Ave","station_id":"1318e05a-2506-43c6-b49d-4c1f7f69a267","mode":"CitiBike","region_id":"71","coord_source":"mapbox","mapbox_name":"Citi Bike – Hancock St & Wyckoff Ave"},"geometry":{"type":"Point","coordinates":[-73.90674188733101,40.69721359917952]}},{"type":"Feature","properties":{"name":"Hanson Pl & Ashland Pl","station_id":"66de71af-0aca-11e7-82f6-3863bb44ef7c","mode":"CitiBike","region_id":"71","coord_source":"mapbox","mapbox_name":"Citi Bike – Hanson Pl & Ashland Pl"},"geometry":{"type":"Point","coordinates":[-73.97775739431381,40.68507010701228]}},{"type":"Feature","properties":{"name":"Harlem River Dr & W 155 St","station_id":"676b7b4d-b1c0-4c97-8ac3-5fe665e51108","mode":"CitiBike","region_id":"71","coord_source":"mapbox","mapbox_name":"Citi Bike – Harlem River Dr & W 155 St"},"geometry":{"type":"Point","coordinates":[-73.93991276621819,40.830472393673546]}},{"type":"Feature","properties":{"name":"Harman St & Seneca Ave","station_id":"a3e2b360-f050-48ea-b8c8-57d897b8f7fc","mode":"CitiBike","region_id":"71","coord_source":"mapbox","mapbox_name":"Citi Bike – Harman St & Seneca Ave"},"geometry":{"type":"Point","coordinates":[-73.91294851899147,40.70575298621918]}},{"type":"Feature","properties":{"name":"Harrison Pl & Porter Ave","station_id":"cac843c2-8b21-47bb-a3b9-712f95d7f7aa","mode":"CitiBike","region_id":"71","coord_source":"mapbox","mapbox_name":"Citi Bike – Harrison Pl & Porter Ave"},"geometry":{"type":"Point","coordinates":[-73.9284959435463,40.706865191550605]}},{"type":"Feature","properties":{"name":"Harrison St & Hudson St","station_id":"66db408f-0aca-11e7-82f6-3863bb44ef7c","mode":"CitiBike","region_id":"71","coord_source":"mapbox","mapbox_name":"Citi Bike – Harrison St & Hudson St"},"geometry":{"type":"Point","coordinates":[-74.0090009,40.71870987]}},{"type":"Feature","properties":{"name":"Hart St & Wyckoff Ave","station_id":"c4e9905f-457b-4be0-a878-2aa53fa0b09b","mode":"CitiBike","region_id":"71","coord_source":"mapbox","mapbox_name":"Citi Bike – Hart St & Wyckoff Ave"},"geometry":{"type":"Point","coordinates":[-73.91989275813103,40.7049000117762]}},{"type":"Feature","properties":{"name":"Hazen St & 20 Ave","station_id":"ca7ec509-cefc-4ac6-b729-08999d191051","mode":"CitiBike","region_id":"71","coord_source":"mapbox","mapbox_name":"Citi Bike – Hazen St & 20 Ave"},"geometry":{"type":"Point","coordinates":[-73.8951426744461,40.77210711056395]}},{"type":"Feature","properties":{"name":"Hegeman Ave & Amboy St","station_id":"2235291935345824774","mode":"CitiBike","region_id":"71","coord_source":"gbfs"},"geometry":{"type":"Point","coordinates":[-73.91087,40.6557]}},{"type":"Feature","properties":{"name":"Heights Elevator","station_id":"66dd63de-0aca-11e7-82f6-3863bb44ef7c","mode":"CitiBike","region_id":"70","coord_source":"mapbox","mapbox_name":"Citi Bike – Heights Elevator"},"geometry":{"type":"Point","coordinates":[-74.04044196009636,40.74871492938678]}},{"type":"Feature","properties":{"name":"Henry Hudson Pkwy E & W 231 St","station_id":"2177014969129222184","mode":"CitiBike","region_id":"71","coord_source":"mapbox","mapbox_name":"Citi Bike – Henry Hudson Pkwy E & W 231 St"},"geometry":{"type":"Point","coordinates":[-73.91504064202309,40.88339345716574]}},{"type":"Feature","properties":{"name":"Henry St & Atlantic Ave","station_id":"66db316a-0aca-11e7-82f6-3863bb44ef7c","mode":"CitiBike","region_id":"71","coord_source":"mapbox","mapbox_name":"Citi Bike – Henry St & Atlantic Ave"},"geometry":{"type":"Point","coordinates":[-73.99612349,40.69089272]}},{"type":"Feature","properties":{"name":"Henry St & Bay St","station_id":"66de0a78-0aca-11e7-82f6-3863bb44ef7c","mode":"CitiBike","region_id":"71","coord_source":"mapbox","mapbox_name":"Citi Bike – Henry St & Bay St"},"geometry":{"type":"Point","coordinates":[-74.00495365262032,40.67248295705215]}},{"type":"Feature","properties":{"name":"Henry St & Degraw St","station_id":"66ddee56-0aca-11e7-82f6-3863bb44ef7c","mode":"CitiBike","region_id":"71","coord_source":"mapbox","mapbox_name":"Citi Bike – Henry St & Degraw St"},"geometry":{"type":"Point","coordinates":[-73.9992043375969,40.68467450636646]}},{"type":"Feature","properties":{"name":"Henry St & Grand St","station_id":"66dc76cd-0aca-11e7-82f6-3863bb44ef7c","mode":"CitiBike","region_id":"71","coord_source":"mapbox","mapbox_name":"Citi Bike – Henry St & Grand St"},"geometry":{"type":"Point","coordinates":[-73.98116514086723,40.71421300644511]}},{"type":"Feature","properties":{"name":"Henry St & Middagh St","station_id":"c1c33a35-751f-4dd6-baef-82db46f7ab46","mode":"CitiBike","region_id":"71","coord_source":"mapbox","mapbox_name":"Citi Bike – Henry St & Middagh St"},"geometry":{"type":"Point","coordinates":[-73.99158149957657,40.70031775590397]}},{"type":"Feature","properties":{"name":"Henry St & Remsen St","station_id":"94f77501-32e5-4539-90c6-82d4198f7991","mode":"CitiBike","region_id":"71","coord_source":"mapbox","mapbox_name":"Citi Bike – Henry St & Remsen St"},"geometry":{"type":"Point","coordinates":[-73.99462446570396,40.69401168231752]}},{"type":"Feature","properties":{"name":"Henry St & W 9 St","station_id":"66de48f9-0aca-11e7-82f6-3863bb44ef7c","mode":"CitiBike","region_id":"71","coord_source":"mapbox","mapbox_name":"Citi Bike – Henry St & W 9 St"},"geometry":{"type":"Point","coordinates":[-74.00326788425446,40.67638770944484]}},{"type":"Feature","properties":{"name":"Herkimer St & Eastern Pkwy","station_id":"cf1a96a7-f695-4ba2-bcf2-899552e21e47","mode":"CitiBike","region_id":"71","coord_source":"mapbox","mapbox_name":"Citi Bike – Herkimer St & Eastern Pkwy"},"geometry":{"type":"Point","coordinates":[-73.9083243906498,40.67734682567155]}},{"type":"Feature","properties":{"name":"Herkimer St & New York Ave","station_id":"653ba606-f397-41e6-adc4-f775bf2d0c9f","mode":"CitiBike","region_id":"71","coord_source":"mapbox","mapbox_name":"Citi Bike – Herkimer St & New York Ave"},"geometry":{"type":"Point","coordinates":[-73.94709572196007,40.67955284233233]}},{"type":"Feature","properties":{"name":"Herzl St & Newport St","station_id":"2235291275134282710","mode":"CitiBike","region_id":"71","coord_source":"gbfs"},"geometry":{"type":"Point","coordinates":[-73.91275,40.6587]}},{"type":"Feature","properties":{"name":"Hilltop","station_id":"66dd7cab-0aca-11e7-82f6-3863bb44ef7c","mode":"CitiBike","region_id":"70","coord_source":"mapbox","mapbox_name":"Citi Bike – Hilltop"},"geometry":{"type":"Point","coordinates":[-74.05757322907448,40.73116844023198]}},{"type":"Feature","properties":{"name":"Hoboken Ave at Monmouth St","station_id":"5faf99b8-9046-450f-9d2a-d13279b3d016","mode":"CitiBike","region_id":"70","coord_source":"mapbox","mapbox_name":"Citi Bike – Hoboken Ave at Monmouth St"},"geometry":{"type":"Point","coordinates":[-74.04688462615013,40.73528112336081]}},{"type":"Feature","properties":{"name":"Hoboken Terminal - Hudson St & Hudson Pl","station_id":"cbc48689-7805-49dd-9669-5471f4b7b6fb","mode":"CitiBike","region_id":"311","coord_source":"mapbox","mapbox_name":"Citi Bike – Hoboken Terminal – Hudson St & Hudson Pl"},"geometry":{"type":"Point","coordinates":[-74.03029382228851,40.735913195931374]}},{"type":"Feature","properties":{"name":"Hoe Ave & Jennings St","station_id":"90fca941-2212-43bf-b104-ce32c4270d4d","mode":"CitiBike","region_id":"71","coord_source":"mapbox","mapbox_name":"Citi Bike – Hoe Ave & Jennings St"},"geometry":{"type":"Point","coordinates":[-73.88967767357826,40.83217714046927]}},{"type":"Feature","properties":{"name":"Home St & Westchester Ave","station_id":"83a5d761-57d0-4cd6-aa2b-7eb350120d99","mode":"CitiBike","region_id":"71","coord_source":"mapbox","mapbox_name":"Citi Bike – Home St & Westchester Ave"},"geometry":{"type":"Point","coordinates":[-73.88664945960045,40.827642214266945]}},{"type":"Feature","properties":{"name":"Hope St & Union Ave","station_id":"66dcf30d-0aca-11e7-82f6-3863bb44ef7c","mode":"CitiBike","region_id":"71","coord_source":"mapbox","mapbox_name":"Citi Bike – Hope St & Union Ave"},"geometry":{"type":"Point","coordinates":[-73.95141810178757,40.71167775628865]}},{"type":"Feature","properties":{"name":"Howard Ave & Blake Ave","station_id":"2235289711766186888","mode":"CitiBike","region_id":"71","coord_source":"gbfs"},"geometry":{"type":"Point","coordinates":[-73.9192,40.66433]}},{"type":"Feature","properties":{"name":"Howard St & Lafayette St","station_id":"66db479e-0aca-11e7-82f6-3863bb44ef7c","mode":"CitiBike","region_id":"71","coord_source":"mapbox","mapbox_name":"Citi Bike – Howard St & Lafayette St"},"geometry":{"type":"Point","coordinates":[-73.99973273277283,40.719105339389245]}},{"type":"Feature","properties":{"name":"Hoyt St & Warren St","station_id":"66de6346-0aca-11e7-82f6-3863bb44ef7c","mode":"CitiBike","region_id":"71","coord_source":"mapbox","mapbox_name":"Citi Bike – Hoyt St & Warren St"},"geometry":{"type":"Point","coordinates":[-73.98901730775833,40.684366363362585]}},{"type":"Feature","properties":{"name":"Hudson Blvd W & W 36 St","station_id":"88c1303b-3349-4591-bf08-c7e40cf3537a","mode":"CitiBike","region_id":"71","coord_source":"mapbox","mapbox_name":"Citi Bike – Hudson Blvd W & W 36 St"},"geometry":{"type":"Point","coordinates":[-73.99971932172775,40.7567590789111]}},{"type":"Feature","properties":{"name":"Hudson Pl & Hoboken Terminal","station_id":"2245653996122222312","mode":"CitiBike","region_id":"311","coord_source":"gbfs"},"geometry":{"type":"Point","coordinates":[-74.02837457573912,40.73579286776364]}},{"type":"Feature","properties":{"name":"Hudson St & N Moore St","station_id":"fa14408f-6e88-4668-86ee-ce10ea707f36","mode":"CitiBike","region_id":"71","coord_source":"mapbox","mapbox_name":"Citi Bike – Hudson St & N Moore St"},"geometry":{"type":"Point","coordinates":[-74.00867387652397,40.71987478434116]}},{"type":"Feature","properties":{"name":"Hudson St & Reade St","station_id":"66db2e3a-0aca-11e7-82f6-3863bb44ef7c","mode":"CitiBike","region_id":"71","coord_source":"mapbox","mapbox_name":"Citi Bike – Hudson St & Reade St"},"geometry":{"type":"Point","coordinates":[-74.00912314653397,40.71628769226473]}},{"type":"Feature","properties":{"name":"Hudson St & W 13 St","station_id":"0c923abb-298a-4a47-b132-9fae73cc59e6","mode":"CitiBike","region_id":"71","coord_source":"mapbox","mapbox_name":"Citi Bike – Hudson St & W 13 St"},"geometry":{"type":"Point","coordinates":[-74.00522992014885,40.74004895666661]}},{"type":"Feature","properties":{"name":"Hughes Ave & Oak Tree Pl","station_id":"1860189075388547142","mode":"CitiBike","region_id":"71","coord_source":"mapbox","mapbox_name":"Citi Bike – Hughes Ave & Oak Tree Pl"},"geometry":{"type":"Point","coordinates":[-73.88947650790215,40.8508311058026]}},{"type":"Feature","properties":{"name":"Hull Ave & E 209 St","station_id":"2171903488884523500","mode":"CitiBike","region_id":"71","coord_source":"mapbox","mapbox_name":"Citi Bike – Hull Ave & E 209 St"},"geometry":{"type":"Point","coordinates":[-73.87444272637367,40.876900926047824]}},{"type":"Feature","properties":{"name":"Hull Ave & E Gun Hill Rd","station_id":"2171904301452603832","mode":"CitiBike","region_id":"71","coord_source":"mapbox","mapbox_name":"Citi Bike – Hull Ave & E Gun Hill Rd"},"geometry":{"type":"Point","coordinates":[-73.8734932243824,40.87905368185483]}},{"type":"Feature","properties":{"name":"Hull Ave & E Mosholu Pkwy N","station_id":"2171902607371571344","mode":"CitiBike","region_id":"71","coord_source":"mapbox","mapbox_name":"Citi Bike – Hull Ave & E Mosholu Pkwy N"},"geometry":{"type":"Point","coordinates":[-73.8803918659687,40.87116023966763]}},{"type":"Feature","properties":{"name":"Hunts Point Ave & Bryant Ave","station_id":"fec4aa1b-9fc1-4dd9-ab39-c1d7370a6e54","mode":"CitiBike","region_id":"71","coord_source":"mapbox","mapbox_name":"Citi Bike – Hunts Point Ave & Bryant Ave"},"geometry":{"type":"Point","coordinates":[-73.88547733426094,40.813983810038536]}},{"type":"Feature","properties":{"name":"Huron St & Franklin St","station_id":"66dd20eb-0aca-11e7-82f6-3863bb44ef7c","mode":"CitiBike","region_id":"71","coord_source":"mapbox","mapbox_name":"Citi Bike – Huron St & Franklin St"},"geometry":{"type":"Point","coordinates":[-73.95822823047638,40.732749724315454]}},{"type":"Feature","properties":{"name":"Icahn Stadium Plaza","station_id":"1947313784686131504","mode":"CitiBike","region_id":"71","coord_source":"mapbox","mapbox_name":"Citi Bike – Icahn Stadium Plaza"},"geometry":{"type":"Point","coordinates":[-73.92394557595253,40.79329294490748]}},{"type":"Feature","properties":{"name":"Independence Ave & W 240 St","station_id":"2177015913867375458","mode":"CitiBike","region_id":"71","coord_source":"mapbox","mapbox_name":"Citi Bike – Independence Ave & W 240 St"},"geometry":{"type":"Point","coordinates":[-73.91287475824356,40.890695399428154]}},{"type":"Feature","properties":{"name":"India St & Manhattan Ave","station_id":"66dd2060-0aca-11e7-82f6-3863bb44ef7c","mode":"CitiBike","region_id":"71","coord_source":"mapbox","mapbox_name":"Citi Bike – India St & Manhattan Ave"},"geometry":{"type":"Point","coordinates":[-73.95508602261543,40.73232188702184]}},{"type":"Feature","properties":{"name":"India St Pier","station_id":"bfe5e69d-89ff-48b3-bf20-80cbdfa443e0","mode":"CitiBike","region_id":"71","coord_source":"mapbox","mapbox_name":"Citi Bike – India St Pier"},"geometry":{"type":"Point","coordinates":[-73.96123230457306,40.731746690505304]}},{"type":"Feature","properties":{"name":"Intervale Ave & Kelly St","station_id":"5d994b32-b7a5-450d-9bbb-93bf3b03e6d5","mode":"CitiBike","region_id":"71","coord_source":"mapbox","mapbox_name":"Citi Bike – Intervale Ave & Kelly St"},"geometry":{"type":"Point","coordinates":[-73.89635771512985,40.82730631905437]}},{"type":"Feature","properties":{"name":"Intervale Ave & Westchester Ave","station_id":"b471c112-1770-4dfe-9e13-fe7479dcb5a5","mode":"CitiBike","region_id":"71","coord_source":"mapbox","mapbox_name":"Citi Bike – Intervale Ave & Westchester Ave"},"geometry":{"type":"Point","coordinates":[-73.89674797654152,40.82197844845217]}},{"type":"Feature","properties":{"name":"Inwood Ave & W 170 St","station_id":"79c4a612-a5df-4814-9e6b-6305da61ebc4","mode":"CitiBike","region_id":"71","coord_source":"mapbox","mapbox_name":"Citi Bike – Inwood Ave & W 170 St"},"geometry":{"type":"Point","coordinates":[-73.91915649175644,40.8405267224195]}},{"type":"Feature","properties":{"name":"Irving Ave & DeKalb Ave","station_id":"d5d589e6-457f-4cd4-bf78-59165dce28b2","mode":"CitiBike","region_id":"71","coord_source":"mapbox","mapbox_name":"Citi Bike – Irving Ave & DeKalb Ave"},"geometry":{"type":"Point","coordinates":[-73.9209508895874,40.70270703448685]}},{"type":"Feature","properties":{"name":"Irving Ave & Halsey St","station_id":"4cfd4097-0aee-4f11-9aea-55f99397bf33","mode":"CitiBike","region_id":"71","coord_source":"mapbox","mapbox_name":"Citi Bike – Irving Ave & Halsey St"},"geometry":{"type":"Point","coordinates":[-73.90664532780647,40.69467058410393]}},{"type":"Feature","properties":{"name":"Irving Ave & Harman St","station_id":"45e8c326-b12d-4be6-b040-bb6de9986d25","mode":"CitiBike","region_id":"71","coord_source":"mapbox","mapbox_name":"Citi Bike – Irving Ave & Harman St"},"geometry":{"type":"Point","coordinates":[-73.91789853572845,40.70107826749154]}},{"type":"Feature","properties":{"name":"Irving Ave & Jefferson St","station_id":"2868db5b-df51-4c36-8515-ef77a5b092c2","mode":"CitiBike","region_id":"71","coord_source":"mapbox","mapbox_name":"Citi Bike – Irving Ave & Jefferson St"},"geometry":{"type":"Point","coordinates":[-73.92535105347633,40.70536462495497]}},{"type":"Feature","properties":{"name":"Irving Ave & Palmetto St","station_id":"b35ba3c0-d3e8-4b1a-b63b-73a7bb518c9e","mode":"CitiBike","region_id":"71","coord_source":"mapbox","mapbox_name":"Citi Bike – Irving Ave & Palmetto St"},"geometry":{"type":"Point","coordinates":[-73.91270443797112,40.698007699551965]}},{"type":"Feature","properties":{"name":"Irwin Ave & W 232 St","station_id":"1861681740276243358","mode":"CitiBike","region_id":"71","coord_source":"mapbox","mapbox_name":"Citi Bike – Irwin Ave & W 232 St"},"geometry":{"type":"Point","coordinates":[-73.90809506177902,40.88227609362019]}},{"type":"Feature","properties":{"name":"Isham St & Broadway","station_id":"943a1a27-1328-4823-8945-28d845280383","mode":"CitiBike","region_id":"71","coord_source":"mapbox","mapbox_name":"Citi Bike – Isham St & Broadway"},"geometry":{"type":"Point","coordinates":[-73.91969427466393,40.867877450736074]}},{"type":"Feature","properties":{"name":"Ithaca St & Baxter Ave","station_id":"1843486390605672640","mode":"CitiBike","region_id":"71","coord_source":"mapbox","mapbox_name":"Citi Bike – Ithaca St & Baxter Ave"},"geometry":{"type":"Point","coordinates":[-73.88320282101631,40.746400456032575]}},{"type":"Feature","properties":{"name":"Jackson Ave & 46 Rd","station_id":"66dd23a9-0aca-11e7-82f6-3863bb44ef7c","mode":"CitiBike","region_id":"71","coord_source":"mapbox","mapbox_name":"Citi Bike – Jackson Ave & 46 Rd"},"geometry":{"type":"Point","coordinates":[-73.94733309745789,40.745247253334355]}},{"type":"Feature","properties":{"name":"Jackson Ave & 50 Ave","station_id":"2143217922777170632","mode":"CitiBike","region_id":"71","coord_source":"mapbox","mapbox_name":"Citi Bike – Jackson Ave & 49 Ave"},"geometry":{"type":"Point","coordinates":[-73.95204573869705,40.7429479005194]}},{"type":"Feature","properties":{"name":"Jackson Mill Rd & 24 Ave","station_id":"1835247352748090208","mode":"CitiBike","region_id":"71","coord_source":"mapbox","mapbox_name":"Citi Bike – Jackson Mill Rd & 24 Ave"},"geometry":{"type":"Point","coordinates":[-73.87560412287712,40.766195846311774]}},{"type":"Feature","properties":{"name":"Jackson Mill Rd & 93 St","station_id":"1840504138040045682","mode":"CitiBike","region_id":"71","coord_source":"mapbox","mapbox_name":"Citi Bike – Jackson Mill Rd & 93 St"},"geometry":{"type":"Point","coordinates":[-73.87535870075226,40.7587430444639]}},{"type":"Feature","properties":{"name":"Jackson Square","station_id":"1ec24ce3-2b69-4f3a-a153-c73e583d11f3","mode":"CitiBike","region_id":"70","coord_source":"mapbox","mapbox_name":"Citi Bike – Jackson Square"},"geometry":{"type":"Point","coordinates":[-74.07888606190681,40.71113084524066]}},{"type":"Feature","properties":{"name":"Jackson St & Leonard St","station_id":"66dea674-0aca-11e7-82f6-3863bb44ef7c","mode":"CitiBike","region_id":"71","coord_source":"gbfs"},"geometry":{"type":"Point","coordinates":[-73.94821286201477,40.71638031973561]}},{"type":"Feature","properties":{"name":"Jay St & Tech Pl","station_id":"66dbebad-0aca-11e7-82f6-3863bb44ef7c","mode":"CitiBike","region_id":"71","coord_source":"mapbox","mapbox_name":"Citi Bike – Jay St & Tech Pl"},"geometry":{"type":"Point","coordinates":[-73.98720279335976,40.6952094958441]}},{"type":"Feature","properties":{"name":"Jay St & York St","station_id":"43eac213-4603-4bc2-b6d6-b45013396282","mode":"CitiBike","region_id":"71","coord_source":"mapbox","mapbox_name":"Citi Bike – Jay St & York St"},"geometry":{"type":"Point","coordinates":[-73.98680448532104,40.70128059464679]}},{"type":"Feature","properties":{"name":"JC Medical Center","station_id":"e163ce54-4c39-43c5-9831-e10a2603527d","mode":"CitiBike","region_id":"70","coord_source":"mapbox","mapbox_name":"Citi Bike – JC Medical Center"},"geometry":{"type":"Point","coordinates":[-74.04968217015266,40.715397242184224]}},{"type":"Feature","properties":{"name":"Jefferson Ave & Evergreen Ave","station_id":"88ee054e-bdeb-4305-8f3b-76eb964f2c84","mode":"CitiBike","region_id":"71","coord_source":"mapbox","mapbox_name":"Citi Bike – Jefferson Ave & Evergreen Ave"},"geometry":{"type":"Point","coordinates":[-73.91453370451927,40.689960513332636]}},{"type":"Feature","properties":{"name":"Jefferson Ave & Patchen Ave","station_id":"82b97827-1801-4b7b-b3de-16447a8dd025","mode":"CitiBike","region_id":"71","coord_source":"mapbox","mapbox_name":"Citi Bike – Jefferson Ave & Patchen Ave"},"geometry":{"type":"Point","coordinates":[-73.92627909779549,40.68610842041667]}},{"type":"Feature","properties":{"name":"Jefferson St & Cypress Ave","station_id":"5ffde991-1125-443e-bc97-6827b2b9c97b","mode":"CitiBike","region_id":"71","coord_source":"mapbox","mapbox_name":"Citi Bike – Jefferson St & Cypress Ave"},"geometry":{"type":"Point","coordinates":[-73.92160132527351,40.70907023111377]}},{"type":"Feature","properties":{"name":"Jerome Ave & Anderson Ave","station_id":"1bb1af93-b433-4da7-8054-009c85f7755a","mode":"CitiBike","region_id":"71","coord_source":"mapbox","mapbox_name":"Citi Bike – Jerome Ave & Anderson Ave"},"geometry":{"type":"Point","coordinates":[-73.92873600125313,40.83019435343181]}},{"type":"Feature","properties":{"name":"Jerome Ave & Bainbridge Ave","station_id":"2171903970740122034","mode":"CitiBike","region_id":"71","coord_source":"mapbox","mapbox_name":"Citi Bike – Jerome Ave & Bainbridge Ave"},"geometry":{"type":"Point","coordinates":[-73.87832254171371,40.88645343607294]}},{"type":"Feature","properties":{"name":"Jerome Ave & Bedford Park Blvd E","station_id":"8ef6ec7d-e898-4edc-8f3f-af888f8c5ef4","mode":"CitiBike","region_id":"71","coord_source":"mapbox","mapbox_name":"Citi Bike – Jerome Ave & Bedford Park Blvd E"},"geometry":{"type":"Point","coordinates":[-73.88968974351883,40.8730698007391]}},{"type":"Feature","properties":{"name":"Jerome Ave & E 164 St","station_id":"ecbfcdb7-fffc-4d45-bed2-1510fd45834d","mode":"CitiBike","region_id":"71","coord_source":"mapbox","mapbox_name":"Citi Bike – Jerome Ave & E 164 St"},"geometry":{"type":"Point","coordinates":[-73.9262267947197,40.831445525338296]}},{"type":"Feature","properties":{"name":"Jerome Ave & E 181 St","station_id":"c04cef84-3fcd-4fd9-9e40-8e07453dbe19","mode":"CitiBike","region_id":"71","coord_source":"mapbox","mapbox_name":"Citi Bike – Jerome Ave & E 181 St"},"geometry":{"type":"Point","coordinates":[-73.9055697619915,40.85566672500991]}},{"type":"Feature","properties":{"name":"Jerome Ave & E 198 St","station_id":"454fe70c-1d53-4af2-a9ea-1d4bd9f59799","mode":"CitiBike","region_id":"71","coord_source":"mapbox","mapbox_name":"Citi Bike – Jerome Ave & E 198 St"},"geometry":{"type":"Point","coordinates":[-73.89286682009697,40.87140971280235]}},{"type":"Feature","properties":{"name":"Jerome Ave & E Gun Hill Rd","station_id":"2171903845366809074","mode":"CitiBike","region_id":"71","coord_source":"mapbox","mapbox_name":"Citi Bike – Jerome Ave & E Gun Hill Rd"},"geometry":{"type":"Point","coordinates":[-73.88143792748451,40.882403851205765]}},{"type":"Feature","properties":{"name":"Jerome Ave & E Mosholu Pkwy N","station_id":"2171903608969565866","mode":"CitiBike","region_id":"71","coord_source":"mapbox","mapbox_name":"Citi Bike – Jerome Ave & E Mosholu Pkwy N"},"geometry":{"type":"Point","coordinates":[-73.88422071933746,40.880347532489225]}},{"type":"Feature","properties":{"name":"Jerome Ave & E Mosholu Pkwy S","station_id":"e15a5c77-70b0-4b9d-9eae-f10ddda7d994","mode":"CitiBike","region_id":"71","coord_source":"mapbox","mapbox_name":"Citi Bike – Jerome Ave & E Mosholu Pkwy S"},"geometry":{"type":"Point","coordinates":[-73.8853432238102,40.87936396495493]}},{"type":"Feature","properties":{"name":"Jerome Ave & Ogden Ave","station_id":"f752c376-3a6f-4cd3-b9fd-3c049d45a9a6","mode":"CitiBike","region_id":"71","coord_source":"mapbox","mapbox_name":"Citi Bike – Jerome Ave & Ogden Ave"},"geometry":{"type":"Point","coordinates":[-73.93101453781128,40.82980773349371]}},{"type":"Feature","properties":{"name":"Jerome Ave & W 177 St","station_id":"15cb007b-bfca-4ad7-bfc6-44bf3d36785a","mode":"CitiBike","region_id":"71","coord_source":"mapbox","mapbox_name":"Citi Bike – Jerome Ave & W 177 St"},"geometry":{"type":"Point","coordinates":[-73.91075313091278,40.85011491318713]}},{"type":"Feature","properties":{"name":"Jerome Ave & W 184 St","station_id":"fcb1c3a3-04b6-45cf-bc9a-deb71198804e","mode":"CitiBike","region_id":"71","coord_source":"mapbox","mapbox_name":"Citi Bike – Jerome Ave & W 184 St"},"geometry":{"type":"Point","coordinates":[-73.90258580446243,40.860741361766515]}},{"type":"Feature","properties":{"name":"Jerome Ave & W 193 St","station_id":"cbcbd880-9662-4ab1-b530-781bb101ed1f","mode":"CitiBike","region_id":"71","coord_source":"mapbox","mapbox_name":"Citi Bike – Jerome Ave & W 193 St"},"geometry":{"type":"Point","coordinates":[-73.89796167612076,40.86660668275209]}},{"type":"Feature","properties":{"name":"Jerome Ave & W 195 St","station_id":"db41cc62-86ea-4421-bfaf-9b6511cfee10","mode":"CitiBike","region_id":"71","coord_source":"mapbox","mapbox_name":"Citi Bike – Jerome Ave & W 195 St"},"geometry":{"type":"Point","coordinates":[-73.89656692743301,40.86872630610702]}},{"type":"Feature","properties":{"name":"Jerome Ave & W Fordham Rd","station_id":"b4f990dd-36bb-46b3-9eea-4b980bd43c2d","mode":"CitiBike","region_id":"71","coord_source":"mapbox","mapbox_name":"Citi Bike – Jerome Ave & W Fordham Rd"},"geometry":{"type":"Point","coordinates":[-73.9009939134121,40.863012295547634]}},{"type":"Feature","properties":{"name":"Jersey & 3rd","station_id":"66ddda59-0aca-11e7-82f6-3863bb44ef7c","mode":"CitiBike","region_id":"70","coord_source":"mapbox","mapbox_name":"Citi Bike – Jersey & 3rd"},"geometry":{"type":"Point","coordinates":[-74.04595389962196,40.72333260284552]}},{"type":"Feature","properties":{"name":"Jersey & 6th St","station_id":"66ddd93e-0aca-11e7-82f6-3863bb44ef7c","mode":"CitiBike","region_id":"70","coord_source":"mapbox","mapbox_name":"Citi Bike – Jersey & 6th St"},"geometry":{"type":"Point","coordinates":[-74.04557168483734,40.725292156865066]}},{"type":"Feature","properties":{"name":"John St & William St","station_id":"66dbe3a2-0aca-11e7-82f6-3863bb44ef7c","mode":"CitiBike","region_id":"71","coord_source":"mapbox","mapbox_name":"Citi Bike – John St & William St"},"geometry":{"type":"Point","coordinates":[-74.00723218917847,40.70861377663445]}},{"type":"Feature","properties":{"name":"Johnson Ave & W 235 St","station_id":"2177015274071900204","mode":"CitiBike","region_id":"71","coord_source":"mapbox","mapbox_name":"Citi Bike – Johnson Ave & W 235 St"},"geometry":{"type":"Point","coordinates":[-73.90994444489479,40.88554296011745]}},{"type":"Feature","properties":{"name":"Johnson St & Gold St","station_id":"66db44e5-0aca-11e7-82f6-3863bb44ef7c","mode":"CitiBike","region_id":"71","coord_source":"mapbox","mapbox_name":"Citi Bike – Johnson Street & Gold Street"},"geometry":{"type":"Point","coordinates":[-73.98354962468147,40.69475904727355]}},{"type":"Feature","properties":{"name":"Journal Square","station_id":"dd8b2f53-8b94-4082-9576-994a4962f9d5","mode":"CitiBike","region_id":"70","coord_source":"mapbox","mapbox_name":"Citi Bike – Journal Square"},"geometry":{"type":"Point","coordinates":[-74.06249642372131,40.733694818324864]}},{"type":"Feature","properties":{"name":"Judge St & Britton Ave","station_id":"1851674088959433552","mode":"CitiBike","region_id":"71","coord_source":"mapbox","mapbox_name":"Citi Bike – Judge St & Britton Ave"},"geometry":{"type":"Point","coordinates":[-73.88111874461174,40.744542113374706]}},{"type":"Feature","properties":{"name":"Kane St & Clinton St","station_id":"66ddeb67-0aca-11e7-82f6-3863bb44ef7c","mode":"CitiBike","region_id":"71","coord_source":"mapbox","mapbox_name":"Citi Bike – Kane St & Clinton St"},"geometry":{"type":"Point","coordinates":[-73.99646580219269,40.68621011527699]}},{"type":"Feature","properties":{"name":"Kappock St & Independence Ave","station_id":"2177013981286744096","mode":"CitiBike","region_id":"71","coord_source":"mapbox","mapbox_name":"Citi Bike – Kappock St & Independence Ave"},"geometry":{"type":"Point","coordinates":[-73.91955614089966,40.880792668043426]}},{"type":"Feature","properties":{"name":"Keegan Rd & 2 Ave","station_id":"18326827-dcae-47e0-8518-c4bb9e21eef6","mode":"CitiBike","region_id":"71","coord_source":"mapbox","mapbox_name":"Citi Bike – Keegan Rd & 2 Ave"},"geometry":{"type":"Point","coordinates":[-74.02560532093048,40.642513823870246]}},{"type":"Feature","properties":{"name":"Kenmare St & Elizabeth St","station_id":"9e5fd5b6-c5f2-4694-9406-a44b7d0146d9","mode":"CitiBike","region_id":"71","coord_source":"mapbox","mapbox_name":"Citi Bike – Kenmare St & Elizabeth St"},"geometry":{"type":"Point","coordinates":[-73.9948470890522,40.72051818392603]}},{"type":"Feature","properties":{"name":"Kent Ave & Division Ave","station_id":"c7604869-5b55-40cf-812e-fc97901bdf14","mode":"CitiBike","region_id":"71","coord_source":"mapbox","mapbox_name":"Citi Bike – Kent Ave & Division Ave"},"geometry":{"type":"Point","coordinates":[-73.96834820508957,40.70656121771495]}},{"type":"Feature","properties":{"name":"Kent Ave & Grand St","station_id":"1786697771181570266","mode":"CitiBike","region_id":"71","coord_source":"mapbox","mapbox_name":"Citi Bike – Kent Ave & Grand St"},"geometry":{"type":"Point","coordinates":[-73.96593287587166,40.71644321485843]}},{"type":"Feature","properties":{"name":"Kent Ave & N 3 St","station_id":"2133952475068346460","mode":"CitiBike","region_id":"71","coord_source":"mapbox","mapbox_name":"Citi Bike – Kent Ave & N 3 St"},"geometry":{"type":"Point","coordinates":[-73.96429672837257,40.718024848835626]}},{"type":"Feature","properties":{"name":"Kent Ave & N 7 St","station_id":"66dcac42-0aca-11e7-82f6-3863bb44ef7c","mode":"CitiBike","region_id":"71","coord_source":"mapbox","mapbox_name":"Citi Bike – Kent Ave & N 7 St"},"geometry":{"type":"Point","coordinates":[-73.96157562732697,40.72036572013167]}},{"type":"Feature","properties":{"name":"Kent St & McGuinness Blvd","station_id":"c3b255d8-b690-4825-b1e9-a1d1680e5542","mode":"CitiBike","region_id":"71","coord_source":"mapbox","mapbox_name":"Citi Bike – Kent St & McGuinness Blvd"},"geometry":{"type":"Point","coordinates":[-73.95150125026703,40.73125482240232]}},{"type":"Feature","properties":{"name":"King St & Varick St","station_id":"61647ec6-dfd6-4d1c-8800-d488d390c627","mode":"CitiBike","region_id":"71","coord_source":"mapbox","mapbox_name":"Citi Bike – King St & Varick St"},"geometry":{"type":"Point","coordinates":[-74.00517225265503,40.72790412827001]}},{"type":"Feature","properties":{"name":"Kings Hwy & E 94 St","station_id":"2235289947989388178","mode":"CitiBike","region_id":"71","coord_source":"gbfs"},"geometry":{"type":"Point","coordinates":[-73.92037,40.65831]}},{"type":"Feature","properties":{"name":"Kings Hwy & E 98 St","station_id":"2235289471248018296","mode":"CitiBike","region_id":"71","coord_source":"gbfs"},"geometry":{"type":"Point","coordinates":[-73.91948,40.66169]}},{"type":"Feature","properties":{"name":"Kingsbridge Terrace & W 230 St","station_id":"1864605659096685518","mode":"CitiBike","region_id":"71","coord_source":"mapbox","mapbox_name":"Citi Bike – Kingsbridge Terrace & W 230 St"},"geometry":{"type":"Point","coordinates":[-73.90213251113892,40.875547178935165]}},{"type":"Feature","properties":{"name":"Kingsland Ave & Nassau Ave","station_id":"457ea5d7-d643-4028-87db-46dee0b81555","mode":"CitiBike","region_id":"71","coord_source":"mapbox","mapbox_name":"Citi Bike – Kingsland Ave & Nassau Ave"},"geometry":{"type":"Point","coordinates":[-73.94174203276634,40.72574646431451]}},{"type":"Feature","properties":{"name":"Kingston Ave & Carroll St","station_id":"59f0cb81-e31b-4ba9-9159-3437c52f7505","mode":"CitiBike","region_id":"71","coord_source":"mapbox","mapbox_name":"Citi Bike – Kingston Ave & Carroll St"},"geometry":{"type":"Point","coordinates":[-73.9424903690815,40.66689649535499]}},{"type":"Feature","properties":{"name":"Kingston Ave & E New York Ave","station_id":"1835250442210857240","mode":"CitiBike","region_id":"71","coord_source":"mapbox","mapbox_name":"Citi Bike – Kingston Ave & E New York Ave"},"geometry":{"type":"Point","coordinates":[-73.94285514950752,40.662195652192594]}},{"type":"Feature","properties":{"name":"Kingston Ave & Herkimer St","station_id":"66dcb9f7-0aca-11e7-82f6-3863bb44ef7c","mode":"CitiBike","region_id":"71","coord_source":"mapbox","mapbox_name":"Citi Bike – Kingston Ave & Herkimer St"},"geometry":{"type":"Point","coordinates":[-73.94141614437103,40.67887955222588]}},{"type":"Feature","properties":{"name":"Kingston Ave & Montgomery St","station_id":"efa2a82f-eb4a-4b82-a602-6c42cb984101","mode":"CitiBike","region_id":"71","coord_source":"mapbox","mapbox_name":"Citi Bike – Kingston Ave & Montgomery St"},"geometry":{"type":"Point","coordinates":[-73.94268482923508,40.66480806384479]}},{"type":"Feature","properties":{"name":"Kingston Ave & Park Pl","station_id":"1d167807-0aa8-413a-b7a0-01c2ca8a6a60","mode":"CitiBike","region_id":"71","coord_source":"mapbox","mapbox_name":"Citi Bike – Kingston Ave & Park Pl"},"geometry":{"type":"Point","coordinates":[-73.94189223647118,40.67321225482172]}},{"type":"Feature","properties":{"name":"Knickerbocker Ave & George St","station_id":"7af717b9-99ce-4cce-94b4-b445a40537a1","mode":"CitiBike","region_id":"71","coord_source":"mapbox","mapbox_name":"Citi Bike – Knickerbocker Ave & George St"},"geometry":{"type":"Point","coordinates":[-73.92834842205048,40.70442624532856]}},{"type":"Feature","properties":{"name":"Knickerbocker Ave & Halsey St","station_id":"c0f952d9-538e-4836-b936-fa97123cbf13","mode":"CitiBike","region_id":"71","coord_source":"mapbox","mapbox_name":"Citi Bike – Knickerbocker Ave & Halsey St"},"geometry":{"type":"Point","coordinates":[-73.90831768512726,40.69305483957203]}},{"type":"Feature","properties":{"name":"Knickerbocker Ave & Hancock St","station_id":"0ebdda6a-37e4-4ff4-94e8-3947f49d8e24","mode":"CitiBike","region_id":"71","coord_source":"mapbox","mapbox_name":"Citi Bike – Knickerbocker Ave & Hancock St"},"geometry":{"type":"Point","coordinates":[-73.90975266695023,40.69386525881339]}},{"type":"Feature","properties":{"name":"Knickerbocker Ave & Moffat St","station_id":"65e7908a-a73e-4f8e-9967-0d0677f62bc4","mode":"CitiBike","region_id":"71","coord_source":"mapbox","mapbox_name":"Citi Bike – Knickerbocker Ave & Moffat St"},"geometry":{"type":"Point","coordinates":[-73.90379548072815,40.69045777097932]}},{"type":"Feature","properties":{"name":"Knickerbocker Ave & Thames St","station_id":"29223935-a682-411c-9f25-577bbb9804fc","mode":"CitiBike","region_id":"71","coord_source":"mapbox","mapbox_name":"Citi Bike – Knickerbocker Ave & Thames St"},"geometry":{"type":"Point","coordinates":[-73.92980620265007,40.705455107231955]}},{"type":"Feature","properties":{"name":"Knolls Crescent & Kappock St","station_id":"2177013822218302292","mode":"CitiBike","region_id":"71","coord_source":"mapbox","mapbox_name":"Citi Bike – Knolls Crescent & Kappock St"},"geometry":{"type":"Point","coordinates":[-73.91744658350945,40.87872818723574]}},{"type":"Feature","properties":{"name":"Kosciuszko St & Nostrand Ave","station_id":"66dcc3e5-0aca-11e7-82f6-3863bb44ef7c","mode":"CitiBike","region_id":"71","coord_source":"mapbox","mapbox_name":"Citi Bike – Kosciuszko St & Nostrand Ave"},"geometry":{"type":"Point","coordinates":[-73.951316177845,40.690723176916094]}},{"type":"Feature","properties":{"name":"Kosciuszko St & Tompkins Ave","station_id":"66dcc44a-0aca-11e7-82f6-3863bb44ef7c","mode":"CitiBike","region_id":"71","coord_source":"mapbox","mapbox_name":"Citi Bike – Kosciuszko St & Tompkins Ave"},"geometry":{"type":"Point","coordinates":[-73.94525572657585,40.691281441125795]}},{"type":"Feature","properties":{"name":"Lafayette Ave & Franklin Ave","station_id":"1965202298784063998","mode":"CitiBike","region_id":"71","coord_source":"mapbox","mapbox_name":"Citi Bike – Lafayette Ave & Franklin Ave"},"geometry":{"type":"Point","coordinates":[-73.95734176039696,40.68925580442246]}},{"type":"Feature","properties":{"name":"Lafayette Ave & Ft Greene Pl","station_id":"162d5859-b735-4ff7-9613-01b21f22c1cd","mode":"CitiBike","region_id":"71","coord_source":"mapbox","mapbox_name":"Citi Bike – Lafayette Ave & Ft Greene Pl"},"geometry":{"type":"Point","coordinates":[-73.97690579295158,40.68702163470246]}},{"type":"Feature","properties":{"name":"Lafayette Ave & St James Pl","station_id":"66dbef85-0aca-11e7-82f6-3863bb44ef7c","mode":"CitiBike","region_id":"71","coord_source":"mapbox","mapbox_name":"Citi Bike – Lafayette Ave & St James Pl"},"geometry":{"type":"Point","coordinates":[-73.9647628,40.68851534]}},{"type":"Feature","properties":{"name":"Lafayette Ave & Stuyvesant Ave","station_id":"f47c7f15-1c30-4199-a09f-134f0f0f684b","mode":"CitiBike","region_id":"71","coord_source":"mapbox","mapbox_name":"Citi Bike – Lafayette Ave & Stuyvesant Ave"},"geometry":{"type":"Point","coordinates":[-73.93255278468132,40.691990196052444]}},{"type":"Feature","properties":{"name":"Lafayette Park","station_id":"66ddd81a-0aca-11e7-82f6-3863bb44ef7c","mode":"CitiBike","region_id":"70","coord_source":"mapbox","mapbox_name":"Citi Bike – Lafayette Park"},"geometry":{"type":"Point","coordinates":[-74.06285986304283,40.71346484322379]}},{"type":"Feature","properties":{"name":"Lafayette St & Astor Pl","station_id":"2245650716933709032","mode":"CitiBike","region_id":"71","coord_source":"mapbox","mapbox_name":"Citi Bike – Lafayette St & E 8 St"},"geometry":{"type":"Point","coordinates":[-73.99095922708511,40.730298514712786]}},{"type":"Feature","properties":{"name":"Lafayette St & Grand St","station_id":"f54ad1f8-fe58-49ac-82ae-b742aec66829","mode":"CitiBike","region_id":"71","coord_source":"mapbox","mapbox_name":"Citi Bike – Lafayette St & Grand St"},"geometry":{"type":"Point","coordinates":[-73.99878323078156,40.72025594598347]}},{"type":"Feature","properties":{"name":"Lafayette St & Jersey St","station_id":"66de6dc1-0aca-11e7-82f6-3863bb44ef7c","mode":"CitiBike","region_id":"71","coord_source":"mapbox","mapbox_name":"Citi Bike – Lafayette St & Jersey St"},"geometry":{"type":"Point","coordinates":[-73.99565309286118,40.72456139631848]}},{"type":"Feature","properties":{"name":"LaGuardia Pl & W 3 St","station_id":"66db3273-0aca-11e7-82f6-3863bb44ef7c","mode":"CitiBike","region_id":"71","coord_source":"mapbox","mapbox_name":"Citi Bike – LaGuardia Pl & W 3 St"},"geometry":{"type":"Point","coordinates":[-73.99810194969177,40.72917044015273]}},{"type":"Feature","properties":{"name":"Laight St & Hudson St","station_id":"66db402c-0aca-11e7-82f6-3863bb44ef7c","mode":"CitiBike","region_id":"71","coord_source":"mapbox","mapbox_name":"Citi Bike – Laight St & Hudson St"},"geometry":{"type":"Point","coordinates":[-74.00777399539948,40.72187204710096]}},{"type":"Feature","properties":{"name":"Lawrence St & Willoughby St","station_id":"66db88f5-0aca-11e7-82f6-3863bb44ef7c","mode":"CitiBike","region_id":"71","coord_source":"mapbox","mapbox_name":"Citi Bike – Lawrence St & Willoughby St"},"geometry":{"type":"Point","coordinates":[-73.98631766438484,40.692361348781105]}},{"type":"Feature","properties":{"name":"Lee Ave & Taylor St","station_id":"1871698223344654662","mode":"CitiBike","region_id":"71","coord_source":"mapbox","mapbox_name":"Citi Bike – Lee Ave & Taylor St"},"geometry":{"type":"Point","coordinates":[-73.9612390100956,40.70674827870107]}},{"type":"Feature","properties":{"name":"Lefferts Ave & Albany Ave","station_id":"c606bae0-889c-47c3-8202-9463ef147655","mode":"CitiBike","region_id":"71","coord_source":"mapbox","mapbox_name":"Citi Bike – Lefferts Ave & Albany Ave"},"geometry":{"type":"Point","coordinates":[-73.94019573926926,40.662899629889836]}},{"type":"Feature","properties":{"name":"Lefferts Ave & Schenectady Ave","station_id":"8b830188-101e-44bf-a755-5e6c611e3edc","mode":"CitiBike","region_id":"71","coord_source":"mapbox","mapbox_name":"Citi Bike – Lefferts Ave & Schenectady Ave"},"geometry":{"type":"Point","coordinates":[-73.93470793962479,40.66343066017291]}},{"type":"Feature","properties":{"name":"Lefferts Pl & Franklin Ave","station_id":"66dbeded-0aca-11e7-82f6-3863bb44ef7c","mode":"CitiBike","region_id":"71","coord_source":"mapbox","mapbox_name":"Citi Bike – Lefferts Pl & Franklin Ave"},"geometry":{"type":"Point","coordinates":[-73.95576864480972,40.68034206799871]}},{"type":"Feature","properties":{"name":"Legion St & Blake Ave","station_id":"2235289813631980528","mode":"CitiBike","region_id":"71","coord_source":"gbfs"},"geometry":{"type":"Point","coordinates":[-73.91716,40.66443]}},{"type":"Feature","properties":{"name":"Lenox Ave & W 111 St","station_id":"0e003543-3656-448f-8a93-029d265f2e26","mode":"CitiBike","region_id":"71","coord_source":"mapbox","mapbox_name":"Citi Bike – Lenox Ave & W 111 St"},"geometry":{"type":"Point","coordinates":[-73.95229652523994,40.79879164727413]}},{"type":"Feature","properties":{"name":"Lenox Ave & W 115 St","station_id":"897e8739-ee1d-4b2e-b151-ad7e64e87697","mode":"CitiBike","region_id":"71","coord_source":"mapbox","mapbox_name":"Citi Bike – Lenox Ave & W 115 St"},"geometry":{"type":"Point","coordinates":[-73.9501091837883,40.80113069128686]}},{"type":"Feature","properties":{"name":"Lenox Ave & W 117 St","station_id":"dc8223ad-4108-40a8-9ff5-35e8490b4077","mode":"CitiBike","region_id":"71","coord_source":"mapbox","mapbox_name":"Citi Bike – Lenox Ave & W 117 St"},"geometry":{"type":"Point","coordinates":[-73.94905507564545,40.80254179342788]}},{"type":"Feature","properties":{"name":"Lenox Ave & W 126 St","station_id":"7e36cd9b-b271-42e5-b344-b7a3771c795e","mode":"CitiBike","region_id":"71","coord_source":"mapbox","mapbox_name":"Citi Bike – Lenox Ave & W 126 St"},"geometry":{"type":"Point","coordinates":[-73.94519001245499,40.80844068765123]}},{"type":"Feature","properties":{"name":"Lenox Ave & W 130 St","station_id":"14f928c6-9a51-40a2-b7e6-a74e8b351dbf","mode":"CitiBike","region_id":"71","coord_source":"mapbox","mapbox_name":"Citi Bike – Lenox Ave & W 130 St"},"geometry":{"type":"Point","coordinates":[-73.94308045506477,40.81081491817247]}},{"type":"Feature","properties":{"name":"Lenox Ave & W 133 St","station_id":"b7d7543b-74ac-4a48-a3c4-412f9ffbc727","mode":"CitiBike","region_id":"71","coord_source":"mapbox","mapbox_name":"Citi Bike – Lenox Ave & W 133 St"},"geometry":{"type":"Point","coordinates":[-73.94188553094864,40.81297185173085]}},{"type":"Feature","properties":{"name":"Lenox Ave & W 140 St","station_id":"bd1760ad-3af3-4ede-9bd7-c8fbf46d7192","mode":"CitiBike","region_id":"71","coord_source":"mapbox","mapbox_name":"Citi Bike – Lenox Ave & W 140 St"},"geometry":{"type":"Point","coordinates":[-73.9387620985508,40.817243895729376]}},{"type":"Feature","properties":{"name":"Lenox Ave & W 144 St","station_id":"fe65853e-b20a-4250-9677-2aa177283b72","mode":"CitiBike","region_id":"71","coord_source":"mapbox","mapbox_name":"Citi Bike – Lenox Ave & W 144 St"},"geometry":{"type":"Point","coordinates":[-73.93653184175491,40.8197984648676]}},{"type":"Feature","properties":{"name":"Lenox Ave & W 146 St","station_id":"b0bac4ef-bb57-4598-a433-75c281170d5b","mode":"CitiBike","region_id":"71","coord_source":"mapbox","mapbox_name":"Citi Bike – Lenox Ave & W 146 St"},"geometry":{"type":"Point","coordinates":[-73.93603429198265,40.82108738374524]}},{"type":"Feature","properties":{"name":"Lenox Rd & E 43 St","station_id":"1814901062206225038","mode":"CitiBike","region_id":"71","coord_source":"mapbox","mapbox_name":"Citi Bike – Lenox Rd & E 43 St"},"geometry":{"type":"Point","coordinates":[-73.93765032291412,40.65495808650459]}},{"type":"Feature","properties":{"name":"Leonard Gordon Park","station_id":"66dddf5f-0aca-11e7-82f6-3863bb44ef7c","mode":"CitiBike","region_id":"70","coord_source":"mapbox","mapbox_name":"Citi Bike – Leonard Gordon Park"},"geometry":{"type":"Point","coordinates":[-74.0572714805603,40.74590996631558]}},{"type":"Feature","properties":{"name":"Leonard St & Boerum St","station_id":"66dce660-0aca-11e7-82f6-3863bb44ef7c","mode":"CitiBike","region_id":"71","coord_source":"mapbox","mapbox_name":"Citi Bike – Leonard St & Boerum St"},"geometry":{"type":"Point","coordinates":[-73.94644528627396,40.70583330148597]}},{"type":"Feature","properties":{"name":"Leonard St & Church St","station_id":"66db7a0d-0aca-11e7-82f6-3863bb44ef7c","mode":"CitiBike","region_id":"71","coord_source":"mapbox","mapbox_name":"Citi Bike – Leonard St & Church St"},"geometry":{"type":"Point","coordinates":[-74.00554910302162,40.71757048868008]}},{"type":"Feature","properties":{"name":"Leonard St & Maujer St","station_id":"66dea596-0aca-11e7-82f6-3863bb44ef7c","mode":"CitiBike","region_id":"71","coord_source":"mapbox","mapbox_name":"Citi Bike – Leonard St & Maujer St"},"geometry":{"type":"Point","coordinates":[-73.94697770476341,40.71043042657618]}},{"type":"Feature","properties":{"name":"Leonard St & Nassau Ave","station_id":"7a771842-c090-4da1-8c13-72b7f4f50a87","mode":"CitiBike","region_id":"71","coord_source":"mapbox","mapbox_name":"Citi Bike – Leonard St & Nassau Ave"},"geometry":{"type":"Point","coordinates":[-73.94978195428848,40.723911937582415]}},{"type":"Feature","properties":{"name":"Lewis Ave & Decatur St","station_id":"66dcbac5-0aca-11e7-82f6-3863bb44ef7c","mode":"CitiBike","region_id":"71","coord_source":"mapbox","mapbox_name":"Citi Bike – Lewis Ave & Decatur St"},"geometry":{"type":"Point","coordinates":[-73.93489569425583,40.68148419117361]}},{"type":"Feature","properties":{"name":"Lewis Ave & Fulton St","station_id":"1789e458-c466-4d77-aba6-365f5c3823ed","mode":"CitiBike","region_id":"71","coord_source":"mapbox","mapbox_name":"Citi Bike – Lewis Ave & Fulton St"},"geometry":{"type":"Point","coordinates":[-73.93467307090759,40.67971963822609]}},{"type":"Feature","properties":{"name":"Lewis Ave & Greene Ave","station_id":"081d243e-d75e-4e2a-bdae-a990b2397532","mode":"CitiBike","region_id":"71","coord_source":"mapbox","mapbox_name":"Citi Bike – Lewis Ave & Greene Ave"},"geometry":{"type":"Point","coordinates":[-73.93648892641068,40.68993814173572]}},{"type":"Feature","properties":{"name":"Lewis Ave & Kosciuszko St","station_id":"66dcc5ca-0aca-11e7-82f6-3863bb44ef7c","mode":"CitiBike","region_id":"71","coord_source":"gbfs"},"geometry":{"type":"Point","coordinates":[-73.93705428,40.69237074]}},{"type":"Feature","properties":{"name":"Lewis Ave & Madison St","station_id":"66dcc047-0aca-11e7-82f6-3863bb44ef7c","mode":"CitiBike","region_id":"71","coord_source":"mapbox","mapbox_name":"Citi Bike – Lewis Ave & Madison St"},"geometry":{"type":"Point","coordinates":[-73.93575802445412,40.686284352427066]}},{"type":"Feature","properties":{"name":"Lexington Ave & Classon Ave","station_id":"66db29e6-0aca-11e7-82f6-3863bb44ef7c","mode":"CitiBike","region_id":"71","coord_source":"mapbox","mapbox_name":"Citi Bike – Lexington Ave & Classon Ave"},"geometry":{"type":"Point","coordinates":[-73.95928233861923,40.686767400356445]}},{"type":"Feature","properties":{"name":"Lexington Ave & E 111 St","station_id":"c05cd2e2-74e8-4526-a62b-d631e005fdd8","mode":"CitiBike","region_id":"71","coord_source":"mapbox","mapbox_name":"Citi Bike – Lexington Ave & E 111 St"},"geometry":{"type":"Point","coordinates":[-73.94413724541664,40.79539562287587]}},{"type":"Feature","properties":{"name":"Lexington Ave & E 120 St","station_id":"d9bc0b3e-1af8-4cb6-a082-8ef1245ef329","mode":"CitiBike","region_id":"71","coord_source":"mapbox","mapbox_name":"Citi Bike – Lexington Ave & E 120 St"},"geometry":{"type":"Point","coordinates":[-73.93974781036377,40.80133474460294]}},{"type":"Feature","properties":{"name":"Lexington Ave & E 127 St","station_id":"5f63411c-91ce-4788-a567-d388cc812a15","mode":"CitiBike","region_id":"71","coord_source":"mapbox","mapbox_name":"Citi Bike – Lexington Ave & E 127 St"},"geometry":{"type":"Point","coordinates":[-73.93628910183907,40.805743564285365]}},{"type":"Feature","properties":{"name":"Lexington Ave & E 128 St","station_id":"38975061-0d90-43a3-87c1-8905b374d5d9","mode":"CitiBike","region_id":"71","coord_source":"mapbox","mapbox_name":"Citi Bike – Lexington Ave & E 128 St"},"geometry":{"type":"Point","coordinates":[-73.93603697419167,40.80645313051255]}},{"type":"Feature","properties":{"name":"Lexington Ave & E 24 St","station_id":"66dc8a3d-0aca-11e7-82f6-3863bb44ef7c","mode":"CitiBike","region_id":"71","coord_source":"mapbox","mapbox_name":"Citi Bike – Lexington Ave & E 24 St"},"geometry":{"type":"Point","coordinates":[-73.98409143090248,40.740259294383236]}},{"type":"Feature","properties":{"name":"Lexington Ave & E 26 St","station_id":"454b4a83-d0b1-42a2-8163-261e2a9d6ab9","mode":"CitiBike","region_id":"71","coord_source":"mapbox","mapbox_name":"Citi Bike – Lexington Ave & E 26 St"},"geometry":{"type":"Point","coordinates":[-73.9832130074501,40.74148675919264]}},{"type":"Feature","properties":{"name":"Lexington Ave & E 29 St","station_id":"66dc8bfd-0aca-11e7-82f6-3863bb44ef7c","mode":"CitiBike","region_id":"71","coord_source":"mapbox","mapbox_name":"Citi Bike – Lexington Ave & E 29 St"},"geometry":{"type":"Point","coordinates":[-73.98223802447319,40.74308811962632]}},{"type":"Feature","properties":{"name":"Lexington Ave & E 36 St","station_id":"93c28953-7e65-436e-9c5a-9d7ca0e3729f","mode":"CitiBike","region_id":"71","coord_source":"mapbox","mapbox_name":"Citi Bike – Lexington Ave & E 36 St"},"geometry":{"type":"Point","coordinates":[-73.97878468036652,40.747544494632706]}},{"type":"Feature","properties":{"name":"Lexington Ave & Patchen Ave","station_id":"1857217349795049790","mode":"CitiBike","region_id":"71","coord_source":"mapbox","mapbox_name":"Citi Bike – Lexington Ave & Patchen Ave"},"geometry":{"type":"Point","coordinates":[-73.92769128084183,40.69040692680949]}},{"type":"Feature","properties":{"name":"Lexington Ave & Stuyvesant Ave","station_id":"1597ea95-0b6b-425a-8d13-ed86ee0754b5","mode":"CitiBike","region_id":"71","coord_source":"mapbox","mapbox_name":"Citi Bike – Lexington Ave & Stuyvesant Ave"},"geometry":{"type":"Point","coordinates":[-73.9335384964943,40.68972764497897]}},{"type":"Feature","properties":{"name":"Liberty Ave & Sackman St","station_id":"2235292640933882908","mode":"CitiBike","region_id":"71","coord_source":"gbfs"},"geometry":{"type":"Point","coordinates":[-73.9056,40.67302]}},{"type":"Feature","properties":{"name":"Liberty Light Rail","station_id":"66dd5f24-0aca-11e7-82f6-3863bb44ef7c","mode":"CitiBike","region_id":"70","coord_source":"mapbox","mapbox_name":"Citi Bike – Liberty Light Rail"},"geometry":{"type":"Point","coordinates":[-74.05569970607758,40.71124266756749]}},{"type":"Feature","properties":{"name":"Liberty St & Broadway","station_id":"66db3583-0aca-11e7-82f6-3863bb44ef7c","mode":"CitiBike","region_id":"71","coord_source":"mapbox","mapbox_name":"Citi Bike – Liberty St & Broadway"},"geometry":{"type":"Point","coordinates":[-74.01043340563774,40.709055998727365]}},{"type":"Feature","properties":{"name":"Liberty St & Nassau St","station_id":"e72f0aec-2293-4636-988c-b9d30df092f8","mode":"CitiBike","region_id":"71","coord_source":"mapbox","mapbox_name":"Citi Bike – Liberty St & Nassau St"},"geometry":{"type":"Point","coordinates":[-74.00931492447853,40.70853244811374]}},{"type":"Feature","properties":{"name":"Lincoln Ave & E 134 St","station_id":"26568d39-db49-4354-a5c1-c81a3c856285","mode":"CitiBike","region_id":"71","coord_source":"mapbox","mapbox_name":"Citi Bike – Lincoln Ave & E 134 St"},"geometry":{"type":"Point","coordinates":[-73.92879232764244,40.808493471809754]}},{"type":"Feature","properties":{"name":"Lincoln Ave & E 138 St","station_id":"11a8d465-b4eb-466b-a6ca-055f73994231","mode":"CitiBike","region_id":"71","coord_source":"mapbox","mapbox_name":"Citi Bike – Lincoln Ave & E 138 St"},"geometry":{"type":"Point","coordinates":[-73.92736405134201,40.81081796330457]}},{"type":"Feature","properties":{"name":"Lincoln Park","station_id":"66dd5f99-0aca-11e7-82f6-3863bb44ef7c","mode":"CitiBike","region_id":"70","coord_source":"mapbox","mapbox_name":"Citi Bike – Lincoln Park"},"geometry":{"type":"Point","coordinates":[-74.07840728759766,40.72460611624862]}},{"type":"Feature","properties":{"name":"Lincoln Pl & Classon Ave","station_id":"2b54cb2c-31be-4620-a13c-0fa72b58c90a","mode":"CitiBike","region_id":"71","coord_source":"mapbox","mapbox_name":"Citi Bike – Lincoln Pl & Classon Ave"},"geometry":{"type":"Point","coordinates":[-73.96090641617775,40.6721778091748]}},{"type":"Feature","properties":{"name":"Lincoln Pl & Nostrand Ave","station_id":"3bdd81c8-3112-45e6-ae72-11a3f4fa5921","mode":"CitiBike","region_id":"71","coord_source":"mapbox","mapbox_name":"Citi Bike – Lincoln Pl & Nostrand Ave"},"geometry":{"type":"Point","coordinates":[-73.95068183541298,40.67081072954204]}},{"type":"Feature","properties":{"name":"Lincoln Rd & Ocean Ave","station_id":"62089e99-7f73-4f59-816d-57f9793484a1","mode":"CitiBike","region_id":"71","coord_source":"mapbox","mapbox_name":"Citi Bike – Lincoln Rd & Ocean Ave"},"geometry":{"type":"Point","coordinates":[-73.96257475018501,40.660503837257124]}},{"type":"Feature","properties":{"name":"Linden Blvd & Church Ave","station_id":"2235291740170879960","mode":"CitiBike","region_id":"71","coord_source":"gbfs"},"geometry":{"type":"Point","coordinates":[-73.91714,40.65449]}},{"type":"Feature","properties":{"name":"Linden Blvd & E 91 St","station_id":"2235290248874043146","mode":"CitiBike","region_id":"71","coord_source":"gbfs"},"geometry":{"type":"Point","coordinates":[-73.9208,40.6546]}},{"type":"Feature","properties":{"name":"Linden Blvd & Nostrand Ave","station_id":"1814900632709495794","mode":"CitiBike","region_id":"71","coord_source":"mapbox","mapbox_name":"Citi Bike – Linden Blvd & Nostrand Ave"},"geometry":{"type":"Point","coordinates":[-73.94994959235191,40.652706487968345]}},{"type":"Feature","properties":{"name":"Linden Blvd & Rockaway Pkwy","station_id":"2235291837774998538","mode":"CitiBike","region_id":"71","coord_source":"gbfs"},"geometry":{"type":"Point","coordinates":[-73.91286,40.65435]}},{"type":"Feature","properties":{"name":"Linden St & Knickerbocker Ave","station_id":"807e9f5a-49b6-4b7e-847b-4a60cff330ed","mode":"CitiBike","region_id":"71","coord_source":"mapbox","mapbox_name":"Citi Bike – Linden St & Knickerbocker Ave"},"geometry":{"type":"Point","coordinates":[-73.91565755009651,40.69715259235733]}},{"type":"Feature","properties":{"name":"Lispenard St & Broadway","station_id":"66db4351-0aca-11e7-82f6-3863bb44ef7c","mode":"CitiBike","region_id":"71","coord_source":"mapbox","mapbox_name":"Citi Bike – Lispenard St & Broadway"},"geometry":{"type":"Point","coordinates":[-74.00247260928154,40.719391976461026]}},{"type":"Feature","properties":{"name":"Little West St & 1 Pl","station_id":"66dc90d5-0aca-11e7-82f6-3863bb44ef7c","mode":"CitiBike","region_id":"71","coord_source":"mapbox","mapbox_name":"Citi Bike – Little West St & 1 Pl"},"geometry":{"type":"Point","coordinates":[-74.01677146553993,40.70576111941514]}},{"type":"Feature","properties":{"name":"Livonia Ave & Mother Gaston Blvd","station_id":"2235294142100241836","mode":"CitiBike","region_id":"71","coord_source":"gbfs"},"geometry":{"type":"Point","coordinates":[-73.90531,40.663]}},{"type":"Feature","properties":{"name":"Livonia Ave & Rockaway Ave","station_id":"2235294048469734434","mode":"CitiBike","region_id":"71","coord_source":"gbfs"},"geometry":{"type":"Point","coordinates":[-73.9084,40.66256]}},{"type":"Feature","properties":{"name":"Livonia Ave & Saratoga Ave","station_id":"2235290968119410012","mode":"CitiBike","region_id":"71","coord_source":"gbfs"},"geometry":{"type":"Point","coordinates":[-73.91566,40.66166]}},{"type":"Feature","properties":{"name":"Longfellow Ave & E 165 St","station_id":"4775fd25-2240-44d7-884a-d777d15a9b5e","mode":"CitiBike","region_id":"71","coord_source":"mapbox","mapbox_name":"Citi Bike – Longfellow Ave & E 165 St"},"geometry":{"type":"Point","coordinates":[-73.88773307204247,40.82532440118635]}},{"type":"Feature","properties":{"name":"Longwood Ave & Southern Blvd","station_id":"8ce7325e-d5c7-46f9-9b73-95356e48c3eb","mode":"CitiBike","region_id":"71","coord_source":"mapbox","mapbox_name":"Citi Bike – Longwood Ave & Southern Blvd"},"geometry":{"type":"Point","coordinates":[-73.89645025134087,40.81635479733811]}},{"type":"Feature","properties":{"name":"Lorimer St & Broadway","station_id":"66dce4fc-0aca-11e7-82f6-3863bb44ef7c","mode":"CitiBike","region_id":"71","coord_source":"mapbox","mapbox_name":"Citi Bike – Lorimer St & Broadway"},"geometry":{"type":"Point","coordinates":[-73.94818595,40.70411791]}},{"type":"Feature","properties":{"name":"Lorimer St & Calyer St","station_id":"dba67615-a7e0-4c44-ab1b-b464033ec9b9","mode":"CitiBike","region_id":"71","coord_source":"mapbox","mapbox_name":"Citi Bike – Lorimer St & Calyer St"},"geometry":{"type":"Point","coordinates":[-73.95413652062416,40.72795799274928]}},{"type":"Feature","properties":{"name":"Lorimer St & Harrison Ave","station_id":"1875672501601550456","mode":"CitiBike","region_id":"71","coord_source":"mapbox","mapbox_name":"Citi Bike – Lorimer St & Harrison Ave"},"geometry":{"type":"Point","coordinates":[-73.94984632730484,40.70275278579368]}},{"type":"Feature","properties":{"name":"Loring Pl North & W 183 St","station_id":"47da6ab2-c841-4f2d-97ef-dd8d441c96b1","mode":"CitiBike","region_id":"71","coord_source":"mapbox","mapbox_name":"Citi Bike – Loring Pl North & W 183 St"},"geometry":{"type":"Point","coordinates":[-73.90932217240334,40.860417805685756]}},{"type":"Feature","properties":{"name":"Lott St & Erasmus St","station_id":"1828964993433043090","mode":"CitiBike","region_id":"71","coord_source":"mapbox","mapbox_name":"Citi Bike – Lott St & Erasmus St"},"geometry":{"type":"Point","coordinates":[-73.9541083574295,40.6494912404068]}},{"type":"Feature","properties":{"name":"Louis Nine Blvd & Intervale Ave","station_id":"9b4a92ae-cefe-467a-8e35-5ce02d4f3a45","mode":"CitiBike","region_id":"71","coord_source":"mapbox","mapbox_name":"Citi Bike – Louis Nine Blvd & Intervale Ave"},"geometry":{"type":"Point","coordinates":[-73.89269381761551,40.83200971192139]}},{"type":"Feature","properties":{"name":"MacDonough St & Malcolm X Blvd","station_id":"b1cdec34-d4f9-4313-be82-729bb9f7bb18","mode":"CitiBike","region_id":"71","coord_source":"mapbox","mapbox_name":"Citi Bike – MacDonough St & Malcolm X Blvd"},"geometry":{"type":"Point","coordinates":[-73.92929255962372,40.68273307995722]}},{"type":"Feature","properties":{"name":"MacDonough St & Marcy Ave","station_id":"7a701539-2c10-4abe-803f-525785ebb7fb","mode":"CitiBike","region_id":"71","coord_source":"mapbox","mapbox_name":"Citi Bike – MacDonough St & Marcy Ave"},"geometry":{"type":"Point","coordinates":[-73.9461301267147,40.68079363105875]}},{"type":"Feature","properties":{"name":"MacDougal St & Prince St","station_id":"66db2afe-0aca-11e7-82f6-3863bb44ef7c","mode":"CitiBike","region_id":"71","coord_source":"mapbox","mapbox_name":"Citi Bike – MacDougal St & Prince St"},"geometry":{"type":"Point","coordinates":[-74.00285080075264,40.72724657158352]}},{"type":"Feature","properties":{"name":"MacDougal St & Rockaway Ave","station_id":"9be6c750-85b6-4e81-bace-1a8ffe941d7b","mode":"CitiBike","region_id":"71","coord_source":"mapbox","mapbox_name":"Citi Bike – MacDougal St & Rockaway Ave"},"geometry":{"type":"Point","coordinates":[-73.91149744391441,40.680191546298914]}},{"type":"Feature","properties":{"name":"MacDougal St & Washington Sq","station_id":"66db41bf-0aca-11e7-82f6-3863bb44ef7c","mode":"CitiBike","region_id":"71","coord_source":"mapbox","mapbox_name":"Citi Bike – MacDougal St & Washington Sq"},"geometry":{"type":"Point","coordinates":[-73.99850159883499,40.732303594629656]}},{"type":"Feature","properties":{"name":"Macombs Pl & W 152 St","station_id":"0b94cc1e-2327-4679-99d9-3b21ddc02051","mode":"CitiBike","region_id":"71","coord_source":"mapbox","mapbox_name":"Citi Bike – Macombs Pl & W 152 St"},"geometry":{"type":"Point","coordinates":[-73.93793866038322,40.82641126670663]}},{"type":"Feature","properties":{"name":"Macombs Rd & Featherbed Ln","station_id":"aa8270ec-4441-47d2-854b-5852e65fae66","mode":"CitiBike","region_id":"71","coord_source":"mapbox","mapbox_name":"Citi Bike – Macombs Rd & Featherbed Ln"},"geometry":{"type":"Point","coordinates":[-73.91721591353416,40.84552845940408]}},{"type":"Feature","properties":{"name":"Macombs Rd & W 175 St","station_id":"ca843847-923a-40b7-80ca-c1c3fff6e818","mode":"CitiBike","region_id":"71","coord_source":"mapbox","mapbox_name":"Citi Bike – Macombs Rd & W 175 St"},"geometry":{"type":"Point","coordinates":[-73.91607999801636,40.84818845865772]}},{"type":"Feature","properties":{"name":"Macon St & Howard Ave","station_id":"3ff00115-e8da-4326-97d3-7bf4fe4df7a5","mode":"CitiBike","region_id":"71","coord_source":"mapbox","mapbox_name":"Citi Bike – Macon St & Howard Ave"},"geometry":{"type":"Point","coordinates":[-73.92008990049362,40.68452399445016]}},{"type":"Feature","properties":{"name":"Macon St & Lewis Ave","station_id":"96878d29-481d-48dc-bcdc-a5f1ce88c76d","mode":"CitiBike","region_id":"71","coord_source":"mapbox","mapbox_name":"Citi Bike – Macon St & Lewis Ave"},"geometry":{"type":"Point","coordinates":[-73.93488094210625,40.68281749097699]}},{"type":"Feature","properties":{"name":"Macon St & Nostrand Ave","station_id":"66dc1687-0aca-11e7-82f6-3863bb44ef7c","mode":"CitiBike","region_id":"71","coord_source":"mapbox","mapbox_name":"Citi Bike – Macon St & Nostrand Ave"},"geometry":{"type":"Point","coordinates":[-73.95004749298096,40.68098381548609]}},{"type":"Feature","properties":{"name":"Macon St & Patchen Ave","station_id":"01b7973e-c92e-4fbe-890e-2c24de33ce0e","mode":"CitiBike","region_id":"71","coord_source":"mapbox","mapbox_name":"Citi Bike – Macon St & Patchen Ave"},"geometry":{"type":"Point","coordinates":[-73.926010876894,40.68376939579994]}},{"type":"Feature","properties":{"name":"Madison Ave & E 120 St","station_id":"bacfe3c2-7946-45ed-91f9-f5b91791de75","mode":"CitiBike","region_id":"71","coord_source":"mapbox","mapbox_name":"Citi Bike – Madison Ave & E 120 St"},"geometry":{"type":"Point","coordinates":[-73.94295170903206,40.80291537515913]}},{"type":"Feature","properties":{"name":"Madison Ave & E 26 St","station_id":"06109e92-4363-445a-9743-0457f6799530","mode":"CitiBike","region_id":"71","coord_source":"mapbox","mapbox_name":"Citi Bike – Madison Ave & E 26 St"},"geometry":{"type":"Point","coordinates":[-73.98675888776779,40.742654252301406]}},{"type":"Feature","properties":{"name":"Madison Ave & E 51 St","station_id":"821b19c1-ab13-4482-9580-770288a377a7","mode":"CitiBike","region_id":"71","coord_source":"mapbox","mapbox_name":"Citi Bike – Madison Ave & E 51 St"},"geometry":{"type":"Point","coordinates":[-73.97512346506119,40.7586485712564]}},{"type":"Feature","properties":{"name":"Madison Ave & E 82 St","station_id":"66de1f17-0aca-11e7-82f6-3863bb44ef7c","mode":"CitiBike","region_id":"71","coord_source":"mapbox","mapbox_name":"Citi Bike – Madison Ave & E 82 St"},"geometry":{"type":"Point","coordinates":[-73.96070390939713,40.77813666768432]}},{"type":"Feature","properties":{"name":"Madison Ave & E 99 St","station_id":"66de13dc-0aca-11e7-82f6-3863bb44ef7c","mode":"CitiBike","region_id":"71","coord_source":"mapbox","mapbox_name":"Citi Bike – Madison Ave & E 99 St"},"geometry":{"type":"Point","coordinates":[-73.95221337676048,40.78975448811079]}},{"type":"Feature","properties":{"name":"Madison St & 1 St","station_id":"c32d6965-4fae-4f1f-a5f2-7f2ef5f439fc","mode":"CitiBike","region_id":"311","coord_source":"mapbox","mapbox_name":"Citi Bike – Madison St & 1 St"},"geometry":{"type":"Point","coordinates":[-74.03929397463799,40.73880317471961]}},{"type":"Feature","properties":{"name":"Madison St & 10 St","station_id":"e385c162-6a1a-4e7a-90c1-45d5b6fa1195","mode":"CitiBike","region_id":"311","coord_source":"mapbox","mapbox_name":"Citi Bike – Madison St & 10 St"},"geometry":{"type":"Point","coordinates":[-74.0358754992485,40.74993207840001]}},{"type":"Feature","properties":{"name":"Madison St & Clinton St","station_id":"66db9cc4-0aca-11e7-82f6-3863bb44ef7c","mode":"CitiBike","region_id":"71","coord_source":"mapbox","mapbox_name":"Citi Bike – Madison St & Clinton St"},"geometry":{"type":"Point","coordinates":[-73.98776337504387,40.712690241465594]}},{"type":"Feature","properties":{"name":"Madison St & Cypress Ave","station_id":"74e104fb-1ddc-4f3e-a60b-220b6c4f300b","mode":"CitiBike","region_id":"71","coord_source":"mapbox","mapbox_name":"Citi Bike – Madison St & Cypress Ave"},"geometry":{"type":"Point","coordinates":[-73.90740841627121,40.70069292914931]}},{"type":"Feature","properties":{"name":"Madison St & Evergreen Ave","station_id":"bcb08532-f0d5-4c0e-ad8a-4ddacc204791","mode":"CitiBike","region_id":"71","coord_source":"mapbox","mapbox_name":"Citi Bike – Madison St & Evergreen Ave"},"geometry":{"type":"Point","coordinates":[-73.91691148281097,40.69123059758442]}},{"type":"Feature","properties":{"name":"Madison St & Forest Ave","station_id":"272c0389-5e4a-41a9-ad6c-2dccdfa55af9","mode":"CitiBike","region_id":"71","coord_source":"mapbox","mapbox_name":"Citi Bike – Madison St & Forest Ave"},"geometry":{"type":"Point","coordinates":[-73.90244901180267,40.70556388913255]}},{"type":"Feature","properties":{"name":"Madison St & Malcolm X Blvd","station_id":"753591ba-36f7-4ded-ab7d-40df9994a05f","mode":"CitiBike","region_id":"71","coord_source":"mapbox","mapbox_name":"Citi Bike – Madison St & Malcolm X Blvd"},"geometry":{"type":"Point","coordinates":[-73.93013745546341,40.687116209631654]}},{"type":"Feature","properties":{"name":"Madison St & Montgomery St","station_id":"66db64d1-0aca-11e7-82f6-3863bb44ef7c","mode":"CitiBike","region_id":"71","coord_source":"mapbox","mapbox_name":"Citi Bike – Madison St & Montgomery St"},"geometry":{"type":"Point","coordinates":[-73.98484647274017,40.71317309795015]}},{"type":"Feature","properties":{"name":"Madison St & Seneca Ave","station_id":"26cae473-0e59-4af7-bad5-bb6fec85c8bc","mode":"CitiBike","region_id":"71","coord_source":"mapbox","mapbox_name":"Citi Bike – Madison St & Seneca Ave"},"geometry":{"type":"Point","coordinates":[-73.90624836087227,40.701833686849426]}},{"type":"Feature","properties":{"name":"Madison St & Woodward Ave","station_id":"16836c76-c412-4ec3-bac8-3c6a5a3d9745","mode":"CitiBike","region_id":"71","coord_source":"mapbox","mapbox_name":"Citi Bike – Madison St & Woodward Ave"},"geometry":{"type":"Point","coordinates":[-73.90409052371979,40.70407447664442]}},{"type":"Feature","properties":{"name":"Maiden Ln & Pearl St","station_id":"66db460d-0aca-11e7-82f6-3863bb44ef7c","mode":"CitiBike","region_id":"71","coord_source":"mapbox","mapbox_name":"Citi Bike – Maiden Ln & Pearl St"},"geometry":{"type":"Point","coordinates":[-74.0073636174202,40.70711019955206]}},{"type":"Feature","properties":{"name":"Main St & Plymouth St","station_id":"cb04be8e-8edc-4c9d-bfc0-76f94e3a3d9b","mode":"CitiBike","region_id":"71","coord_source":"mapbox","mapbox_name":"Citi Bike – Main St & Plymouth St"},"geometry":{"type":"Point","coordinates":[-73.99073526263237,40.70375320651195]}},{"type":"Feature","properties":{"name":"Malcolm X Blvd & DeKalb Ave","station_id":"c63e9937-cadb-4813-aee3-5fd3fcc93767","mode":"CitiBike","region_id":"71","coord_source":"mapbox","mapbox_name":"Citi Bike – Malcolm X Blvd & DeKalb Ave"},"geometry":{"type":"Point","coordinates":[-73.93118217587471,40.69388762909179]}},{"type":"Feature","properties":{"name":"Mallory Ave & Roosevelt Ave","station_id":"2158919319277979600","mode":"CitiBike","region_id":"70","coord_source":"mapbox","mapbox_name":"Citi Bike – Mallory Ave & Roosevelt Ave"},"geometry":{"type":"Point","coordinates":[-74.0859603881836,40.722061097875724]}},{"type":"Feature","properties":{"name":"Mama Johnson Field - 4 St & Jackson St","station_id":"ded4386f-9f69-43c6-a566-4511920c3e39","mode":"CitiBike","region_id":"311","coord_source":"mapbox","mapbox_name":"Citi Bike – Harrison St & 4 St"},"geometry":{"type":"Point","coordinates":[-74.04072090983391,40.74312266631745]}},{"type":"Feature","properties":{"name":"Manhattan Ave & Devoe St","station_id":"1786697932047949952","mode":"CitiBike","region_id":"71","coord_source":"mapbox","mapbox_name":"Citi Bike – Manhattan Ave & Devoe St"},"geometry":{"type":"Point","coordinates":[-73.94598796963692,40.71353600041368]}},{"type":"Feature","properties":{"name":"Manhattan Ave & Leonard St","station_id":"bd30f2a1-38ec-474d-9e36-07f688e87427","mode":"CitiBike","region_id":"71","coord_source":"mapbox","mapbox_name":"Citi Bike – Manhattan Ave & Leonard St"},"geometry":{"type":"Point","coordinates":[-73.94837781786919,40.72078042083547]}},{"type":"Feature","properties":{"name":"Manila & 1st","station_id":"66dddae7-0aca-11e7-82f6-3863bb44ef7c","mode":"CitiBike","region_id":"70","coord_source":"mapbox","mapbox_name":"Citi Bike – Manila & 1st"},"geometry":{"type":"Point","coordinates":[-74.04288545250893,40.72165148718511]}},{"type":"Feature","properties":{"name":"Maple St & Albany Ave","station_id":"f42b3158-3f78-4a62-964a-8cc554d69c35","mode":"CitiBike","region_id":"71","coord_source":"mapbox","mapbox_name":"Citi Bike – Maple St & Albany Ave"},"geometry":{"type":"Point","coordinates":[-73.93974646925926,40.66154558526418]}},{"type":"Feature","properties":{"name":"Maple St & Flatbush Ave","station_id":"4e9a1c3a-20e2-4fd5-b8de-fbf8d43e7bcc","mode":"CitiBike","region_id":"71","coord_source":"mapbox","mapbox_name":"Citi Bike – Maple St & Flatbush Ave"},"geometry":{"type":"Point","coordinates":[-73.96044105291367,40.66025662318336]}},{"type":"Feature","properties":{"name":"Maple St & New York Ave","station_id":"bda1fab4-5065-42df-a8ff-514e6064ab6e","mode":"CitiBike","region_id":"71","coord_source":"mapbox","mapbox_name":"Citi Bike – Maple St & New York Ave"},"geometry":{"type":"Point","coordinates":[-73.94794330000877,40.66104505993198]}},{"type":"Feature","properties":{"name":"Marble Hill Ave & W 225 St","station_id":"1869753654337059182","mode":"CitiBike","region_id":"71","coord_source":"mapbox","mapbox_name":"Citi Bike – Marble Hill Ave & W 225 St"},"geometry":{"type":"Point","coordinates":[-73.91095831990242,40.87472579078863]}},{"type":"Feature","properties":{"name":"Marble Hill Ave & W 227 St","station_id":"1861680383828308814","mode":"CitiBike","region_id":"71","coord_source":"mapbox","mapbox_name":"Citi Bike – Marble Hill Ave & W 227 St"},"geometry":{"type":"Point","coordinates":[-73.90943080186844,40.87655311201652]}},{"type":"Feature","properties":{"name":"Marcus Garvey Blvd & Macon St","station_id":"66dcbbfe-0aca-11e7-82f6-3863bb44ef7c","mode":"CitiBike","region_id":"71","coord_source":"mapbox","mapbox_name":"Citi Bike – Marcus Garvey Blvd & Macon St"},"geometry":{"type":"Point","coordinates":[-73.93803253769875,40.68261103973961]}},{"type":"Feature","properties":{"name":"Marcy Ave & Gates Ave","station_id":"1947367330341251364","mode":"CitiBike","region_id":"71","coord_source":"gbfs"},"geometry":{"type":"Point","coordinates":[-73.947417,40.686679]}},{"type":"Feature","properties":{"name":"Marcy Ave & Hart St","station_id":"1945125910957847430","mode":"CitiBike","region_id":"71","coord_source":"mapbox","mapbox_name":"Citi Bike – Marcy Ave & Hart St"},"geometry":{"type":"Point","coordinates":[-73.94868493080139,40.693026367951404]}},{"type":"Feature","properties":{"name":"Marcy Ave & Lafayette Ave","station_id":"66dcc0b2-0aca-11e7-82f6-3863bb44ef7c","mode":"CitiBike","region_id":"71","coord_source":"mapbox","mapbox_name":"Citi Bike – Marcy Ave & Lafayette Ave"},"geometry":{"type":"Point","coordinates":[-73.94796341657639,40.69014050272526]}},{"type":"Feature","properties":{"name":"Marcy Ave & Lynch St","station_id":"1869439170989701358","mode":"CitiBike","region_id":"71","coord_source":"mapbox","mapbox_name":"Citi Bike – Marcy Ave & Lynch St"},"geometry":{"type":"Point","coordinates":[-73.95317360758781,40.702786336732004]}},{"type":"Feature","properties":{"name":"Marcy Ave & Rutledge St","station_id":"1908785111291682996","mode":"CitiBike","region_id":"71","coord_source":"mapbox","mapbox_name":"Citi Bike – Marcy Ave & Rutledge St"},"geometry":{"type":"Point","coordinates":[-73.95429208874702,40.703682038867896]}},{"type":"Feature","properties":{"name":"Margaret Corbin Plz & Ft Washington Ave","station_id":"dc34ba4c-d8e5-4674-a02e-210c950c05c1","mode":"CitiBike","region_id":"71","coord_source":"mapbox","mapbox_name":"Citi Bike – Margaret Corbin Plz & Ft Washington Ave"},"geometry":{"type":"Point","coordinates":[-73.93379464745522,40.85931019735577]}},{"type":"Feature","properties":{"name":"Marin Light Rail","station_id":"66dddc98-0aca-11e7-82f6-3863bb44ef7c","mode":"CitiBike","region_id":"70","coord_source":"mapbox","mapbox_name":"Citi Bike – Marin Light Rail"},"geometry":{"type":"Point","coordinates":[-74.04281839728355,40.71458403535894]}},{"type":"Feature","properties":{"name":"Marion Ave & Mosholu Pkwy","station_id":"724aeecc-8c91-4afc-b97c-72a98de452c9","mode":"CitiBike","region_id":"71","coord_source":"mapbox","mapbox_name":"Citi Bike – Marion Ave & Mosholu Pkwy"},"geometry":{"type":"Point","coordinates":[-73.8818871974945,40.87054466575705]}},{"type":"Feature","properties":{"name":"Market St & Cherry St","station_id":"66dbf362-0aca-11e7-82f6-3863bb44ef7c","mode":"CitiBike","region_id":"71","coord_source":"mapbox","mapbox_name":"Citi Bike – Market St & Cherry St"},"geometry":{"type":"Point","coordinates":[-73.9940182864666,40.710737432471035]}},{"type":"Feature","properties":{"name":"Market St & Henry St","station_id":"99142ec8-c0e7-47ca-916c-c1097d48e133","mode":"CitiBike","region_id":"71","coord_source":"mapbox","mapbox_name":"Citi Bike – Market St & Henry St"},"geometry":{"type":"Point","coordinates":[-73.99444743990898,40.71321477592468]}},{"type":"Feature","properties":{"name":"Marshall St & 2 St","station_id":"46813ecf-8df4-4c8f-9579-0179e0b36ba6","mode":"CitiBike","region_id":"311","coord_source":"mapbox","mapbox_name":"Citi Bike – Marshall St & 2 St"},"geometry":{"type":"Point","coordinates":[-74.04248848557472,40.74079580496729]}},{"type":"Feature","properties":{"name":"Martense Ave & 108 St","station_id":"1854538962214948918","mode":"CitiBike","region_id":"71","coord_source":"mapbox","mapbox_name":"Citi Bike – Martense Ave & 108 St"},"geometry":{"type":"Point","coordinates":[-73.85419204831123,40.74214620734003]}},{"type":"Feature","properties":{"name":"Matthews Ct & Coney Island Ave","station_id":"1822663031356509142","mode":"CitiBike","region_id":"71","coord_source":"mapbox","mapbox_name":"Citi Bike – Matthews Ct & Coney Island Ave"},"geometry":{"type":"Point","coordinates":[-73.96951094269753,40.64234591729928]}},{"type":"Feature","properties":{"name":"Maurice Ave & 53 Dr","station_id":"cc834d78-6eca-450a-ae00-a5ffc6f1a7a6","mode":"CitiBike","region_id":"71","coord_source":"mapbox","mapbox_name":"Citi Bike – Maurice Ave & 53 Dr"},"geometry":{"type":"Point","coordinates":[-73.9041830599308,40.730296482163226]}},{"type":"Feature","properties":{"name":"McDonald Ave & Vanderbilt St","station_id":"989fdf95-cfb9-475c-ba0c-3152fd3a16e0","mode":"CitiBike","region_id":"71","coord_source":"mapbox","mapbox_name":"Citi Bike – McDonald Ave & Vanderbilt St"},"geometry":{"type":"Point","coordinates":[-73.98120671510696,40.6516727417264]}},{"type":"Feature","properties":{"name":"McGinley Square","station_id":"66dd6000-0aca-11e7-82f6-3863bb44ef7c","mode":"CitiBike","region_id":"70","coord_source":"mapbox","mapbox_name":"Citi Bike – McGinley Square"},"geometry":{"type":"Point","coordinates":[-74.06762078404427,40.72533890900527]}},{"type":"Feature","properties":{"name":"McGuinness Blvd & Eagle St","station_id":"66dd2208-0aca-11e7-82f6-3863bb44ef7c","mode":"CitiBike","region_id":"71","coord_source":"mapbox","mapbox_name":"Citi Bike – McGuinness Blvd & Eagle St"},"geometry":{"type":"Point","coordinates":[-73.95283967256546,40.73555041546351]}},{"type":"Feature","properties":{"name":"McKeever Pl & Sullivan Pl","station_id":"1900647078394106472","mode":"CitiBike","region_id":"71","coord_source":"mapbox","mapbox_name":"Citi Bike – McKeever Pl & Sullivan Pl"},"geometry":{"type":"Point","coordinates":[-73.9592233300209,40.664325874067146]}},{"type":"Feature","properties":{"name":"McKibbin St & Bogart St","station_id":"b03adb87-2bd9-43a5-a822-7d06a9ee2d81","mode":"CitiBike","region_id":"71","coord_source":"mapbox","mapbox_name":"Citi Bike – McKibbin St & Bogart St"},"geometry":{"type":"Point","coordinates":[-73.93387243151665,40.70624707607246]}},{"type":"Feature","properties":{"name":"Melrose Ave & E 150 St","station_id":"3db799ba-b574-4e5f-95e5-c767bec2acb6","mode":"CitiBike","region_id":"71","coord_source":"mapbox","mapbox_name":"Citi Bike – Melrose Ave & E 150 St"},"geometry":{"type":"Point","coordinates":[-73.91734600067139,40.81683487135132]}},{"type":"Feature","properties":{"name":"Melrose Ave & E 154 St","station_id":"e0a9ed84-55f9-40f5-90fa-87db17d2f933","mode":"CitiBike","region_id":"71","coord_source":"mapbox","mapbox_name":"Citi Bike – Melrose Ave & E 154 St"},"geometry":{"type":"Point","coordinates":[-73.9160867035389,40.819603602511336]}},{"type":"Feature","properties":{"name":"Menahan St & Central Ave","station_id":"77463580-6421-403d-b170-f2660c216175","mode":"CitiBike","region_id":"71","coord_source":"mapbox","mapbox_name":"Citi Bike – Menahan St & Central Ave"},"geometry":{"type":"Point","coordinates":[-73.9195990562439,40.69541692486149]}},{"type":"Feature","properties":{"name":"Menahan St & Onderdonk Ave","station_id":"8f3a6711-fd05-4ce1-acf8-9d72b4a1bf97","mode":"CitiBike","region_id":"71","coord_source":"mapbox","mapbox_name":"Citi Bike – Menahan St & Onderdonk Ave"},"geometry":{"type":"Point","coordinates":[-73.9096038043499,40.70554152277498]}},{"type":"Feature","properties":{"name":"Menahan St & Seneca Ave","station_id":"e9b3a725-6963-4151-8f7f-9beeb51fa20f","mode":"CitiBike","region_id":"71","coord_source":"mapbox","mapbox_name":"Citi Bike – Menahan St & Seneca Ave"},"geometry":{"type":"Point","coordinates":[-73.91052380204201,40.704639745647]}},{"type":"Feature","properties":{"name":"Menahan St & Wyckoff Ave","station_id":"db02e1ea-acc1-4f45-8e3c-d37468b0b5a6","mode":"CitiBike","region_id":"71","coord_source":"mapbox","mapbox_name":"Citi Bike – Menahan St & Wyckoff Ave"},"geometry":{"type":"Point","coordinates":[-73.91423061490059,40.70113113695825]}},{"type":"Feature","properties":{"name":"Mercer St & Bleecker St","station_id":"66ddd369-0aca-11e7-82f6-3863bb44ef7c","mode":"CitiBike","region_id":"71","coord_source":"mapbox","mapbox_name":"Citi Bike – Mercer St & Bleecker St"},"geometry":{"type":"Point","coordinates":[-73.99660125374794,40.72706769877965]}},{"type":"Feature","properties":{"name":"Mercer St & Spring St","station_id":"66db6d40-0aca-11e7-82f6-3863bb44ef7c","mode":"CitiBike","region_id":"71","coord_source":"mapbox","mapbox_name":"Citi Bike – Mercer St & Spring St"},"geometry":{"type":"Point","coordinates":[-73.99955973029137,40.72355518994624]}},{"type":"Feature","properties":{"name":"Meserole Ave & Manhattan Ave","station_id":"66dd1d9c-0aca-11e7-82f6-3863bb44ef7c","mode":"CitiBike","region_id":"71","coord_source":"mapbox","mapbox_name":"Citi Bike – Meserole Ave & Manhattan Ave"},"geometry":{"type":"Point","coordinates":[-73.95299117,40.72708584]}},{"type":"Feature","properties":{"name":"Metropolitan Ave & 65 Ln","station_id":"cd118a8f-a7d1-4b7a-a6d3-d9e875cb29df","mode":"CitiBike","region_id":"71","coord_source":"mapbox","mapbox_name":"Citi Bike – Metropolitan Ave & 65 Ln"},"geometry":{"type":"Point","coordinates":[-73.89115020632744,40.71223482835137]}},{"type":"Feature","properties":{"name":"Metropolitan Ave & Bedford Ave","station_id":"66dc8b6a-0aca-11e7-82f6-3863bb44ef7c","mode":"CitiBike","region_id":"71","coord_source":"mapbox","mapbox_name":"Citi Bike – Metropolitan Ave & Bedford Ave"},"geometry":{"type":"Point","coordinates":[-73.96024116,40.71534825]}},{"type":"Feature","properties":{"name":"Metropolitan Ave & Flushing Ave","station_id":"af626e61-9f83-4602-a9b1-038b1c1430e6","mode":"CitiBike","region_id":"71","coord_source":"mapbox","mapbox_name":"Citi Bike – Metropolitan Ave & Flushing Ave"},"geometry":{"type":"Point","coordinates":[-73.9157286286354,40.713342859292766]}},{"type":"Feature","properties":{"name":"Metropolitan Ave & Meeker Ave","station_id":"66dcf922-0aca-11e7-82f6-3863bb44ef7c","mode":"CitiBike","region_id":"71","coord_source":"mapbox","mapbox_name":"Citi Bike – Metropolitan Ave & Meeker Ave"},"geometry":{"type":"Point","coordinates":[-73.95251914858818,40.71414998215019]}},{"type":"Feature","properties":{"name":"Metropolitan Ave & Stewart Ave","station_id":"201edb67-d071-4b67-bafd-131e5c273e9f","mode":"CitiBike","region_id":"71","coord_source":"mapbox","mapbox_name":"Citi Bike – Metropolitan Ave & Stewart Ave"},"geometry":{"type":"Point","coordinates":[-73.92791256308556,40.71402291685811]}},{"type":"Feature","properties":{"name":"Metropolitan Ave & Vandervoort Ave","station_id":"faf021ad-9de5-44bd-b7f5-48127e8d5fea","mode":"CitiBike","region_id":"71","coord_source":"mapbox","mapbox_name":"Citi Bike – Metropolitan Ave & Vandervoort Ave"},"geometry":{"type":"Point","coordinates":[-73.93320053815842,40.71430042714252]}},{"type":"Feature","properties":{"name":"Mets Plaza at Citi Field","station_id":"1913990214925537808","mode":"CitiBike","region_id":"71","coord_source":"mapbox","mapbox_name":"Citi Bike – Mets Plaza at Citi Field"},"geometry":{"type":"Point","coordinates":[-73.84684681892395,40.75546789492046]}},{"type":"Feature","properties":{"name":"Milton St & Franklin St","station_id":"66dd1eb2-0aca-11e7-82f6-3863bb44ef7c","mode":"CitiBike","region_id":"71","coord_source":"mapbox","mapbox_name":"Citi Bike – Milton St & Franklin St"},"geometry":{"type":"Point","coordinates":[-73.95769312977791,40.72907897380972]}},{"type":"Feature","properties":{"name":"MLK Dr & Bayview Ave","station_id":"2157737368545384190","mode":"CitiBike","region_id":"70","coord_source":"mapbox","mapbox_name":"Citi Bike – MLK Dr & Bayview Ave"},"geometry":{"type":"Point","coordinates":[-74.08338412642479,40.707115282696066]}},{"type":"Feature","properties":{"name":"MLK Dr & Bramhall Ave","station_id":"2108372790290481846","mode":"CitiBike","region_id":"70","coord_source":"mapbox","mapbox_name":"Citi Bike – MLK Dr & Bramhall Ave"},"geometry":{"type":"Point","coordinates":[-74.07413721084595,40.716489973214266]}},{"type":"Feature","properties":{"name":"Moffat St & Bushwick","station_id":"d473f31f-68f2-4777-a364-ed127db04345","mode":"CitiBike","region_id":"71","coord_source":"mapbox","mapbox_name":"Citi Bike – Moffat St & Bushwick"},"geometry":{"type":"Point","coordinates":[-73.90917330980301,40.68466738756729]}},{"type":"Feature","properties":{"name":"Monitor St & Meeker Ave","station_id":"1786696384892428996","mode":"CitiBike","region_id":"71","coord_source":"mapbox","mapbox_name":"Citi Bike – Monitor St & Meeker Ave"},"geometry":{"type":"Point","coordinates":[-73.94181981682777,40.72119816819696]}},{"type":"Feature","properties":{"name":"Monmouth & 6th","station_id":"66ddddb4-0aca-11e7-82f6-3863bb44ef7c","mode":"CitiBike","region_id":"70","coord_source":"mapbox","mapbox_name":"Citi Bike – Monmouth & 6th"},"geometry":{"type":"Point","coordinates":[-74.04879033565521,40.72568446728377]}},{"type":"Feature","properties":{"name":"Monroe St & Bedford Ave","station_id":"66dbb869-0aca-11e7-82f6-3863bb44ef7c","mode":"CitiBike","region_id":"71","coord_source":"mapbox","mapbox_name":"Citi Bike – Monroe St & Bedford Ave"},"geometry":{"type":"Point","coordinates":[-73.95391121506691,40.68515146418042]}},{"type":"Feature","properties":{"name":"Monroe St & Classon Ave","station_id":"66db63f4-0aca-11e7-82f6-3863bb44ef7c","mode":"CitiBike","region_id":"71","coord_source":"mapbox","mapbox_name":"Citi Bike – Monroe St & Classon Ave"},"geometry":{"type":"Point","coordinates":[-73.9587914943695,40.68455755456904]}},{"type":"Feature","properties":{"name":"Monroe St & Marcus Garvey Blvd","station_id":"311269f4-53dc-4f83-b26b-ecb6e8e160ed","mode":"CitiBike","region_id":"71","coord_source":"mapbox","mapbox_name":"Citi Bike – Monroe St & Marcus Garvey Blvd"},"geometry":{"type":"Point","coordinates":[-73.93897533416748,40.6867236719512]}},{"type":"Feature","properties":{"name":"Monroe St & Patchen Ave","station_id":"85ba92ab-8d0a-4d17-9d07-0173e16d3b6d","mode":"CitiBike","region_id":"71","coord_source":"mapbox","mapbox_name":"Citi Bike – Monroe St & Patchen Ave"},"geometry":{"type":"Point","coordinates":[-73.92690137028694,40.6881605926672]}},{"type":"Feature","properties":{"name":"Monroe St & Tompkins Ave","station_id":"66ddb595-0aca-11e7-82f6-3863bb44ef7c","mode":"CitiBike","region_id":"71","coord_source":"mapbox","mapbox_name":"Citi Bike – Monroe St & Tompkins Ave"},"geometry":{"type":"Point","coordinates":[-73.9446884393692,40.68620401358976]}},{"type":"Feature","properties":{"name":"Montague St & Clinton St","station_id":"66ddb7bf-0aca-11e7-82f6-3863bb44ef7c","mode":"CitiBike","region_id":"71","coord_source":"mapbox","mapbox_name":"Citi Bike – Montague St & Clinton St"},"geometry":{"type":"Point","coordinates":[-73.99227887392044,40.69430249471176]}},{"type":"Feature","properties":{"name":"Montague St & Hicks St","station_id":"2026068766494475116","mode":"CitiBike","region_id":"71","coord_source":"mapbox","mapbox_name":"Citi Bike – Montague St & Hicks St"},"geometry":{"type":"Point","coordinates":[-73.99595081806183,40.6951281509551]}},{"type":"Feature","properties":{"name":"Montgomery St","station_id":"6107e75a-2493-4e3d-a3e0-d4886d3416e5","mode":"CitiBike","region_id":"70","coord_source":"mapbox","mapbox_name":"Citi Bike – Montgomery St"},"geometry":{"type":"Point","coordinates":[-74.05099511146545,40.7194356834238]}},{"type":"Feature","properties":{"name":"Montgomery St & Franklin Ave","station_id":"81a98b0b-cfd6-48b4-90bd-806ebbc264a0","mode":"CitiBike","region_id":"71","coord_source":"mapbox","mapbox_name":"Citi Bike – Montgomery St & Franklin Ave"},"geometry":{"type":"Point","coordinates":[-73.96054431796074,40.666425510423664]}},{"type":"Feature","properties":{"name":"Montrose Ave & Bushwick Ave","station_id":"66dce8db-0aca-11e7-82f6-3863bb44ef7c","mode":"CitiBike","region_id":"71","coord_source":"mapbox","mapbox_name":"Citi Bike – Montrose Ave & Bushwick Ave"},"geometry":{"type":"Point","coordinates":[-73.94016221165657,40.70767747602946]}},{"type":"Feature","properties":{"name":"Morgan Ave & Lombardy St","station_id":"344064f8-e82f-40fb-b235-aff506b77ae5","mode":"CitiBike","region_id":"71","coord_source":"mapbox","mapbox_name":"Citi Bike – Morgan Ave & Lombardy St"},"geometry":{"type":"Point","coordinates":[-73.93885597586632,40.722305033565874]}},{"type":"Feature","properties":{"name":"Morgan Ave & Maspeth Ave","station_id":"467e1de6-73a6-480f-9e83-fd1b03b71047","mode":"CitiBike","region_id":"71","coord_source":"mapbox","mapbox_name":"Citi Bike – Morgan Ave & Maspeth Ave"},"geometry":{"type":"Point","coordinates":[-73.93634542822838,40.71660077005674]}},{"type":"Feature","properties":{"name":"Morningside Ave & W 123 St","station_id":"23539f3b-fb83-4f34-b8b8-9f1f37b5e646","mode":"CitiBike","region_id":"71","coord_source":"mapbox","mapbox_name":"Citi Bike – Morningside Ave & W 123 St"},"geometry":{"type":"Point","coordinates":[-73.955187946558,40.809958215459204]}},{"type":"Feature","properties":{"name":"Morningside Dr & Amsterdam Ave","station_id":"d80c274e-d17d-4a00-9b76-274c9fe4d0e1","mode":"CitiBike","region_id":"71","coord_source":"mapbox","mapbox_name":"Citi Bike – Morningside Dr & Amsterdam Ave"},"geometry":{"type":"Point","coordinates":[-73.9572224020958,40.81026273190872]}},{"type":"Feature","properties":{"name":"Morris Ave & E 142 St","station_id":"ebae0b66-e463-4ded-9b7a-43c0aca9b37a","mode":"CitiBike","region_id":"71","coord_source":"mapbox","mapbox_name":"Citi Bike – Morris Ave & E 142 St"},"geometry":{"type":"Point","coordinates":[-73.9249661564827,40.814449691372545]}},{"type":"Feature","properties":{"name":"Morris Ave & E 153 St","station_id":"581bc4fe-cf14-4767-8377-6fa156ff8a29","mode":"CitiBike","region_id":"71","coord_source":"mapbox","mapbox_name":"Citi Bike – Morris Ave & E 153 St"},"geometry":{"type":"Point","coordinates":[-73.92142295837402,40.82004204200791]}},{"type":"Feature","properties":{"name":"Morris Ave & E 163 St","station_id":"f3140fb8-347b-4dca-96df-eeef2d1bfc50","mode":"CitiBike","region_id":"71","coord_source":"mapbox","mapbox_name":"Citi Bike – Morris Ave & E 163 St"},"geometry":{"type":"Point","coordinates":[-73.9176557958126,40.8271672924414]}},{"type":"Feature","properties":{"name":"Morris Ave & E 171 St","station_id":"b4b5824b-3c23-44b7-92a3-cec6a54583a0","mode":"CitiBike","region_id":"71","coord_source":"mapbox","mapbox_name":"Citi Bike – Morris Ave & E 171 St"},"geometry":{"type":"Point","coordinates":[-73.91087517142296,40.839060624530106]}},{"type":"Feature","properties":{"name":"Morris Ave & E Burnside Ave","station_id":"d9ec5589-c872-46f2-88cd-e54f9c596721","mode":"CitiBike","region_id":"71","coord_source":"mapbox","mapbox_name":"Citi Bike – Morris Ave & E Burnside Ave"},"geometry":{"type":"Point","coordinates":[-73.90546515583992,40.85322410685026]}},{"type":"Feature","properties":{"name":"Morris Ave & McClellan St","station_id":"514afe43-84d4-4941-8281-75a93c5cd365","mode":"CitiBike","region_id":"71","coord_source":"mapbox","mapbox_name":"Citi Bike – Morris Ave & McClellan St"},"geometry":{"type":"Point","coordinates":[-73.91495615243912,40.831562219000176]}},{"type":"Feature","properties":{"name":"Morris Canal","station_id":"66ddd78e-0aca-11e7-82f6-3863bb44ef7c","mode":"CitiBike","region_id":"70","coord_source":"mapbox","mapbox_name":"Citi Bike – Morris Canal"},"geometry":{"type":"Point","coordinates":[-74.03820231556892,40.712291755160976]}},{"type":"Feature","properties":{"name":"Morton St & Greenwich St","station_id":"549b5bc4-b949-4eeb-8ffb-2215e1e49892","mode":"CitiBike","region_id":"71","coord_source":"mapbox","mapbox_name":"Citi Bike – Morton St & Greenwich St"},"geometry":{"type":"Point","coordinates":[-74.00885090231895,40.73120909067907]}},{"type":"Feature","properties":{"name":"Mother Gaston Blvd & Glenmore Ave","station_id":"2235292436998225298","mode":"CitiBike","region_id":"71","coord_source":"gbfs"},"geometry":{"type":"Point","coordinates":[-73.90754,40.67162]}},{"type":"Feature","properties":{"name":"Motorgate","station_id":"88bf1344-354f-4699-bdbd-1c2584fc41ee","mode":"CitiBike","region_id":"71","coord_source":"mapbox","mapbox_name":"Citi Bike – Motorgate"},"geometry":{"type":"Point","coordinates":[-73.9474792778492,40.76405872377461]}},{"type":"Feature","properties":{"name":"Mott St & Prince St","station_id":"66db4158-0aca-11e7-82f6-3863bb44ef7c","mode":"CitiBike","region_id":"71","coord_source":"mapbox","mapbox_name":"Citi Bike – Mott St & Prince St"},"geometry":{"type":"Point","coordinates":[-73.99480015039444,40.723179129114186]}},{"type":"Feature","properties":{"name":"Mount Eden Pkwy & Eastburn Ave","station_id":"1d3a8670-09b3-4127-b750-af5311e565f0","mode":"CitiBike","region_id":"71","coord_source":"mapbox","mapbox_name":"Citi Bike – Mount Eden Pkwy & Eastburn Ave"},"geometry":{"type":"Point","coordinates":[-73.90853226184845,40.84268066070632]}},{"type":"Feature","properties":{"name":"Mt Morris Park W & W 120 St","station_id":"668ef22c-4665-4f42-bf6a-ab9e8a2899b1","mode":"CitiBike","region_id":"71","coord_source":"mapbox","mapbox_name":"Citi Bike – Mt Morris Park W & W 120 St"},"geometry":{"type":"Point","coordinates":[-73.94590482115746,40.80408686510435]}},{"type":"Feature","properties":{"name":"Murray St & Greenwich St","station_id":"66dea894-0aca-11e7-82f6-3863bb44ef7c","mode":"CitiBike","region_id":"71","coord_source":"mapbox","mapbox_name":"Citi Bike – Murray St & Greenwich St"},"geometry":{"type":"Point","coordinates":[-74.01114284992218,40.714783271949784]}},{"type":"Feature","properties":{"name":"Murray St & West St","station_id":"1286480d-5d6d-4a47-9fac-e156dba2b6fc","mode":"CitiBike","region_id":"71","coord_source":"mapbox","mapbox_name":"Citi Bike – Murray St & West St"},"geometry":{"type":"Point","coordinates":[-74.0124249458313,40.71502520129428]}},{"type":"Feature","properties":{"name":"Murray St & West St (NW Corner)","station_id":"2239346024496294782","mode":"CitiBike","region_id":"71","coord_source":"mapbox","mapbox_name":"Citi Bike – Murray St & West St"},"geometry":{"type":"Point","coordinates":[-74.0124249458313,40.71502520129428]}},{"type":"Feature","properties":{"name":"Myrtle Ave & 65 St","station_id":"2ebbe93b-a013-464a-b4a5-0eba96f89676","mode":"CitiBike","region_id":"71","coord_source":"mapbox","mapbox_name":"Citi Bike – Myrtle Ave & 65 St"},"geometry":{"type":"Point","coordinates":[-73.8904233276844,40.701233825610245]}},{"type":"Feature","properties":{"name":"Myrtle Ave & Fleet Pl","station_id":"59df3823-0369-4a10-8132-05df34a170af","mode":"CitiBike","region_id":"71","coord_source":"mapbox","mapbox_name":"Citi Bike – Myrtle Ave & Fleet Pl"},"geometry":{"type":"Point","coordinates":[-73.98190543055534,40.693512417519656]}},{"type":"Feature","properties":{"name":"Myrtle Ave & Grove St","station_id":"b1f67e5c-7c26-4bf3-a90e-1500a3160d60","mode":"CitiBike","region_id":"71","coord_source":"mapbox","mapbox_name":"Citi Bike – Myrtle Ave & Grove St"},"geometry":{"type":"Point","coordinates":[-73.91519218683243,40.69907021341314]}},{"type":"Feature","properties":{"name":"Myrtle Ave & Lewis Ave","station_id":"66dccad8-0aca-11e7-82f6-3863bb44ef7c","mode":"CitiBike","region_id":"71","coord_source":"mapbox","mapbox_name":"Citi Bike – Myrtle Ave & Lewis Ave"},"geometry":{"type":"Point","coordinates":[-73.93756985664368,40.69681908740847]}},{"type":"Feature","properties":{"name":"Myrtle Ave & Linden St","station_id":"6c3b486e-603c-4158-91ac-adc06ac01535","mode":"CitiBike","region_id":"71","coord_source":"mapbox","mapbox_name":"Citi Bike – Myrtle Ave & Linden St"},"geometry":{"type":"Point","coordinates":[-73.91333878040314,40.69944234344729]}},{"type":"Feature","properties":{"name":"Myrtle Ave & Marcy Ave","station_id":"66dcca0d-0aca-11e7-82f6-3863bb44ef7c","mode":"CitiBike","region_id":"71","coord_source":"mapbox","mapbox_name":"Citi Bike – Myrtle Ave & Marcy Ave"},"geometry":{"type":"Point","coordinates":[-73.94954860210419,40.695398622327104]}},{"type":"Feature","properties":{"name":"Myrtle Ave & St Edwards St","station_id":"66db3f62-0aca-11e7-82f6-3863bb44ef7c","mode":"CitiBike","region_id":"71","coord_source":"mapbox","mapbox_name":"Citi Bike – Myrtle Ave & St Edwards St"},"geometry":{"type":"Point","coordinates":[-73.97703856229782,40.69327041001887]}},{"type":"Feature","properties":{"name":"N 10 St & Berry St","station_id":"1786697166576476490","mode":"CitiBike","region_id":"71","coord_source":"mapbox","mapbox_name":"Citi Bike – N 10 St & Berry St"},"geometry":{"type":"Point","coordinates":[-73.95707488059998,40.72026915954794]}},{"type":"Feature","properties":{"name":"N 11 St & Kent Ave","station_id":"0e3dedfb-df10-4900-a67b-95349a81bc5c","mode":"CitiBike","region_id":"71","coord_source":"mapbox","mapbox_name":"Citi Bike – N 11 St & Kent Ave"},"geometry":{"type":"Point","coordinates":[-73.95916029810905,40.7224971322926]}},{"type":"Feature","properties":{"name":"N 12 St & Bedford Ave","station_id":"66dd1846-0aca-11e7-82f6-3863bb44ef7c","mode":"CitiBike","region_id":"71","coord_source":"mapbox","mapbox_name":"Citi Bike – N 12 St & Bedford Ave"},"geometry":{"type":"Point","coordinates":[-73.95479902625084,40.72078550293591]}},{"type":"Feature","properties":{"name":"N 15 St & Wythe Ave","station_id":"66dd1ad8-0aca-11e7-82f6-3863bb44ef7c","mode":"CitiBike","region_id":"71","coord_source":"mapbox","mapbox_name":"Citi Bike – N 15 St & Wythe Ave"},"geometry":{"type":"Point","coordinates":[-73.95575791597366,40.72407150784349]}},{"type":"Feature","properties":{"name":"N 5 St & Northside Piers","station_id":"1786697528321024934","mode":"CitiBike","region_id":"71","coord_source":"mapbox","mapbox_name":"Citi Bike – N 5 St & Northside Piers"},"geometry":{"type":"Point","coordinates":[-73.96387696266174,40.719864620000834]}},{"type":"Feature","properties":{"name":"N 5 St & Wythe Ave","station_id":"1786697003367719132","mode":"CitiBike","region_id":"71","coord_source":"mapbox","mapbox_name":"Citi Bike – N 5 St & Wythe Ave"},"geometry":{"type":"Point","coordinates":[-73.96149650216103,40.71839280713641]}},{"type":"Feature","properties":{"name":"N 6 St & Bedford Ave","station_id":"66dd039b-0aca-11e7-82f6-3863bb44ef7c","mode":"CitiBike","region_id":"71","coord_source":"mapbox","mapbox_name":"Citi Bike – N 6 St & Bedford Ave"},"geometry":{"type":"Point","coordinates":[-73.95856082439423,40.71748408874703]}},{"type":"Feature","properties":{"name":"N 7 St & Driggs Ave","station_id":"1786698974100683436","mode":"CitiBike","region_id":"71","coord_source":"mapbox","mapbox_name":"Citi Bike – N 7 St & Driggs Ave"},"geometry":{"type":"Point","coordinates":[-73.95639762282372,40.71694840665916]}},{"type":"Feature","properties":{"name":"N 9 St & Wythe Ave","station_id":"1791188268875152272","mode":"CitiBike","region_id":"71","coord_source":"mapbox","mapbox_name":"Citi Bike – N 9 St & Wythe Ave"},"geometry":{"type":"Point","coordinates":[-73.95901143550873,40.720544610948224]}},{"type":"Feature","properties":{"name":"N Henry St & Norman Ave","station_id":"1786700154621508184","mode":"CitiBike","region_id":"71","coord_source":"mapbox","mapbox_name":"Citi Bike – N Henry St & Norman Ave"},"geometry":{"type":"Point","coordinates":[-73.9439494907856,40.72769883306239]}},{"type":"Feature","properties":{"name":"N Portland Ave & Flushing Ave","station_id":"1851955603137491568","mode":"CitiBike","region_id":"71","coord_source":"mapbox","mapbox_name":"Citi Bike – N Portland Ave & Flushing Ave"},"geometry":{"type":"Point","coordinates":[-73.97663086652756,40.69791008977319]}},{"type":"Feature","properties":{"name":"Nagle Ave & Ellwood St","station_id":"3d68a3fd-91da-49e8-9cd5-69b333863789","mode":"CitiBike","region_id":"71","coord_source":"mapbox","mapbox_name":"Citi Bike – Nagle Ave & Ellwood St"},"geometry":{"type":"Point","coordinates":[-73.92853483557701,40.86011149094912]}},{"type":"Feature","properties":{"name":"Nagle Ave & Thayer St","station_id":"a33a2d11-33a5-46ad-a086-5698ac17b7b4","mode":"CitiBike","region_id":"71","coord_source":"mapbox","mapbox_name":"Citi Bike – Nagle Ave & Thayer St"},"geometry":{"type":"Point","coordinates":[-73.92558172345161,40.86140266896484]}},{"type":"Feature","properties":{"name":"Naples Terrace & Godwin Terrace","station_id":"1875415144760576328","mode":"CitiBike","region_id":"71","coord_source":"mapbox","mapbox_name":"Citi Bike – Naples Terrace & Godwin Terrace"},"geometry":{"type":"Point","coordinates":[-73.90536859631538,40.8799571491862]}},{"type":"Feature","properties":{"name":"Narrows Ave & MacKay Pl","station_id":"2163290511399492946","mode":"CitiBike","region_id":"71","coord_source":"mapbox","mapbox_name":"Citi Bike – Narrows Ave & MacKay Pl"},"geometry":{"type":"Point","coordinates":[-74.03448477387428,40.636928922954695]}},{"type":"Feature","properties":{"name":"Nassau Ave & Newell St","station_id":"66dd17a5-0aca-11e7-82f6-3863bb44ef7c","mode":"CitiBike","region_id":"71","coord_source":"mapbox","mapbox_name":"Citi Bike – Nassau Ave & Newell St"},"geometry":{"type":"Point","coordinates":[-73.94752219319344,40.72480938827965]}},{"type":"Feature","properties":{"name":"Nassau Ave & Russell St","station_id":"66dd1c7f-0aca-11e7-82f6-3863bb44ef7c","mode":"CitiBike","region_id":"71","coord_source":"mapbox","mapbox_name":"Citi Bike – Nassau Ave & Russell St"},"geometry":{"type":"Point","coordinates":[-73.94431293010712,40.725587914415996]}},{"type":"Feature","properties":{"name":"Nassau St & Duffield St","station_id":"f8c1c90f-4ec0-44bd-b097-cfafc887744d","mode":"CitiBike","region_id":"71","coord_source":"mapbox","mapbox_name":"Citi Bike – Nassau St & Duffield St"},"geometry":{"type":"Point","coordinates":[-73.98372933268547,40.698453042352924]}},{"type":"Feature","properties":{"name":"Nassau St & Navy St","station_id":"66db2db5-0aca-11e7-82f6-3863bb44ef7c","mode":"CitiBike","region_id":"71","coord_source":"mapbox","mapbox_name":"Citi Bike – Nassau Street & Navy Street"},"geometry":{"type":"Point","coordinates":[-73.98068636655807,40.698403221045936]}},{"type":"Feature","properties":{"name":"National St & 45 Ave","station_id":"1859808514684217788","mode":"CitiBike","region_id":"71","coord_source":"mapbox","mapbox_name":"Citi Bike – National St & 45 Ave"},"geometry":{"type":"Point","coordinates":[-73.86433750391006,40.74581623690045]}},{"type":"Feature","properties":{"name":"Nelson Ave & 167 St","station_id":"4e1a13af-1c3b-48f2-8586-5edceea97d61","mode":"CitiBike","region_id":"71","coord_source":"mapbox","mapbox_name":"Citi Bike – Nelson Ave & 167 St"},"geometry":{"type":"Point","coordinates":[-73.92610743641853,40.83672190299214]}},{"type":"Feature","properties":{"name":"Nelson Ave & W 172 St","station_id":"fda0c217-9504-4b26-8a25-e40b603ee5fa","mode":"CitiBike","region_id":"71","coord_source":"mapbox","mapbox_name":"Citi Bike – Nelson Ave & W 172 St"},"geometry":{"type":"Point","coordinates":[-73.92099648714066,40.8439518877141]}},{"type":"Feature","properties":{"name":"Netherland Ave & W 232 St","station_id":"2177015115528916668","mode":"CitiBike","region_id":"71","coord_source":"mapbox","mapbox_name":"Citi Bike – Netherland Ave & W 232 St"},"geometry":{"type":"Point","coordinates":[-73.91165032982826,40.88390549132595]}},{"type":"Feature","properties":{"name":"Nevins St & Schermerhorn St","station_id":"e25f8dee-c110-489f-a978-464ac5c84ca2","mode":"CitiBike","region_id":"71","coord_source":"mapbox","mapbox_name":"Citi Bike – Nevins St & Schermerhorn St"},"geometry":{"type":"Point","coordinates":[-73.98170292377472,40.687412136768955]}},{"type":"Feature","properties":{"name":"New Utrecht Ave & 9 Ave","station_id":"2226031221020418718","mode":"CitiBike","region_id":"71","coord_source":"mapbox","mapbox_name":"Citi Bike – New Utrecht Ave & 9 Ave"},"geometry":{"type":"Point","coordinates":[-73.99460434913635,40.64625345166439]}},{"type":"Feature","properties":{"name":"New York Ave & Hawthorne St","station_id":"308e055a-b8aa-447d-8803-8677c88af0ba","mode":"CitiBike","region_id":"71","coord_source":"mapbox","mapbox_name":"Citi Bike – New York Ave & Hawthorne St"},"geometry":{"type":"Point","coordinates":[-73.94735723733902,40.65794009123681]}},{"type":"Feature","properties":{"name":"New York Ave & Lenox Rd","station_id":"1814900752968579218","mode":"CitiBike","region_id":"71","coord_source":"mapbox","mapbox_name":"Citi Bike – New York Ave & Lenox Rd"},"geometry":{"type":"Point","coordinates":[-73.94712522625923,40.65458774293799]}},{"type":"Feature","properties":{"name":"New York Ave & Montgomery St","station_id":"1834145868297717964","mode":"CitiBike","region_id":"71","coord_source":"mapbox","mapbox_name":"Citi Bike – New York Ave & Montgomery St"},"geometry":{"type":"Point","coordinates":[-73.94823431968689,40.665110193637844]}},{"type":"Feature","properties":{"name":"New York Ave & Snyder Ave","station_id":"1828965172312150882","mode":"CitiBike","region_id":"71","coord_source":"mapbox","mapbox_name":"Citi Bike – New York Ave & Snyder Ave"},"geometry":{"type":"Point","coordinates":[-73.94637286663055,40.648674176545796]}},{"type":"Feature","properties":{"name":"New York Ave & St Marks Ave","station_id":"78b4aa30-e4e9-4447-9419-c89f8527892e","mode":"CitiBike","region_id":"71","coord_source":"mapbox","mapbox_name":"Citi Bike – New York Ave & St Marks Ave"},"geometry":{"type":"Point","coordinates":[-73.94716009497643,40.6751600612246]}},{"type":"Feature","properties":{"name":"Newark Ave","station_id":"66dd80ac-0aca-11e7-82f6-3863bb44ef7c","mode":"CitiBike","region_id":"70","coord_source":"mapbox","mapbox_name":"Citi Bike – Newark Ave"},"geometry":{"type":"Point","coordinates":[-74.04630526900291,40.721524436210586]}},{"type":"Feature","properties":{"name":"Newark St & Washington St","station_id":"2058728861810389252","mode":"CitiBike","region_id":"311","coord_source":"mapbox","mapbox_name":"Citi Bike – Newark St & Washington St"},"geometry":{"type":"Point","coordinates":[-74.03090670704842,40.73681658183301]}},{"type":"Feature","properties":{"name":"Newport PATH","station_id":"66dd6721-0aca-11e7-82f6-3863bb44ef7c","mode":"CitiBike","region_id":"70","coord_source":"mapbox","mapbox_name":"Citi Bike – Newport PATH"},"geometry":{"type":"Point","coordinates":[-74.03376057744026,40.72722522883103]}},{"type":"Feature","properties":{"name":"Newport Pkwy","station_id":"66dd6441-0aca-11e7-82f6-3863bb44ef7c","mode":"CitiBike","region_id":"70","coord_source":"mapbox","mapbox_name":"Citi Bike – Newport Pkwy"},"geometry":{"type":"Point","coordinates":[-74.0321110188961,40.728744612441545]}},{"type":"Feature","properties":{"name":"Newton Rd & 44 St","station_id":"305c221f-4e0b-4a5a-902c-3d1043dfe606","mode":"CitiBike","region_id":"71","coord_source":"mapbox","mapbox_name":"Citi Bike – Newton Rd & 44 St"},"geometry":{"type":"Point","coordinates":[-73.9142869412899,40.75956586994866]}},{"type":"Feature","properties":{"name":"Newtown Ave & 23 St","station_id":"d56a8542-048a-4aca-ac7f-f27a9e6c908b","mode":"CitiBike","region_id":"71","coord_source":"mapbox","mapbox_name":"Citi Bike – Newtown Ave & 23 St"},"geometry":{"type":"Point","coordinates":[-73.92462283372879,40.77137280170268]}},{"type":"Feature","properties":{"name":"Norfolk St & Broome St","station_id":"66db728c-0aca-11e7-82f6-3863bb44ef7c","mode":"CitiBike","region_id":"71","coord_source":"mapbox","mapbox_name":"Citi Bike – Norfolk St & Broome St"},"geometry":{"type":"Point","coordinates":[-73.9880208671093,40.71722692122381]}},{"type":"Feature","properties":{"name":"Norman Ave & Leonard St","station_id":"1786375069262703476","mode":"CitiBike","region_id":"71","coord_source":"mapbox","mapbox_name":"Citi Bike – Norman Ave & Leonard St"},"geometry":{"type":"Point","coordinates":[-73.95069658756256,40.72585622940761]}},{"type":"Feature","properties":{"name":"Norman St & Wyckoff Ave","station_id":"141ba25c-f4ea-4cec-ae7e-022401e23087","mode":"CitiBike","region_id":"71","coord_source":"mapbox","mapbox_name":"Citi Bike – Norman St & Wyckoff Ave"},"geometry":{"type":"Point","coordinates":[-73.90309140086174,40.69522779843044]}},{"type":"Feature","properties":{"name":"North Moore St & Greenwich St","station_id":"c1e24edf-7192-433f-8d38-be5b6b3647c5","mode":"CitiBike","region_id":"71","coord_source":"mapbox","mapbox_name":"Citi Bike – North Moore St & Greenwich St"},"geometry":{"type":"Point","coordinates":[-74.01034086942673,40.7202173217031]}},{"type":"Feature","properties":{"name":"Nostrand Ave & Flushing Ave","station_id":"1869439561831725810","mode":"CitiBike","region_id":"71","coord_source":"mapbox","mapbox_name":"Citi Bike – Nostrand Ave & Flushing Ave"},"geometry":{"type":"Point","coordinates":[-73.9532607793808,40.69927864715831]}},{"type":"Feature","properties":{"name":"Nostrand Ave & Myrtle Ave","station_id":"66dcca76-0aca-11e7-82f6-3863bb44ef7c","mode":"CitiBike","region_id":"71","coord_source":"mapbox","mapbox_name":"Citi Bike – Nostrand Ave & Myrtle Ave"},"geometry":{"type":"Point","coordinates":[-73.95241051912308,40.69530914319773]}},{"type":"Feature","properties":{"name":"Nostrand Ave & Rutland Rd","station_id":"0e240143-2f86-4754-8345-4994750d99f1","mode":"CitiBike","region_id":"71","coord_source":"mapbox","mapbox_name":"Citi Bike – Nostrand Ave & Rutland Rd"},"geometry":{"type":"Point","coordinates":[-73.95042970776558,40.65951294075481]}},{"type":"Feature","properties":{"name":"Oakland Ave","station_id":"66dd7f10-0aca-11e7-82f6-3863bb44ef7c","mode":"CitiBike","region_id":"70","coord_source":"mapbox","mapbox_name":"Citi Bike – Oakland Ave"},"geometry":{"type":"Point","coordinates":[-74.0524797141552,40.73760106447514]}},{"type":"Feature","properties":{"name":"Ocean Ave & Crooke Ave","station_id":"1831178352265562334","mode":"CitiBike","region_id":"71","coord_source":"mapbox","mapbox_name":"Citi Bike – Ocean Ave & Crooke Ave"},"geometry":{"type":"Point","coordinates":[-73.96170973777771,40.65326914036325]}},{"type":"Feature","properties":{"name":"Ocean Ave & New St","station_id":"2116636101124803154","mode":"CitiBike","region_id":"70","coord_source":"mapbox","mapbox_name":"Citi Bike – Ocean Ave & New St"},"geometry":{"type":"Point","coordinates":[-74.08863723278046,40.69684552383728]}},{"type":"Feature","properties":{"name":"Ocean Ave & Tennis Ct","station_id":"1819720453019329398","mode":"CitiBike","region_id":"71","coord_source":"mapbox","mapbox_name":"Citi Bike – Ocean Ave & Tennis Ct"},"geometry":{"type":"Point","coordinates":[-73.96085008978844,40.64873319270157]}},{"type":"Feature","properties":{"name":"Ocean Pkwy & Ave C","station_id":"2121032708855884414","mode":"CitiBike","region_id":"71","coord_source":"mapbox","mapbox_name":"Citi Bike – Ocean Pkwy & Ave C"},"geometry":{"type":"Point","coordinates":[-73.97394463419914,40.64077571601328]}},{"type":"Feature","properties":{"name":"Ocean Pkwy & Church Ave","station_id":"9991b75b-a9ba-4abc-bf84-0108291be05a","mode":"CitiBike","region_id":"71","coord_source":"mapbox","mapbox_name":"Citi Bike – Ocean Pkwy & Church Ave"},"geometry":{"type":"Point","coordinates":[-73.97457361221313,40.64465077969521]}},{"type":"Feature","properties":{"name":"Ogden Ave & Merriam Ave","station_id":"595cf79f-7783-4373-b3d5-775bcf76033b","mode":"CitiBike","region_id":"71","coord_source":"mapbox","mapbox_name":"Citi Bike – Ogden Ave & Merriam Ave"},"geometry":{"type":"Point","coordinates":[-73.92596930265427,40.839146866480064]}},{"type":"Feature","properties":{"name":"Ogden Ave & W 164 St","station_id":"5600446d-a00a-45e6-9dc3-550adfd63e39","mode":"CitiBike","region_id":"71","coord_source":"mapbox","mapbox_name":"Citi Bike – Ogden Ave & W 164 St"},"geometry":{"type":"Point","coordinates":[-73.92936632037163,40.832815394510106]}},{"type":"Feature","properties":{"name":"Ogden Ave & W 165 St","station_id":"481624f3-9377-4dfd-a5dd-de05a7fef760","mode":"CitiBike","region_id":"71","coord_source":"mapbox","mapbox_name":"Citi Bike – Ogden Ave & W 165 St"},"geometry":{"type":"Point","coordinates":[-73.92837524414062,40.83445920015663]}},{"type":"Feature","properties":{"name":"Old Broadway & W 133 St","station_id":"16280b32-7e5b-4a18-930b-212eac10faaa","mode":"CitiBike","region_id":"71","coord_source":"mapbox","mapbox_name":"Citi Bike – Old Broadway & W 133 St"},"geometry":{"type":"Point","coordinates":[-73.95527645945549,40.81824462464127]}},{"type":"Feature","properties":{"name":"Old Fulton St","station_id":"66db3708-0aca-11e7-82f6-3863bb44ef7c","mode":"CitiBike","region_id":"71","coord_source":"mapbox","mapbox_name":"Citi Bike – Old Fulton St"},"geometry":{"type":"Point","coordinates":[-73.99375542998314,40.70271720144666]}},{"type":"Feature","properties":{"name":"Old Slip & South St","station_id":"ff2869f0-4381-4cf3-863e-a0d776ec53b4","mode":"CitiBike","region_id":"71","coord_source":"mapbox","mapbox_name":"Citi Bike – Old Slip & South St"},"geometry":{"type":"Point","coordinates":[-74.00791749358177,40.703415667868]}},{"type":"Feature","properties":{"name":"Onderdonk Ave & Dekalb Ave","station_id":"be8e6f1c-e8b5-40bd-896d-423052ba3bbc","mode":"CitiBike","region_id":"71","coord_source":"mapbox","mapbox_name":"Citi Bike – Onderdonk Ave & Dekalb Ave"},"geometry":{"type":"Point","coordinates":[-73.91499772667885,40.70864224159325]}},{"type":"Feature","properties":{"name":"Onderdonk Ave & Gates Ave","station_id":"1057229c-f8f8-4014-80cd-f40421c61cf0","mode":"CitiBike","region_id":"71","coord_source":"mapbox","mapbox_name":"Citi Bike – Onderdonk Ave & Gates Ave"},"geometry":{"type":"Point","coordinates":[-73.90736684203148,40.70413141043031]}},{"type":"Feature","properties":{"name":"Orchard St & Grand St","station_id":"063e7e78-b810-4a2f-8045-a82a0d69d752","mode":"CitiBike","region_id":"71","coord_source":"mapbox","mapbox_name":"Citi Bike – Orchard St & Grand St"},"geometry":{"type":"Point","coordinates":[-73.9906856417656,40.71733161800336]}},{"type":"Feature","properties":{"name":"Ovington Ave & 3 Ave","station_id":"2123939077451327830","mode":"CitiBike","region_id":"71","coord_source":"mapbox","mapbox_name":"Citi Bike – Ovington Ave & 3 Ave"},"geometry":{"type":"Point","coordinates":[-74.02625575661659,40.63486601431407]}},{"type":"Feature","properties":{"name":"Pacific Ave & Communipaw Ave","station_id":"2108372139456801688","mode":"CitiBike","region_id":"70","coord_source":"mapbox","mapbox_name":"Citi Bike – Pacific Ave & Communipaw Ave"},"geometry":{"type":"Point","coordinates":[-74.06243607401848,40.71135753939859]}},{"type":"Feature","properties":{"name":"Pacific St & Classon Ave","station_id":"292ad4f3-9fb0-44ec-9e61-613c711f73c1","mode":"CitiBike","region_id":"71","coord_source":"mapbox","mapbox_name":"Citi Bike – Pacific St & Classon Ave"},"geometry":{"type":"Point","coordinates":[-73.9588075876236,40.679153140717744]}},{"type":"Feature","properties":{"name":"Pacific St & Nevins St","station_id":"66de5773-0aca-11e7-82f6-3863bb44ef7c","mode":"CitiBike","region_id":"71","coord_source":"mapbox","mapbox_name":"Citi Bike – Pacific St & Nevins St"},"geometry":{"type":"Point","coordinates":[-73.98301586508751,40.68537824676244]}},{"type":"Feature","properties":{"name":"Pacific St & Nostrand Ave","station_id":"c702c094-b08f-449d-a41d-b3724f147491","mode":"CitiBike","region_id":"71","coord_source":"mapbox","mapbox_name":"Citi Bike – Pacific St & Nostrand Ave"},"geometry":{"type":"Point","coordinates":[-73.9496237039566,40.6776021130313]}},{"type":"Feature","properties":{"name":"Pacific St & Ralph Ave","station_id":"901cab1a-a77e-424e-b602-16883e792f93","mode":"CitiBike","region_id":"71","coord_source":"mapbox","mapbox_name":"Citi Bike – Pacific St & Ralph Ave"},"geometry":{"type":"Point","coordinates":[-73.9217072725296,40.67607952813108]}},{"type":"Feature","properties":{"name":"Pacific St & Rochester Ave","station_id":"b930dd82-92d0-4d86-b896-7d8b827c2d5f","mode":"CitiBike","region_id":"71","coord_source":"mapbox","mapbox_name":"Citi Bike – Pacific St & Rochester Ave"},"geometry":{"type":"Point","coordinates":[-73.92747268080711,40.676391777835505]}},{"type":"Feature","properties":{"name":"Pacific St & Sackman St","station_id":"d979131e-0b9f-4aa2-88c5-46d4ff94abc8","mode":"CitiBike","region_id":"71","coord_source":"mapbox","mapbox_name":"Citi Bike – Pacific St & Sackman St"},"geometry":{"type":"Point","coordinates":[-73.90609815716743,40.67522007106655]}},{"type":"Feature","properties":{"name":"Pacific St & Smith St","station_id":"868586b3-ddc7-4b4b-9bed-a1e487033aaa","mode":"CitiBike","region_id":"71","coord_source":"mapbox","mapbox_name":"Citi Bike – Pacific St & Smith St"},"geometry":{"type":"Point","coordinates":[-73.98938342928886,40.68786873654366]}},{"type":"Feature","properties":{"name":"Pacific St & Thomas S. Boyland St","station_id":"101c813e-02a8-4b6b-bd5d-981c1ea62019","mode":"CitiBike","region_id":"71","coord_source":"mapbox","mapbox_name":"Citi Bike – Pacific St & Thomas S. Boyland St"},"geometry":{"type":"Point","coordinates":[-73.91397580504417,40.67565539508277]}},{"type":"Feature","properties":{"name":"Pacific St & Troy Ave","station_id":"c066c90a-efb1-4f8b-aa15-38ba4edd4ebc","mode":"CitiBike","region_id":"71","coord_source":"mapbox","mapbox_name":"Citi Bike – Pacific St & Troy Ave"},"geometry":{"type":"Point","coordinates":[-73.93606916069984,40.676866760737795]}},{"type":"Feature","properties":{"name":"Pacific St & Utica Ave","station_id":"d2b23c87-b7c3-48c2-a634-db4b76ecbcf7","mode":"CitiBike","region_id":"71","coord_source":"mapbox","mapbox_name":"Citi Bike – Pacific St & Utica Ave"},"geometry":{"type":"Point","coordinates":[-73.9304606616497,40.676719282468724]}},{"type":"Feature","properties":{"name":"Page Pl & Grand Ave","station_id":"bf093f72-1d8d-44ae-91b5-e36958a27976","mode":"CitiBike","region_id":"71","coord_source":"mapbox","mapbox_name":"Citi Bike – Page Pl & Grand Ave"},"geometry":{"type":"Point","coordinates":[-73.91819223761559,40.71799435496254]}},{"type":"Feature","properties":{"name":"Palmetto St & Traffic Ave","station_id":"15e1568b-f502-47a2-9d3d-b5aaa1edc239","mode":"CitiBike","region_id":"71","coord_source":"mapbox","mapbox_name":"Citi Bike – Palmetto St & Traffic Ave"},"geometry":{"type":"Point","coordinates":[-73.89433264732361,40.70925220207175]}},{"type":"Feature","properties":{"name":"Parade Pl & Crooke Ave","station_id":"b5010362-af16-4357-8fb7-5958576954c0","mode":"CitiBike","region_id":"71","coord_source":"mapbox","mapbox_name":"Citi Bike – Parade Pl & Crooke Ave"},"geometry":{"type":"Point","coordinates":[-73.96529719233513,40.651943389435814]}},{"type":"Feature","properties":{"name":"Park Ave & E 124 St","station_id":"66880044-5411-4143-af39-eaa0a0fd0528","mode":"CitiBike","region_id":"71","coord_source":"mapbox","mapbox_name":"Citi Bike – Park Ave & E 124 St"},"geometry":{"type":"Point","coordinates":[-73.9396619796753,40.80456296732672]}},{"type":"Feature","properties":{"name":"Park Ave & E 162 St","station_id":"38af3d1a-9916-46cf-b22e-86fc8648bf30","mode":"CitiBike","region_id":"71","coord_source":"mapbox","mapbox_name":"Citi Bike – Park Ave & E 162 St"},"geometry":{"type":"Point","coordinates":[-73.91556635499,40.82573743247869]}},{"type":"Feature","properties":{"name":"Park Ave & E 179 St","station_id":"1860188194745712748","mode":"CitiBike","region_id":"71","coord_source":"mapbox","mapbox_name":"Citi Bike – Park Ave & E 179 St"},"geometry":{"type":"Point","coordinates":[-73.89817893505096,40.85015346199529]}},{"type":"Feature","properties":{"name":"Park Ave & E 40 St","station_id":"2098359443836787630","mode":"CitiBike","region_id":"71","coord_source":"mapbox","mapbox_name":"Citi Bike – Park Ave & E 40 St"},"geometry":{"type":"Point","coordinates":[-73.97848024964333,40.751156316827974]}},{"type":"Feature","properties":{"name":"Park Ave & E 41 St","station_id":"66dc7f02-0aca-11e7-82f6-3863bb44ef7c","mode":"CitiBike","region_id":"71","coord_source":"mapbox","mapbox_name":"Citi Bike – Park Ave & E 41 St"},"geometry":{"type":"Point","coordinates":[-73.97791028022766,40.7515809851416]}},{"type":"Feature","properties":{"name":"Park Ave & E 42 St","station_id":"66dc8025-0aca-11e7-82f6-3863bb44ef7c","mode":"CitiBike","region_id":"71","coord_source":"mapbox","mapbox_name":"Citi Bike – Park Ave & E 42 St"},"geometry":{"type":"Point","coordinates":[-73.97770643234253,40.751872562054416]}},{"type":"Feature","properties":{"name":"Park Ave & E Tremont Ave","station_id":"1860187181307969634","mode":"CitiBike","region_id":"71","coord_source":"mapbox","mapbox_name":"Citi Bike – Park Ave & E Tremont Ave"},"geometry":{"type":"Point","coordinates":[-73.89981374144554,40.84731093447391]}},{"type":"Feature","properties":{"name":"Park Ave & Marcus Garvey Blvd","station_id":"66dd546c-0aca-11e7-82f6-3863bb44ef7c","mode":"CitiBike","region_id":"71","coord_source":"mapbox","mapbox_name":"Citi Bike – Park Ave & Marcus Garvey Blvd"},"geometry":{"type":"Point","coordinates":[-73.94134238362312,40.6986167406707]}},{"type":"Feature","properties":{"name":"Park Ave & Marcy Ave","station_id":"1947001743402778700","mode":"CitiBike","region_id":"71","coord_source":"mapbox","mapbox_name":"Citi Bike – Park Ave & Marcy Ave"},"geometry":{"type":"Point","coordinates":[-73.948884755373,40.697579638939516]}},{"type":"Feature","properties":{"name":"Park Ave & St Edwards St","station_id":"66db2953-0aca-11e7-82f6-3863bb44ef7c","mode":"CitiBike","region_id":"71","coord_source":"mapbox","mapbox_name":"Citi Bike – Park Ave & St Edwards St"},"geometry":{"type":"Point","coordinates":[-73.97803366184235,40.69608903111367]}},{"type":"Feature","properties":{"name":"Park Circle & East Dr","station_id":"02fb0f6a-b1dc-4e1c-97f8-fe70462670a3","mode":"CitiBike","region_id":"71","coord_source":"mapbox","mapbox_name":"Citi Bike – Park Circle & East Dr"},"geometry":{"type":"Point","coordinates":[-73.97212877869606,40.651509945583]}},{"type":"Feature","properties":{"name":"Park Pl & Buffalo Ave","station_id":"d18512f9-52c8-4175-92b9-b6258dc30748","mode":"CitiBike","region_id":"71","coord_source":"mapbox","mapbox_name":"Citi Bike – Park Pl & Buffalo Ave"},"geometry":{"type":"Point","coordinates":[-73.92538726329803,40.67202828620512]}},{"type":"Feature","properties":{"name":"Park Pl & Carlton Ave","station_id":"1880643497376459348","mode":"CitiBike","coord_source":"mapbox","mapbox_name":"Citi Bike – Park Pl & Carlton Ave"},"geometry":{"type":"Point","coordinates":[-73.97211402654648,40.677317330256216]}},{"type":"Feature","properties":{"name":"Park Pl & Church St","station_id":"18fcd2c1-dc8b-4a52-9f18-e9b9003bbea5","mode":"CitiBike","region_id":"71","coord_source":"gbfs"},"geometry":{"type":"Point","coordinates":[-74.00935515761375,40.71334184275907]}},{"type":"Feature","properties":{"name":"Park Pl & Franklin Ave","station_id":"2208187041057701258","mode":"CitiBike","region_id":"71","coord_source":"mapbox","mapbox_name":"Citi Bike – Park Place & Franklin Avenue"},"geometry":{"type":"Point","coordinates":[-73.95653575658798,40.67419786214484]}},{"type":"Feature","properties":{"name":"Park Pl & Thomas S. Boyland St","station_id":"44a80c48-c1a9-4ff1-92eb-6bf8be492f5e","mode":"CitiBike","region_id":"71","coord_source":"mapbox","mapbox_name":"Citi Bike – Park Pl & Thomas S. Boyland St"},"geometry":{"type":"Point","coordinates":[-73.91434997320175,40.671525805197234]}},{"type":"Feature","properties":{"name":"Park Pl & Utica Ave","station_id":"68827e5f-ed28-45de-99bf-66093a8c504f","mode":"CitiBike","region_id":"71","coord_source":"mapbox","mapbox_name":"Citi Bike – Park Pl & Utica Ave"},"geometry":{"type":"Point","coordinates":[-73.93101587891579,40.67243006485347]}},{"type":"Feature","properties":{"name":"Park Pl & Vanderbilt Ave","station_id":"699d3378-6ea8-465f-888b-c49c60089ce8","mode":"CitiBike","region_id":"71","coord_source":"mapbox","mapbox_name":"Citi Bike – Park Pl & Vanderbilt Ave"},"geometry":{"type":"Point","coordinates":[-73.968875259161,40.67668978677574]}},{"type":"Feature","properties":{"name":"Parkside Ave & Flatbush Ave","station_id":"a2cf5872-bd4c-4311-832e-d62fd779ecc3","mode":"CitiBike","region_id":"71","coord_source":"mapbox","mapbox_name":"Citi Bike – Parkside Ave & Flatbush Ave"},"geometry":{"type":"Point","coordinates":[-73.95967125892639,40.65562958333294]}},{"type":"Feature","properties":{"name":"Parkside Ave & Ocean Ave","station_id":"1814900353536621062","mode":"CitiBike","region_id":"71","coord_source":"mapbox","mapbox_name":"Citi Bike – Parkside Ave & Ocean Ave"},"geometry":{"type":"Point","coordinates":[-73.9621764421463,40.65485736139743]}},{"type":"Feature","properties":{"name":"Parkside Ave & Parade Pl","station_id":"1817803079955479336","mode":"CitiBike","region_id":"71","coord_source":"mapbox","mapbox_name":"Citi Bike – Parkside Ave & Parade Pl"},"geometry":{"type":"Point","coordinates":[-73.96637812256813,40.65319893625477]}},{"type":"Feature","properties":{"name":"Paul Ave & Mosholu Pkwy","station_id":"f001fac9-5f19-451e-a752-afde574a8c81","mode":"CitiBike","region_id":"71","coord_source":"mapbox","mapbox_name":"Citi Bike – Paul Ave & Mosholu Pkwy"},"geometry":{"type":"Point","coordinates":[-73.88620018959045,40.88027148397441]}},{"type":"Feature","properties":{"name":"Paul Ave & W 205 St","station_id":"48b19cc8-bf45-4602-89ac-a8c0a0560c43","mode":"CitiBike","region_id":"71","coord_source":"mapbox","mapbox_name":"Citi Bike – Paul Ave & W 205 St"},"geometry":{"type":"Point","coordinates":[-73.88941615819931,40.8770418764031]}},{"type":"Feature","properties":{"name":"Paulus Hook","station_id":"66dd58f2-0aca-11e7-82f6-3863bb44ef7c","mode":"CitiBike","region_id":"70","coord_source":"mapbox","mapbox_name":"Citi Bike – Paulus Hook"},"geometry":{"type":"Point","coordinates":[-74.03355404734612,40.714143883021706]}},{"type":"Feature","properties":{"name":"Pearl St & Hanover Square","station_id":"66dbf667-0aca-11e7-82f6-3863bb44ef7c","mode":"CitiBike","region_id":"71","coord_source":"mapbox","mapbox_name":"Citi Bike – Pearl St & Hanover Square"},"geometry":{"type":"Point","coordinates":[-74.00925993919373,40.70471802892564]}},{"type":"Feature","properties":{"name":"Pearl St & Whitehall St","station_id":"1954806962718223342","mode":"CitiBike","region_id":"71","coord_source":"mapbox","mapbox_name":"Citi Bike – Pearl St & Whitehall St"},"geometry":{"type":"Point","coordinates":[-74.0131813287735,40.70316657951872]}},{"type":"Feature","properties":{"name":"Pearl St & York St","station_id":"3eed817a-63e5-424b-8ed3-c809db5488f7","mode":"CitiBike","region_id":"71","coord_source":"mapbox","mapbox_name":"Citi Bike – Pearl St & York St"},"geometry":{"type":"Point","coordinates":[-73.98765340447426,40.70144530273146]}},{"type":"Feature","properties":{"name":"Peck Slip & South St","station_id":"014a931b-8e1c-438a-8a22-f267ddd1e0d2","mode":"CitiBike","region_id":"71","coord_source":"mapbox","mapbox_name":"Citi Bike – Peck Slip & South St"},"geometry":{"type":"Point","coordinates":[-74.00123342871666,40.70743551998672]}},{"type":"Feature","properties":{"name":"Perry Ave & E 204 St","station_id":"2171902875345687974","mode":"CitiBike","region_id":"71","coord_source":"mapbox","mapbox_name":"Citi Bike – Perry Ave & E 204 St"},"geometry":{"type":"Point","coordinates":[-73.87855589389801,40.87319960427217]}},{"type":"Feature","properties":{"name":"Perry St & Bleecker St","station_id":"66db3fc9-0aca-11e7-82f6-3863bb44ef7c","mode":"CitiBike","region_id":"71","coord_source":"mapbox","mapbox_name":"Citi Bike – Perry St & Bleecker St"},"geometry":{"type":"Point","coordinates":[-74.00483027100563,40.735354289624894]}},{"type":"Feature","properties":{"name":"Perry St & Greenwich Ave","station_id":"00d3e65e-b614-4408-aaa9-939ed96ce645","mode":"CitiBike","region_id":"71","coord_source":"mapbox","mapbox_name":"Citi Bike – Perry St & Greenwich Ave"},"geometry":{"type":"Point","coordinates":[-74.00092899799347,40.735920309254084]}},{"type":"Feature","properties":{"name":"Pershing Field","station_id":"66dd8043-0aca-11e7-82f6-3863bb44ef7c","mode":"CitiBike","region_id":"70","coord_source":"mapbox","mapbox_name":"Citi Bike – Pershing Field"},"geometry":{"type":"Point","coordinates":[-74.05178904533386,40.74267660619057]}},{"type":"Feature","properties":{"name":"Picnic Point","station_id":"324af152-33ea-48a7-8bb0-ad8b6f31571f","mode":"CitiBike","region_id":"71","coord_source":"mapbox","mapbox_name":"Citi Bike – Picnic Point"},"geometry":{"type":"Point","coordinates":[-74.02527272701263,40.68522468554687]}},{"type":"Feature","properties":{"name":"Pier 40 - Hudson River Park","station_id":"66ddbdb1-0aca-11e7-82f6-3863bb44ef7c","mode":"CitiBike","region_id":"71","coord_source":"mapbox","mapbox_name":"Citi Bike – Pier 40 – Hudson River Park"},"geometry":{"type":"Point","coordinates":[-74.01116833090782,40.72804641170566]}},{"type":"Feature","properties":{"name":"Pier 61 at Chelsea Piers","station_id":"1929504694747056164","mode":"CitiBike","region_id":"71","coord_source":"mapbox","mapbox_name":"Citi Bike – Pier 61 at Chelsea Piers"},"geometry":{"type":"Point","coordinates":[-74.00821924209595,40.74688408398782]}},{"type":"Feature","properties":{"name":"Pierrepont St & Monroe Pl","station_id":"78e93937-53d1-4c9b-99ad-0460f908ed2d","mode":"CitiBike","region_id":"71","coord_source":"mapbox","mapbox_name":"Citi Bike – Pierrepont St & Monroe Pl"},"geometry":{"type":"Point","coordinates":[-73.99345502257347,40.69536405085955]}},{"type":"Feature","properties":{"name":"Pike St & E Broadway","station_id":"66db6889-0aca-11e7-82f6-3863bb44ef7c","mode":"CitiBike","region_id":"71","coord_source":"mapbox","mapbox_name":"Citi Bike – Pike St & E Broadway"},"geometry":{"type":"Point","coordinates":[-73.99291455745697,40.7140656108233]}},{"type":"Feature","properties":{"name":"Pike St & Monroe St","station_id":"66db930d-0aca-11e7-82f6-3863bb44ef7c","mode":"CitiBike","region_id":"71","coord_source":"mapbox","mapbox_name":"Citi Bike – Pike St & Monroe St"},"geometry":{"type":"Point","coordinates":[-73.99203211069107,40.712377145284165]}},{"type":"Feature","properties":{"name":"Pinehurst Ave & W 187 St","station_id":"b4974d89-932c-4a9f-a264-2ea0cf70613e","mode":"CitiBike","region_id":"71","coord_source":"mapbox","mapbox_name":"Citi Bike – Pinehurst Ave & W 187 St"},"geometry":{"type":"Point","coordinates":[-73.93787562847137,40.85533502924028]}},{"type":"Feature","properties":{"name":"Pioneer St & Richards St","station_id":"66de1295-0aca-11e7-82f6-3863bb44ef7c","mode":"CitiBike","region_id":"71","coord_source":"mapbox","mapbox_name":"Citi Bike – Pioneer St & Richards St"},"geometry":{"type":"Point","coordinates":[-74.00935918092728,40.67773331611474]}},{"type":"Feature","properties":{"name":"Pioneer St & Van Brunt St","station_id":"66de1368-0aca-11e7-82f6-3863bb44ef7c","mode":"CitiBike","region_id":"71","coord_source":"mapbox","mapbox_name":"Citi Bike – Pioneer St & Van Brunt St"},"geometry":{"type":"Point","coordinates":[-74.01120722293854,40.67908398090762]}},{"type":"Feature","properties":{"name":"Pitkin Ave & Grafton St","station_id":"1879828885264130640","mode":"CitiBike","region_id":"71","coord_source":"mapbox","mapbox_name":"Citi Bike – Pitkin Ave & Grafton St"},"geometry":{"type":"Point","coordinates":[-73.91905725002289,40.66850066745198]}},{"type":"Feature","properties":{"name":"Pitkin Ave & Watkins St","station_id":"2235292542386579228","mode":"CitiBike","region_id":"71","coord_source":"gbfs"},"geometry":{"type":"Point","coordinates":[-73.90789,40.67023]}},{"type":"Feature","properties":{"name":"Pitt St & Stanton St","station_id":"66dbefee-0aca-11e7-82f6-3863bb44ef7c","mode":"CitiBike","region_id":"71","coord_source":"mapbox","mapbox_name":"Citi Bike – Pitt St & Stanton St"},"geometry":{"type":"Point","coordinates":[-73.98178024,40.71926081]}},{"type":"Feature","properties":{"name":"Plaza Dr & W 170 St","station_id":"dfe2c398-ff5c-4a8d-83c8-fa18801540d8","mode":"CitiBike","region_id":"71","coord_source":"mapbox","mapbox_name":"Citi Bike – Plaza Dr & W 170 St"},"geometry":{"type":"Point","coordinates":[-73.9179427921772,40.84049222637111]}},{"type":"Feature","properties":{"name":"Plaza St East & Flatbush Ave","station_id":"ed5c92f1-3293-4385-9e2b-9b716a096a19","mode":"CitiBike","region_id":"71","coord_source":"mapbox","mapbox_name":"Citi Bike – Plaza St East & Flatbush Ave"},"geometry":{"type":"Point","coordinates":[-73.9692185819149,40.67317563755071]}},{"type":"Feature","properties":{"name":"Plaza St West & Flatbush Ave","station_id":"66de5e5b-0aca-11e7-82f6-3863bb44ef7c","mode":"CitiBike","region_id":"71","coord_source":"mapbox","mapbox_name":"Citi Bike – Plaza St West & Flatbush Ave"},"geometry":{"type":"Point","coordinates":[-73.97120609879494,40.67492103843662]}},{"type":"Feature","properties":{"name":"Pleasant Ave & E 116 St","station_id":"1960021056359127624","mode":"CitiBike","region_id":"71","coord_source":"mapbox","mapbox_name":"Citi Bike – Pleasant Ave & E 116 St"},"geometry":{"type":"Point","coordinates":[-73.9333587884903,40.79495092879068]}},{"type":"Feature","properties":{"name":"Pleasant Ave & E 120 St","station_id":"20ff5447-eac3-43b7-820f-f6fa3a2e12a8","mode":"CitiBike","region_id":"71","coord_source":"mapbox","mapbox_name":"Citi Bike – Pleasant Ave & E 120 St"},"geometry":{"type":"Point","coordinates":[-73.93120229244232,40.797490112267354]}},{"type":"Feature","properties":{"name":"Popham Ave & W 174 St","station_id":"2b33334b-243c-4a16-a6d2-32304c8884f1","mode":"CitiBike","region_id":"71","coord_source":"mapbox","mapbox_name":"Citi Bike – Popham Ave & W 174 St"},"geometry":{"type":"Point","coordinates":[-73.92208680510521,40.84775426317293]}},{"type":"Feature","properties":{"name":"Post Rd & W 251 St","station_id":"2177016530523622712","mode":"CitiBike","region_id":"71","coord_source":"mapbox","mapbox_name":"Citi Bike – Post Rd & W 251 St"},"geometry":{"type":"Point","coordinates":[-73.89796704053879,40.895602111490376]}},{"type":"Feature","properties":{"name":"Powell St & Belmont Ave","station_id":"2235292831092573154","mode":"CitiBike","region_id":"71","coord_source":"gbfs"},"geometry":{"type":"Point","coordinates":[-73.90403,40.66929]}},{"type":"Feature","properties":{"name":"Powell St & Blake Ave","station_id":"2235293953980453918","mode":"CitiBike","region_id":"71","coord_source":"gbfs"},"geometry":{"type":"Point","coordinates":[-73.9032,40.66648]}},{"type":"Feature","properties":{"name":"Powers St & Olive St","station_id":"fc5ee04d-710b-45ba-aae0-303b8e95ea89","mode":"CitiBike","region_id":"71","coord_source":"mapbox","mapbox_name":"Citi Bike – Powers St & Olive St"},"geometry":{"type":"Point","coordinates":[-73.93894717097282,40.71323409009915]}},{"type":"Feature","properties":{"name":"President St & 4 Ave","station_id":"2233876305608249780","mode":"CitiBike","region_id":"71","coord_source":"mapbox","mapbox_name":"Citi Bike – President St & 4 Ave"},"geometry":{"type":"Point","coordinates":[-73.98315131664276,40.67671419700534]}},{"type":"Feature","properties":{"name":"President St & Henry St","station_id":"66de4408-0aca-11e7-82f6-3863bb44ef7c","mode":"CitiBike","region_id":"71","coord_source":"mapbox","mapbox_name":"Citi Bike – President St & Henry St"},"geometry":{"type":"Point","coordinates":[-73.99986684322357,40.68278901498226]}},{"type":"Feature","properties":{"name":"President St & Nostrand Ave","station_id":"8aad788d-c7eb-4fca-a426-c39f47741a6f","mode":"CitiBike","region_id":"71","coord_source":"mapbox","mapbox_name":"Citi Bike – President St & Nostrand Ave"},"geometry":{"type":"Point","coordinates":[-73.95047664642334,40.66810496847182]}},{"type":"Feature","properties":{"name":"Prospect Ave & E 151 St","station_id":"002e6e9f-ced2-47b0-bc7e-ccf38c3b4b0f","mode":"CitiBike","region_id":"71","coord_source":"mapbox","mapbox_name":"Citi Bike – Prospect Ave & E 151 St"},"geometry":{"type":"Point","coordinates":[-73.90392288565636,40.81429947291198]}},{"type":"Feature","properties":{"name":"Prospect Ave & E 167 St","station_id":"f91170e6-a33c-4870-94da-9d51510515d2","mode":"CitiBike","region_id":"71","coord_source":"mapbox","mapbox_name":"Citi Bike – Prospect Ave & E 167 St"},"geometry":{"type":"Point","coordinates":[-73.89874085783958,40.82629557878684]}},{"type":"Feature","properties":{"name":"Prospect Ave & Greenwood Ave","station_id":"be2bdee1-e3e9-45cc-94f0-2ba81a722ba3","mode":"CitiBike","region_id":"71","coord_source":"mapbox","mapbox_name":"Citi Bike – Prospect Ave & Greenwood Ave"},"geometry":{"type":"Point","coordinates":[-73.9759911596775,40.651720563018074]}},{"type":"Feature","properties":{"name":"Prospect Ave & Jennings St","station_id":"facb0195-8daa-46e3-95e1-6f22fb678e8a","mode":"CitiBike","region_id":"71","coord_source":"mapbox","mapbox_name":"Citi Bike – Prospect Ave & Jennings St"},"geometry":{"type":"Point","coordinates":[-73.89684453606606,40.831777340690735]}},{"type":"Feature","properties":{"name":"Prospect Ave & Longwood Ave","station_id":"df243d7f-e6ae-435c-9895-aecbcff9cada","mode":"CitiBike","region_id":"71","coord_source":"mapbox","mapbox_name":"Citi Bike – Prospect Ave & Longwood Ave"},"geometry":{"type":"Point","coordinates":[-73.90201717615128,40.818979430173016]}},{"type":"Feature","properties":{"name":"Prospect Ave & Vanderbilt St","station_id":"f3525aa7-9d69-4ea2-9278-4df92db1afa1","mode":"CitiBike","region_id":"71","coord_source":"mapbox","mapbox_name":"Citi Bike – Prospect Ave & Vanderbilt St"},"geometry":{"type":"Point","coordinates":[-73.97628620266914,40.65336172827742]}},{"type":"Feature","properties":{"name":"Prospect Park SW & 10 Ave","station_id":"42bf7170-61ab-44a0-aafe-1b89d7271718","mode":"CitiBike","region_id":"71","coord_source":"mapbox","mapbox_name":"Citi Bike – Prospect Park SW & 10 Ave"},"geometry":{"type":"Point","coordinates":[-73.97756829857826,40.65999821736972]}},{"type":"Feature","properties":{"name":"Prospect Park SW & 16 St","station_id":"52dd11f4-bbd0-49ab-912b-06fac40d275d","mode":"CitiBike","region_id":"71","coord_source":"mapbox","mapbox_name":"Citi Bike – Prospect Park SW & 16 St"},"geometry":{"type":"Point","coordinates":[-73.97419944405556,40.65730727844684]}},{"type":"Feature","properties":{"name":"Prospect Park SW & Greenwood Ave","station_id":"c0ce2a38-04f5-4333-8818-2a3faa84f214","mode":"CitiBike","region_id":"71","coord_source":"mapbox","mapbox_name":"Citi Bike – Prospect Park SW & Greenwood Ave"},"geometry":{"type":"Point","coordinates":[-73.9726035296917,40.65277567513712]}},{"type":"Feature","properties":{"name":"Prospect Park SW & Vanderbilt St","station_id":"a1cf7115-8e38-4300-aac8-3a2fddca0e23","mode":"CitiBike","region_id":"71","coord_source":"mapbox","mapbox_name":"Citi Bike – Prospect Park SW & Vanderbilt St"},"geometry":{"type":"Point","coordinates":[-73.97322714328766,40.654876692490376]}},{"type":"Feature","properties":{"name":"Prospect Park W & 20 St","station_id":"e4980fd0-e540-40ca-acba-c2a74f3294fc","mode":"CitiBike","region_id":"71","coord_source":"mapbox","mapbox_name":"Citi Bike – Prospect Park W & 20 St"},"geometry":{"type":"Point","coordinates":[-73.98381784558296,40.65670091200684]}},{"type":"Feature","properties":{"name":"Prospect Park West & 8 St","station_id":"66dde7dc-0aca-11e7-82f6-3863bb44ef7c","mode":"CitiBike","region_id":"71","coord_source":"mapbox","mapbox_name":"Citi Bike – Prospect Park West & 8 St"},"geometry":{"type":"Point","coordinates":[-73.97626340389252,40.66504508834359]}},{"type":"Feature","properties":{"name":"Prospect Pl & 6 Ave","station_id":"66de5ace-0aca-11e7-82f6-3863bb44ef7c","mode":"CitiBike","region_id":"71","coord_source":"mapbox","mapbox_name":"Citi Bike – Prospect Pl & 6 Ave"},"geometry":{"type":"Point","coordinates":[-73.97518783807755,40.67932807403483]}},{"type":"Feature","properties":{"name":"Prospect Pl & Howard Ave","station_id":"085da8d4-9465-46f0-82d1-10c9c9177d64","mode":"CitiBike","region_id":"71","coord_source":"mapbox","mapbox_name":"Citi Bike – Prospect Pl & Howard Ave"},"geometry":{"type":"Point","coordinates":[-73.91976937651634,40.67261213589953]}},{"type":"Feature","properties":{"name":"Prospect Pl & Nostrand Ave","station_id":"475c44e1-31e3-4c60-b071-af2ca3f7618c","mode":"CitiBike","region_id":"71","coord_source":"mapbox","mapbox_name":"Citi Bike – Prospect Pl & Nostrand Ave"},"geometry":{"type":"Point","coordinates":[-73.95033314824104,40.674287369621766]}},{"type":"Feature","properties":{"name":"Prospect Pl & Underhill Ave","station_id":"69f84045-48f9-4c6c-90d3-0503e5ed39e9","mode":"CitiBike","region_id":"71","coord_source":"mapbox","mapbox_name":"Citi Bike – Prospect Pl & Underhill Ave"},"geometry":{"type":"Point","coordinates":[-73.96579340100288,40.67698169185235]}},{"type":"Feature","properties":{"name":"Prospect Pl & Vanderbilt Ave","station_id":"62b97c1e-9d06-4c5e-b9c3-d76099e37fe4","mode":"CitiBike","region_id":"71","coord_source":"mapbox","mapbox_name":"Citi Bike – Prospect Pl & Vanderbilt Ave"},"geometry":{"type":"Point","coordinates":[-73.96904423832893,40.677668223144394]}},{"type":"Feature","properties":{"name":"Pulaski St & Marcus Garvey Blvd","station_id":"66dcc65c-0aca-11e7-82f6-3863bb44ef7c","mode":"CitiBike","region_id":"71","coord_source":"mapbox","mapbox_name":"Citi Bike – Pulaski St & Marcus Garvey Blvd"},"geometry":{"type":"Point","coordinates":[-73.93995299935341,40.69338327917271]}},{"type":"Feature","properties":{"name":"Pulaski St & Throop Ave","station_id":"1945125793810207148","mode":"CitiBike","region_id":"71","coord_source":"mapbox","mapbox_name":"Citi Bike – Pulaski St & Throop Ave"},"geometry":{"type":"Point","coordinates":[-73.94314885139465,40.693113816461675]}},{"type":"Feature","properties":{"name":"Putnam Ave & Knickerbocker Ave","station_id":"18b19467-28ac-4496-b3e4-f6028b1c5105","mode":"CitiBike","region_id":"71","coord_source":"mapbox","mapbox_name":"Citi Bike – Putnam Ave & Knickerbocker Ave"},"geometry":{"type":"Point","coordinates":[-73.91164898872375,40.69546979882145]}},{"type":"Feature","properties":{"name":"Putnam Ave & Nostrand Ave","station_id":"66dcbe7c-0aca-11e7-82f6-3863bb44ef7c","mode":"CitiBike","region_id":"71","coord_source":"mapbox","mapbox_name":"Citi Bike – Putnam Ave & Nostrand Ave"},"geometry":{"type":"Point","coordinates":[-73.94977927207947,40.68402160762011]}},{"type":"Feature","properties":{"name":"Putnam Ave & Ralph Ave","station_id":"64de0666-b9ab-404e-a16b-03e449bb5b4d","mode":"CitiBike","region_id":"71","coord_source":"mapbox","mapbox_name":"Citi Bike – Putnam Ave & Ralph Ave"},"geometry":{"type":"Point","coordinates":[-73.92329379916191,40.68708265080116]}},{"type":"Feature","properties":{"name":"Putnam Ave & Throop Ave","station_id":"66dcbf69-0aca-11e7-82f6-3863bb44ef7c","mode":"CitiBike","region_id":"71","coord_source":"mapbox","mapbox_name":"Citi Bike – Putnam Ave & Throop Ave"},"geometry":{"type":"Point","coordinates":[-73.94124582409859,40.68512197221844]}},{"type":"Feature","properties":{"name":"Putnam Ave & Wyckoff Ave","station_id":"6ca15d94-897a-4c81-ab47-366829afb7c4","mode":"CitiBike","region_id":"71","coord_source":"mapbox","mapbox_name":"Citi Bike – Putnam Ave & Wyckoff Ave"},"geometry":{"type":"Point","coordinates":[-73.90898153185844,40.698114460083815]}},{"type":"Feature","properties":{"name":"Queens Blvd & 56 Ave","station_id":"1848241425697670086","mode":"CitiBike","region_id":"71","coord_source":"mapbox","mapbox_name":"Citi Bike – Queens Blvd & 56 Ave"},"geometry":{"type":"Point","coordinates":[-73.8742670416832,40.73481671894751]}},{"type":"Feature","properties":{"name":"Queens Blvd & 56 St","station_id":"0cde9bcd-0dcb-45dc-9c9a-3e5485b5452e","mode":"CitiBike","region_id":"71","coord_source":"mapbox","mapbox_name":"Citi Bike – Queens Blvd & 56 St"},"geometry":{"type":"Point","coordinates":[-73.9090995490551,40.74191656974406]}},{"type":"Feature","properties":{"name":"Queens Blvd & Albion Ave","station_id":"1849008925260421550","mode":"CitiBike","region_id":"71","coord_source":"mapbox","mapbox_name":"Citi Bike – Queens Blvd & Albion Ave"},"geometry":{"type":"Point","coordinates":[-73.88552561402321,40.73858470321349]}},{"type":"Feature","properties":{"name":"Queens Blvd & Broadway","station_id":"1843486667668726558","mode":"CitiBike","region_id":"71","coord_source":"mapbox","mapbox_name":"Citi Bike – Queens Blvd & Broadway"},"geometry":{"type":"Point","coordinates":[-73.87739852070808,40.73678914509648]}},{"type":"Feature","properties":{"name":"Queens Blvd N & 63 Rd","station_id":"2206772604819312252","mode":"CitiBike","region_id":"71","coord_source":"gbfs"},"geometry":{"type":"Point","coordinates":[-73.86207,40.73016]}},{"type":"Feature","properties":{"name":"Queens Blvd N & 67 Rd","station_id":"2206777412304050722","mode":"CitiBike","region_id":"71","coord_source":"mapbox","mapbox_name":"Citi Bike – Queens Blvd N & 67 Rd"},"geometry":{"type":"Point","coordinates":[-73.85217905044556,40.72666116789185]}},{"type":"Feature","properties":{"name":"Queens Blvd N & 71 Ave","station_id":"2206779820747432414","mode":"CitiBike","region_id":"71","coord_source":"mapbox","mapbox_name":"Citi Bike – Queens Blvd N & 71 Ave"},"geometry":{"type":"Point","coordinates":[-73.8436308503151,40.721438041409385]}},{"type":"Feature","properties":{"name":"Queens Blvd N & 72 Rd","station_id":"2206780420991859398","mode":"CitiBike","region_id":"71","coord_source":"mapbox","mapbox_name":"Citi Bike – Queens Blvd N & 72 Rd"},"geometry":{"type":"Point","coordinates":[-73.84042829275131,40.72021122313046]}},{"type":"Feature","properties":{"name":"Queens Blvd N & 75 Ave","station_id":"2206780889143294664","mode":"CitiBike","region_id":"71","coord_source":"mapbox","mapbox_name":"Citi Bike – Queens Blvd N & 75 Ave"},"geometry":{"type":"Point","coordinates":[-73.8377071917057,40.71895388880685]}},{"type":"Feature","properties":{"name":"Queens Blvd N & 78 Ave","station_id":"2206782424530885178","mode":"CitiBike","region_id":"71","coord_source":"mapbox","mapbox_name":"Citi Bike – Queens Blvd N & 78 Ave"},"geometry":{"type":"Point","coordinates":[-73.83225694298744,40.715333202507054]}},{"type":"Feature","properties":{"name":"Queens Blvd S & 65 Rd","station_id":"2206775732971837972","mode":"CitiBike","region_id":"71","coord_source":"mapbox","mapbox_name":"Citi Bike – Queens Blvd S & 65 Rd"},"geometry":{"type":"Point","coordinates":[-73.85838970541954,40.72855761325383]}},{"type":"Feature","properties":{"name":"Queens Blvd S & 71 Ave","station_id":"2206780035495797216","mode":"CitiBike","coord_source":"mapbox","mapbox_name":"Citi Bike – Queens Blvd S & 71 Ave"},"geometry":{"type":"Point","coordinates":[-73.84434163570404,40.72146853370498]}},{"type":"Feature","properties":{"name":"Queens Blvd S & 76 Rd","station_id":"2206781222579094026","mode":"CitiBike","region_id":"71","coord_source":"mapbox","mapbox_name":"Citi Bike – Queens Blvd S & 76 Rd"},"geometry":{"type":"Point","coordinates":[-73.83525028824806,40.71721269058088]}},{"type":"Feature","properties":{"name":"Queens Blvd S & Yellowstone Blvd","station_id":"2206778716019602458","mode":"CitiBike","region_id":"71","coord_source":"mapbox","mapbox_name":"Citi Bike – Queens Blvd S & Yellowstone Blvd"},"geometry":{"type":"Point","coordinates":[-73.84719014167786,40.72260588635248]}},{"type":"Feature","properties":{"name":"Queens Plaza N & Crescent St","station_id":"66dd2811-0aca-11e7-82f6-3863bb44ef7c","mode":"CitiBike","region_id":"71","coord_source":"mapbox","mapbox_name":"Citi Bike – Queens Plaza North & Crescent St"},"geometry":{"type":"Point","coordinates":[-73.94057929515839,40.751062848796664]}},{"type":"Feature","properties":{"name":"Railroad Ave & Kay Ave","station_id":"81bec993-29a5-4e70-8f60-eecdf16c7be4","mode":"CitiBike","region_id":"71","coord_source":"mapbox","mapbox_name":"Citi Bike – Railroad Ave & Kay Ave"},"geometry":{"type":"Point","coordinates":[-73.9710009098053,40.70531175884858]}},{"type":"Feature","properties":{"name":"Ralph Ave & Fulton St","station_id":"e24cb64d-10c2-48db-9440-59e63c0f1c95","mode":"CitiBike","region_id":"71","coord_source":"mapbox","mapbox_name":"Citi Bike – Ralph Ave & Fulton St"},"geometry":{"type":"Point","coordinates":[-73.92191782593727,40.679222300456104]}},{"type":"Feature","properties":{"name":"Reade St & Broadway","station_id":"66db90f1-0aca-11e7-82f6-3863bb44ef7c","mode":"CitiBike","region_id":"71","coord_source":"mapbox","mapbox_name":"Citi Bike – Reade St & Broadway"},"geometry":{"type":"Point","coordinates":[-74.00573685765266,40.71456472157607]}},{"type":"Feature","properties":{"name":"Reservoir Oval E & Bainbridge Ave","station_id":"2171903385631266470","mode":"CitiBike","region_id":"71","coord_source":"mapbox","mapbox_name":"Citi Bike – Reservoir Oval E & Bainbridge Ave"},"geometry":{"type":"Point","coordinates":[-73.87900650501251,40.87633914970752]}},{"type":"Feature","properties":{"name":"Review Ave & Greenpoint Ave","station_id":"2100948436010992354","mode":"CitiBike","region_id":"71","coord_source":"mapbox","mapbox_name":"Citi Bike – Review Ave & Greenpoint Ave"},"geometry":{"type":"Point","coordinates":[-73.9378273487091,40.73449762957239]}},{"type":"Feature","properties":{"name":"Richard St Light Rail","station_id":"2116635307734817684","mode":"CitiBike","region_id":"70","coord_source":"mapbox","mapbox_name":"Citi Bike – Richard St Light Rail"},"geometry":{"type":"Point","coordinates":[-74.07917305827141,40.69902242607233]}},{"type":"Feature","properties":{"name":"Richards St & Delavan St","station_id":"66de482a-0aca-11e7-82f6-3863bb44ef7c","mode":"CitiBike","region_id":"71","coord_source":"mapbox","mapbox_name":"Citi Bike – Richards St & Delavan St"},"geometry":{"type":"Point","coordinates":[-74.0079040825367,40.679397233591686]}},{"type":"Feature","properties":{"name":"Richardson St & N Henry St","station_id":"66de73fd-0aca-11e7-82f6-3863bb44ef7c","mode":"CitiBike","region_id":"71","coord_source":"mapbox","mapbox_name":"Citi Bike – Richardson St & N Henry St"},"geometry":{"type":"Point","coordinates":[-73.94226238131523,40.71908805980999]}},{"type":"Feature","properties":{"name":"Ridge Blvd & 82 St","station_id":"2126622876727162948","mode":"CitiBike","region_id":"71","coord_source":"mapbox","mapbox_name":"Citi Bike – Ridge Blvd & 82 St"},"geometry":{"type":"Point","coordinates":[-74.03258576989174,40.6271196151975]}},{"type":"Feature","properties":{"name":"Ridge Blvd & 89 St","station_id":"2126274178538511162","mode":"CitiBike","region_id":"71","coord_source":"mapbox","mapbox_name":"Citi Bike – Ridge Blvd & 89 St"},"geometry":{"type":"Point","coordinates":[-74.03477981686592,40.6219986207588]}},{"type":"Feature","properties":{"name":"River Ave & E 151 St","station_id":"141eb0e0-e78d-411a-a0be-202a6424cc93","mode":"CitiBike","region_id":"71","coord_source":"mapbox","mapbox_name":"Citi Bike – River Ave & E 151 St"},"geometry":{"type":"Point","coordinates":[-73.92892241477966,40.822231151412296]}},{"type":"Feature","properties":{"name":"River Ave & E 153 St","station_id":"6e5a8cab-cf1a-4584-8133-01835b56ad71","mode":"CitiBike","region_id":"71","coord_source":"mapbox","mapbox_name":"Citi Bike – River Ave & E 153 St"},"geometry":{"type":"Point","coordinates":[-73.92817676067352,40.8243816247913]}},{"type":"Feature","properties":{"name":"River Ave & McClellan St","station_id":"1d977221-b2b5-4fa2-bba0-b00136834fb3","mode":"CitiBike","region_id":"71","coord_source":"mapbox","mapbox_name":"Citi Bike – River Ave & McClellan St"},"geometry":{"type":"Point","coordinates":[-73.92243281006813,40.83406245820413]}},{"type":"Feature","properties":{"name":"River St & 1 St","station_id":"1844599666569400604","mode":"CitiBike","coord_source":"mapbox","mapbox_name":"Citi Bike – River St & 1 St"},"geometry":{"type":"Point","coordinates":[-74.02886152267456,40.737233212367386]}},{"type":"Feature","properties":{"name":"River Ter & Warren St","station_id":"a6492ad5-d13e-48b0-a0d5-08e60ad93e53","mode":"CitiBike","region_id":"71","coord_source":"mapbox","mapbox_name":"Citi Bike – River Ter & Warren St"},"geometry":{"type":"Point","coordinates":[-74.01594936847687,40.71757760396369]}},{"type":"Feature","properties":{"name":"Riverdale Ave & E 98 St","station_id":"2235291073270819780","mode":"CitiBike","region_id":"71","coord_source":"gbfs"},"geometry":{"type":"Point","coordinates":[-73.91685,40.65984]}},{"type":"Feature","properties":{"name":"Riverdale Ave & Thomas S. Boyland St","station_id":"2235291175136613374","mode":"CitiBike","region_id":"71","coord_source":"gbfs"},"geometry":{"type":"Point","coordinates":[-73.91099,40.6606]}},{"type":"Feature","properties":{"name":"Riverdale Ave & W 254 St","station_id":"2177016792070807878","mode":"CitiBike","region_id":"71","coord_source":"mapbox","mapbox_name":"Citi Bike – Riverdale Ave & W 254 St"},"geometry":{"type":"Point","coordinates":[-73.90575349330902,40.902053275754696]}},{"type":"Feature","properties":{"name":"Riverdale Ave & W 258 St","station_id":"2177017159407891310","mode":"CitiBike","region_id":"71","coord_source":"mapbox","mapbox_name":"Citi Bike – Riverdale Ave & W 258 St"},"geometry":{"type":"Point","coordinates":[-73.90459209680557,40.905752983918376]}},{"type":"Feature","properties":{"name":"Riverdale Ave & W 261 St","station_id":"2177017749848514898","mode":"CitiBike","region_id":"71","coord_source":"mapbox","mapbox_name":"Citi Bike – Riverdale Ave & W 261 St"},"geometry":{"type":"Point","coordinates":[-73.9031919836998,40.909668367420124]}},{"type":"Feature","properties":{"name":"Riverdale Ave & W 263 St","station_id":"2177017859487560566","mode":"CitiBike","region_id":"71","coord_source":"mapbox","mapbox_name":"Citi Bike – Riverdale Ave & W 263 St"},"geometry":{"type":"Point","coordinates":[-73.90274405479431,40.91235518167886]}},{"type":"Feature","properties":{"name":"Riverside Blvd & W 67 St","station_id":"66dd51e6-0aca-11e7-82f6-3863bb44ef7c","mode":"CitiBike","region_id":"71","coord_source":"mapbox","mapbox_name":"Citi Bike – Riverside Blvd & W 67 St"},"geometry":{"type":"Point","coordinates":[-73.98885905742645,40.77765123597709]}},{"type":"Feature","properties":{"name":"Riverside Dr & Broadway","station_id":"18d980e5-ba08-4bc3-832e-03eb71865768","mode":"CitiBike","region_id":"71","coord_source":"mapbox","mapbox_name":"Citi Bike – Riverside Dr & Broadway"},"geometry":{"type":"Point","coordinates":[-73.92796352505684,40.86539471450979]}},{"type":"Feature","properties":{"name":"Riverside Dr & W 104 St","station_id":"66de0bcb-0aca-11e7-82f6-3863bb44ef7c","mode":"CitiBike","region_id":"71","coord_source":"mapbox","mapbox_name":"Citi Bike – Riverside Dr & W 104 St"},"geometry":{"type":"Point","coordinates":[-73.97112965583801,40.80138651922516]}},{"type":"Feature","properties":{"name":"Riverside Dr & W 138 St","station_id":"01a1343d-9c7b-4a83-8a5a-a600187f19c4","mode":"CitiBike","region_id":"71","coord_source":"mapbox","mapbox_name":"Citi Bike – Riverside Dr & W 138 St"},"geometry":{"type":"Point","coordinates":[-73.95582363009453,40.82318918119958]}},{"type":"Feature","properties":{"name":"Riverside Dr & W 145 St","station_id":"ccaadb70-6c87-4ccc-9914-a3167bd1bc0e","mode":"CitiBike","region_id":"71","coord_source":"mapbox","mapbox_name":"Citi Bike – Riverside Dr & W 145 St"},"geometry":{"type":"Point","coordinates":[-73.95196661353111,40.827323570511595]}},{"type":"Feature","properties":{"name":"Riverside Dr & W 148 St","station_id":"4f814d78-5d8d-458b-877e-2ca449b865be","mode":"CitiBike","region_id":"71","coord_source":"mapbox","mapbox_name":"Citi Bike – Riverside Dr & W 148 St"},"geometry":{"type":"Point","coordinates":[-73.9504323899746,40.82912784519522]}},{"type":"Feature","properties":{"name":"Riverside Dr & W 153 St","station_id":"4aa6bb27-b76b-444e-a3ce-6fb25b822494","mode":"CitiBike","region_id":"71","coord_source":"mapbox","mapbox_name":"Citi Bike – Riverside Dr & W 153 St"},"geometry":{"type":"Point","coordinates":[-73.94972428679466,40.83216293442706]}},{"type":"Feature","properties":{"name":"Riverside Dr & W 72 St","station_id":"66dd4d70-0aca-11e7-82f6-3863bb44ef7c","mode":"CitiBike","region_id":"71","coord_source":"mapbox","mapbox_name":"Citi Bike – Riverside Dr & W 72 St"},"geometry":{"type":"Point","coordinates":[-73.98558810353279,40.78072523837844]}},{"type":"Feature","properties":{"name":"Riverside Dr & W 78 St","station_id":"66dd5407-0aca-11e7-82f6-3863bb44ef7c","mode":"CitiBike","region_id":"71","coord_source":"mapbox","mapbox_name":"Citi Bike – Riverside Dr & W 78 St"},"geometry":{"type":"Point","coordinates":[-73.98350268602371,40.78425706815301]}},{"type":"Feature","properties":{"name":"Riverside Dr & W 82 St","station_id":"66dd4ec7-0aca-11e7-82f6-3863bb44ef7c","mode":"CitiBike","region_id":"71","coord_source":"mapbox","mapbox_name":"Citi Bike – Riverside Dr & W 82 St"},"geometry":{"type":"Point","coordinates":[-73.98128852248192,40.787045435925705]}},{"type":"Feature","properties":{"name":"Riverside Dr & W 91 St","station_id":"66de871c-0aca-11e7-82f6-3863bb44ef7c","mode":"CitiBike","region_id":"71","coord_source":"mapbox","mapbox_name":"Citi Bike – Riverside Dr & W 91 St"},"geometry":{"type":"Point","coordinates":[-73.97703990340233,40.79313760198136]}},{"type":"Feature","properties":{"name":"Riverside Dr E & W 155 St","station_id":"1929513834381415014","mode":"CitiBike","region_id":"71","coord_source":"mapbox","mapbox_name":"Citi Bike – Riverside Dr E & W 155 St"},"geometry":{"type":"Point","coordinates":[-73.94832953810692,40.83407057571034]}},{"type":"Feature","properties":{"name":"Riverview Park","station_id":"66dd630c-0aca-11e7-82f6-3863bb44ef7c","mode":"CitiBike","region_id":"70","coord_source":"mapbox","mapbox_name":"Citi Bike – Riverview Park"},"geometry":{"type":"Point","coordinates":[-74.04401868581772,40.74432975708058]}},{"type":"Feature","properties":{"name":"Rivington St & Chrystie St","station_id":"66dc3ab9-0aca-11e7-82f6-3863bb44ef7c","mode":"CitiBike","region_id":"71","coord_source":"mapbox","mapbox_name":"Citi Bike – Rivington St & Chrystie St"},"geometry":{"type":"Point","coordinates":[-73.99192616343498,40.72119511895565]}},{"type":"Feature","properties":{"name":"Rivington St & Ridge St","station_id":"66dbc37a-0aca-11e7-82f6-3863bb44ef7c","mode":"CitiBike","region_id":"71","coord_source":"mapbox","mapbox_name":"Citi Bike – Rivington St & Ridge St"},"geometry":{"type":"Point","coordinates":[-73.98310706019402,40.718460909692794]}},{"type":"Feature","properties":{"name":"Rockaway Ave & Bainbridge St","station_id":"59e3766c-0629-4ff1-a1d9-bc0514a55487","mode":"CitiBike","region_id":"71","coord_source":"mapbox","mapbox_name":"Citi Bike – Rockaway Ave & Bainbridge St"},"geometry":{"type":"Point","coordinates":[-73.9115846157074,40.683242595451816]}},{"type":"Feature","properties":{"name":"Rockaway Ave & Blake Ave","station_id":"2235292731365140254","mode":"CitiBike","region_id":"71","coord_source":"gbfs"},"geometry":{"type":"Point","coordinates":[-73.90956,40.66581]}},{"type":"Feature","properties":{"name":"Rockaway Pkwy & Church Ave","station_id":"2235291597256829956","mode":"CitiBike","region_id":"71","coord_source":"gbfs"},"geometry":{"type":"Point","coordinates":[-73.9146,40.65642]}},{"type":"Feature","properties":{"name":"Rockaway Pkwy & Rutland Rd","station_id":"2235288376268302064","mode":"CitiBike","region_id":"71","coord_source":"gbfs"},"geometry":{"type":"Point","coordinates":[-73.92376,40.66455]}},{"type":"Feature","properties":{"name":"Rockaway Pkwy & Winthrop St","station_id":"2235289255286232036","mode":"CitiBike","region_id":"71","coord_source":"gbfs"},"geometry":{"type":"Point","coordinates":[-73.92174,40.66274]}},{"type":"Feature","properties":{"name":"Roebling St & N 4 St","station_id":"66dcf640-0aca-11e7-82f6-3863bb44ef7c","mode":"CitiBike","region_id":"71","coord_source":"mapbox","mapbox_name":"Citi Bike – Roebling St & N 4 St"},"geometry":{"type":"Point","coordinates":[-73.95739004015923,40.714697884912425]}},{"type":"Feature","properties":{"name":"Rogers Ave & Lenox Rd","station_id":"1817627670084542818","mode":"CitiBike","region_id":"71","coord_source":"mapbox","mapbox_name":"Citi Bike – Rogers Ave & Lenox Rd"},"geometry":{"type":"Point","coordinates":[-73.95272970199585,40.65378498567742]}},{"type":"Feature","properties":{"name":"Rogers Ave & Lincoln Rd","station_id":"3a51a25f-3e9b-4aea-84ee-39e9a3acc7fd","mode":"CitiBike","region_id":"71","coord_source":"mapbox","mapbox_name":"Citi Bike – Rogers Ave & Lincoln Rd"},"geometry":{"type":"Point","coordinates":[-73.95353302359581,40.66126887253665]}},{"type":"Feature","properties":{"name":"Rogers Ave & Snyder Ave","station_id":"1817432434869846072","mode":"CitiBike","region_id":"71","coord_source":"mapbox","mapbox_name":"Citi Bike – Rogers Ave & Snyder Ave"},"geometry":{"type":"Point","coordinates":[-73.95218253135681,40.64861923042281]}},{"type":"Feature","properties":{"name":"Rogers Ave & Sterling St","station_id":"6dec8948-44c7-4085-9682-446a891feb42","mode":"CitiBike","region_id":"71","coord_source":"mapbox","mapbox_name":"Citi Bike – Rogers Ave & Sterling St"},"geometry":{"type":"Point","coordinates":[-73.9538723230362,40.66307155395003]}},{"type":"Feature","properties":{"name":"Rogers Pl & E 165 St","station_id":"6661108f-28eb-4671-ad0c-36a311d325aa","mode":"CitiBike","region_id":"71","coord_source":"mapbox","mapbox_name":"Citi Bike – Rogers Pl & E 165 St"},"geometry":{"type":"Point","coordinates":[-73.89740109443665,40.8238863827367]}},{"type":"Feature","properties":{"name":"Roosevelt Ave & 104 St","station_id":"1856847127505992556","mode":"CitiBike","region_id":"71","coord_source":"mapbox","mapbox_name":"Citi Bike – Roosevelt Ave & 104 St"},"geometry":{"type":"Point","coordinates":[-73.86156678199768,40.74985791219436]}},{"type":"Feature","properties":{"name":"Roosevelt Island Tramway","station_id":"b47e5ffd-4215-4476-a89b-ebe52111f763","mode":"CitiBike","region_id":"71","coord_source":"mapbox","mapbox_name":"Citi Bike – Roosevelt Island Tramway"},"geometry":{"type":"Point","coordinates":[-73.9536027610302,40.75726802810172]}},{"type":"Feature","properties":{"name":"Rugby Rd & Albemarle Rd","station_id":"1815967313905864892","mode":"CitiBike","region_id":"71","coord_source":"mapbox","mapbox_name":"Citi Bike – Rugby Rd & Albemarle Rd"},"geometry":{"type":"Point","coordinates":[-73.96636471152306,40.6467327194255]}},{"type":"Feature","properties":{"name":"Rugby Rd & Beverley Rd","station_id":"1817432233006383832","mode":"CitiBike","region_id":"71","coord_source":"mapbox","mapbox_name":"Citi Bike – Rugby Rd & Beverley Rd"},"geometry":{"type":"Point","coordinates":[-73.96591141819954,40.644357715515895]}},{"type":"Feature","properties":{"name":"Rutgers St & Henry St","station_id":"1e3a16ff-65ba-4d34-b3c6-37aff44e085a","mode":"CitiBike","region_id":"71","coord_source":"mapbox","mapbox_name":"Citi Bike – Rutgers St & Henry St"},"geometry":{"type":"Point","coordinates":[-73.99004459381104,40.713294065657806]}},{"type":"Feature","properties":{"name":"Rutland Rd & E 45 St","station_id":"cd2d9dab-7708-4685-a56f-9412c738de7e","mode":"CitiBike","region_id":"71","coord_source":"mapbox","mapbox_name":"Citi Bike – Rutland Rd & E 45 St"},"geometry":{"type":"Point","coordinates":[-73.93617108464241,40.660336993291395]}},{"type":"Feature","properties":{"name":"S 2 St & Kent Ave","station_id":"1786698158713921798","mode":"CitiBike","region_id":"71","coord_source":"mapbox","mapbox_name":"Citi Bike – S 2 St & Kent Ave"},"geometry":{"type":"Point","coordinates":[-73.96653771400452,40.71471516563122]}},{"type":"Feature","properties":{"name":"S 3 St & Bedford Ave","station_id":"66dc4599-0aca-11e7-82f6-3863bb44ef7c","mode":"CitiBike","region_id":"71","coord_source":"mapbox","mapbox_name":"Citi Bike – S 3 St & Bedford Ave"},"geometry":{"type":"Point","coordinates":[-73.96266728639603,40.71262518263998]}},{"type":"Feature","properties":{"name":"S 4 St & Rodney St","station_id":"66dcf023-0aca-11e7-82f6-3863bb44ef7c","mode":"CitiBike","region_id":"71","coord_source":"mapbox","mapbox_name":"Citi Bike – S 4 St & Rodney St"},"geometry":{"type":"Point","coordinates":[-73.95607441663742,40.70934369566163]}},{"type":"Feature","properties":{"name":"S 4 St & Roebling St","station_id":"1786698321265653818","mode":"CitiBike","region_id":"71","coord_source":"mapbox","mapbox_name":"Citi Bike – S 4 St & Roebling St"},"geometry":{"type":"Point","coordinates":[-73.95971417427063,40.71069067007514]}},{"type":"Feature","properties":{"name":"S 4 St & Wythe Ave","station_id":"66dc252e-0aca-11e7-82f6-3863bb44ef7c","mode":"CitiBike","region_id":"71","coord_source":"mapbox","mapbox_name":"Citi Bike – S 4 St & Wythe Ave"},"geometry":{"type":"Point","coordinates":[-73.9659234881401,40.7128488220867]}},{"type":"Feature","properties":{"name":"S 5 Pl & S 5 St","station_id":"66dc8768-0aca-11e7-82f6-3863bb44ef7c","mode":"CitiBike","region_id":"71","coord_source":"mapbox","mapbox_name":"Citi Bike – S 5 Pl & S 5 St"},"geometry":{"type":"Point","coordinates":[-73.96095469594002,40.71039891264596]}},{"type":"Feature","properties":{"name":"S Portland Ave & Hanson Pl","station_id":"66dbc60f-0aca-11e7-82f6-3863bb44ef7c","mode":"CitiBike","region_id":"71","coord_source":"mapbox","mapbox_name":"Citi Bike – S Portland Ave & Hanson Pl"},"geometry":{"type":"Point","coordinates":[-73.97432550787926,40.685393501168534]}},{"type":"Feature","properties":{"name":"Sands St & Jay St","station_id":"4543214c-c9d4-4f20-9cd9-dd05cc365931","mode":"CitiBike","region_id":"71","coord_source":"mapbox","mapbox_name":"Citi Bike – Sands St & Jay St"},"geometry":{"type":"Point","coordinates":[-73.9861661195755,40.700121526237524]}},{"type":"Feature","properties":{"name":"Sands St Gate","station_id":"8dfff4bd-0f3c-43af-bc55-a63850f66c6b","mode":"CitiBike","region_id":"71","coord_source":"mapbox","mapbox_name":"Citi Bike – Sands St Gate"},"geometry":{"type":"Point","coordinates":[-73.9798629283905,40.69953995098095]}},{"type":"Feature","properties":{"name":"Schenectady Ave & Cortelyou Rd","station_id":"1815968422007427668","mode":"CitiBike","region_id":"71","coord_source":"mapbox","mapbox_name":"Citi Bike – Schenectady Ave & Cortelyou Rd"},"geometry":{"type":"Point","coordinates":[-73.93269762396812,40.645366135812]}},{"type":"Feature","properties":{"name":"Schenectady Ave & Maple St","station_id":"55fda28d-56a8-4db2-b42a-072714f18471","mode":"CitiBike","region_id":"71","coord_source":"mapbox","mapbox_name":"Citi Bike – Schenectady Ave & Maple St"},"geometry":{"type":"Point","coordinates":[-73.93444776535034,40.661783638677434]}},{"type":"Feature","properties":{"name":"Schenectady Ave & Pacific St","station_id":"81640d04-c36a-4fb1-98b0-85be10be516c","mode":"CitiBike","region_id":"71","coord_source":"mapbox","mapbox_name":"Citi Bike – Schenectady Ave & Pacific St"},"geometry":{"type":"Point","coordinates":[-73.93321931362152,40.6768637094666]}},{"type":"Feature","properties":{"name":"Schenectady Ave & President St","station_id":"ecc52c52-e2d9-4e73-8f9c-18ad8e9b0606","mode":"CitiBike","region_id":"71","coord_source":"mapbox","mapbox_name":"Citi Bike – Schenectady Ave & President St"},"geometry":{"type":"Point","coordinates":[-73.93398508429527,40.66732170135609]}},{"type":"Feature","properties":{"name":"Schenectady Ave & Prospect Pl","station_id":"94bcf812-5cff-460c-841f-54876ed1e7a4","mode":"CitiBike","region_id":"71","coord_source":"mapbox","mapbox_name":"Citi Bike – Schenectady Ave & Prospect Pl"},"geometry":{"type":"Point","coordinates":[-73.93360018730164,40.67350722654933]}},{"type":"Feature","properties":{"name":"Schermerhorn St & Court St","station_id":"3d835eaa-a102-42c5-b6c0-2c693b1d0677","mode":"CitiBike","region_id":"71","coord_source":"mapbox","mapbox_name":"Citi Bike – Schermerhorn St & Court St"},"geometry":{"type":"Point","coordinates":[-73.99190470576286,40.691080100474636]}},{"type":"Feature","properties":{"name":"Schermerhorn St & Hoyt St","station_id":"a1acdab2-29c7-4956-8b2e-24b39dc2ff13","mode":"CitiBike","region_id":"71","coord_source":"mapbox","mapbox_name":"Citi Bike – Schermerhorn St & Hoyt St"},"geometry":{"type":"Point","coordinates":[-73.98508787155151,40.68865684683476]}},{"type":"Feature","properties":{"name":"Scholes St & Lorimer St","station_id":"1786696564295760054","mode":"CitiBike","region_id":"71","coord_source":"mapbox","mapbox_name":"Citi Bike – Scholes St & Lorimer St"},"geometry":{"type":"Point","coordinates":[-73.94872114062309,40.70831794366396]}},{"type":"Feature","properties":{"name":"Scholes St & Manhattan Ave","station_id":"66dcec6b-0aca-11e7-82f6-3863bb44ef7c","mode":"CitiBike","region_id":"71","coord_source":"mapbox","mapbox_name":"Citi Bike – Scholes St & Manhattan Ave"},"geometry":{"type":"Point","coordinates":[-73.94486278295517,40.70870323789251]}},{"type":"Feature","properties":{"name":"Seaman Ave & Beak St","station_id":"4f57360d-a4cb-4568-b74a-f3086ccaee2e","mode":"CitiBike","region_id":"71","coord_source":"mapbox","mapbox_name":"Citi Bike – Seaman Ave & Beak St"},"geometry":{"type":"Point","coordinates":[-73.92635822296143,40.86751336248139]}},{"type":"Feature","properties":{"name":"Seaman Ave & Isham St","station_id":"8456b63c-37c6-49a6-8c02-bb6dcfc35041","mode":"CitiBike","region_id":"71","coord_source":"mapbox","mapbox_name":"Citi Bike – Seaman Ave & Isham St"},"geometry":{"type":"Point","coordinates":[-73.92071217298508,40.8699371992366]}},{"type":"Feature","properties":{"name":"Sedgwick Ave & Giles Pl","station_id":"1864605926072998676","mode":"CitiBike","region_id":"71","coord_source":"mapbox","mapbox_name":"Citi Bike – Sedgwick Ave & Giles Pl"},"geometry":{"type":"Point","coordinates":[-73.89649450778961,40.88112322234949]}},{"type":"Feature","properties":{"name":"Sedgwick Ave & Hillman Ave","station_id":"1861681121800951962","mode":"CitiBike","region_id":"71","coord_source":"mapbox","mapbox_name":"Citi Bike – Sedgwick Ave & Hillman Ave"},"geometry":{"type":"Point","coordinates":[-73.89136075973511,40.88225074486357]}},{"type":"Feature","properties":{"name":"Sedgwick Ave & W 195 St","station_id":"1861680103893703034","mode":"CitiBike","region_id":"71","coord_source":"mapbox","mapbox_name":"Citi Bike – Sedgwick Ave & W 195 St"},"geometry":{"type":"Point","coordinates":[-73.90283793210983,40.87047976141977]}},{"type":"Feature","properties":{"name":"Sedgwick Ave & W 231 St","station_id":"1869753484503987044","mode":"CitiBike","region_id":"71","coord_source":"mapbox","mapbox_name":"Citi Bike – Sedgwick Ave & W 231 St"},"geometry":{"type":"Point","coordinates":[-73.90126347541809,40.875094909685714]}},{"type":"Feature","properties":{"name":"Sedgwick Ave & W Burnside Ave","station_id":"3e4a2c26-7527-469c-b4f4-1ef8d40fd20d","mode":"CitiBike","region_id":"71","coord_source":"mapbox","mapbox_name":"Citi Bike – Sedgwick Ave & W Burnside Ave"},"geometry":{"type":"Point","coordinates":[-73.91666203737259,40.854961742718274]}},{"type":"Feature","properties":{"name":"Sedgwick Ave & W Tremont Ave","station_id":"6fb81fda-f0b5-4242-90f9-88d0214feb8d","mode":"CitiBike","region_id":"71","coord_source":"mapbox","mapbox_name":"Citi Bike – Sedgwick Ave & W Tremont Ave"},"geometry":{"type":"Point","coordinates":[-73.91835048794746,40.85305064507614]}},{"type":"Feature","properties":{"name":"Seigel St & Humboldt St","station_id":"2104278402820534724","mode":"CitiBike","region_id":"71","coord_source":"mapbox","mapbox_name":"Citi Bike – Seigel St & Humboldt St"},"geometry":{"type":"Point","coordinates":[-73.94086226820946,40.70461636231221]}},{"type":"Feature","properties":{"name":"Seneca Ave & Decatur St","station_id":"8fa2fafb-fa07-48b2-b159-bffbea7176d4","mode":"CitiBike","region_id":"71","coord_source":"mapbox","mapbox_name":"Citi Bike – Seneca Ave & Decatur St"},"geometry":{"type":"Point","coordinates":[-73.89810115098953,40.697229867656006]}},{"type":"Feature","properties":{"name":"Seneca Ave & Irvine St","station_id":"c602146e-d69d-43b6-9e8f-054c4df5377e","mode":"CitiBike","region_id":"71","coord_source":"mapbox","mapbox_name":"Citi Bike – Seneca Ave & Irvine St"},"geometry":{"type":"Point","coordinates":[-73.8886208832264,40.818752087894666]}},{"type":"Feature","properties":{"name":"Shakespeare Ave & W 169 St","station_id":"b96507c5-7c90-499d-9c45-58f25d6f636a","mode":"CitiBike","region_id":"71","coord_source":"mapbox","mapbox_name":"Citi Bike – Shakespeare Ave & W 169 St"},"geometry":{"type":"Point","coordinates":[-73.9224100112915,40.839309203963865]}},{"type":"Feature","properties":{"name":"Sharon St & Olive St","station_id":"f3c68cfb-52fd-48c8-b6e5-85c179fee0b3","mode":"CitiBike","region_id":"71","coord_source":"mapbox","mapbox_name":"Citi Bike – Sharon St & Olive St"},"geometry":{"type":"Point","coordinates":[-73.93858507275581,40.715344384042396]}},{"type":"Feature","properties":{"name":"Shea Rd & Boat Basin Pl","station_id":"1913988158376585970","mode":"CitiBike","region_id":"71","coord_source":"mapbox","mapbox_name":"Citi Bike – Shea Rd & Boat Basin Pl"},"geometry":{"type":"Point","coordinates":[-73.84848296642303,40.75774649773945]}},{"type":"Feature","properties":{"name":"Sheridan Ave & E 168 St","station_id":"545a32d3-b74c-4dc2-b82c-a6d185dd4666","mode":"CitiBike","region_id":"71","coord_source":"mapbox","mapbox_name":"Citi Bike – Sheridan Ave & E 168 St"},"geometry":{"type":"Point","coordinates":[-73.91540005803108,40.835337909174285]}},{"type":"Feature","properties":{"name":"Sheridan Ave & E 172 St","station_id":"cb4926e6-0a79-4902-80ee-d365fbf42aec","mode":"CitiBike","region_id":"71","coord_source":"mapbox","mapbox_name":"Citi Bike – Sheridan Ave & E 172 St"},"geometry":{"type":"Point","coordinates":[-73.91152694821358,40.84044656980885]}},{"type":"Feature","properties":{"name":"Sherman Ave & E 166 St","station_id":"6fd84197-56e2-47df-849f-701aca0e7cc3","mode":"CitiBike","region_id":"71","coord_source":"mapbox","mapbox_name":"Citi Bike – Sherman Ave & E 166 St"},"geometry":{"type":"Point","coordinates":[-73.91744926571846,40.831314625247074]}},{"type":"Feature","properties":{"name":"Sherman Ave & Thayer St","station_id":"59b747c1-fbfb-4a3d-9394-8d06834d7c98","mode":"CitiBike","region_id":"71","coord_source":"mapbox","mapbox_name":"Citi Bike – Sherman Ave & Thayer St"},"geometry":{"type":"Point","coordinates":[-73.92702206969261,40.863124876661516]}},{"type":"Feature","properties":{"name":"Shore Blvd & Astoria Park","station_id":"a381b37a-a928-4834-87ee-da9922cb3b3d","mode":"CitiBike","region_id":"71","coord_source":"mapbox","mapbox_name":"Citi Bike – Shore Blvd & Astoria Park"},"geometry":{"type":"Point","coordinates":[-73.92314225435257,40.77977979722121]}},{"type":"Feature","properties":{"name":"Shore Pkwy Greenway & Bay Ridge Ave","station_id":"2126579471787670468","mode":"CitiBike","region_id":"71","coord_source":"mapbox","mapbox_name":"Citi Bike – Shore Pkwy Greenway & Bay Ridge Ave"},"geometry":{"type":"Point","coordinates":[-74.0367941558361,40.638973449827176]}},{"type":"Feature","properties":{"name":"Shore Rd & 4 Ave","station_id":"2124426307973079924","mode":"CitiBike","region_id":"71","coord_source":"mapbox","mapbox_name":"Citi Bike – Shore Rd & 4 Ave"},"geometry":{"type":"Point","coordinates":[-74.03514459729195,40.611513149770445]}},{"type":"Feature","properties":{"name":"Shore Rd & 74 St","station_id":"2126224876714496782","mode":"CitiBike","region_id":"71","coord_source":"mapbox","mapbox_name":"Citi Bike – Shore Rd & 74 St"},"geometry":{"type":"Point","coordinates":[-74.03695374727249,40.6341515634077]}},{"type":"Feature","properties":{"name":"Shore Rd & 80 St","station_id":"2126621627432855870","mode":"CitiBike","region_id":"71","coord_source":"mapbox","mapbox_name":"Citi Bike – Shore Rd & 80 St"},"geometry":{"type":"Point","coordinates":[-74.03961315751076,40.630735934635254]}},{"type":"Feature","properties":{"name":"Shore Rd & 86 St","station_id":"2124036994734951288","mode":"CitiBike","region_id":"71","coord_source":"mapbox","mapbox_name":"Citi Bike – Shore Rd & 86 St"},"geometry":{"type":"Point","coordinates":[-74.04078662395477,40.625616235362884]}},{"type":"Feature","properties":{"name":"Shore Rd & 97 St","station_id":"2124037656159914878","mode":"CitiBike","region_id":"71","coord_source":"mapbox","mapbox_name":"Citi Bike – Shore Rd & 97 St"},"geometry":{"type":"Point","coordinates":[-74.03780668973923,40.615318649778175]}},{"type":"Feature","properties":{"name":"Shore Rd & Narrows Ave","station_id":"2124037384760320326","mode":"CitiBike","region_id":"71","coord_source":"mapbox","mapbox_name":"Citi Bike – Shore Rd & Narrows Ave"},"geometry":{"type":"Point","coordinates":[-74.04017508029938,40.62268978961876]}},{"type":"Feature","properties":{"name":"Shore Rd & Oliver St","station_id":"2126579619522812246","mode":"CitiBike","region_id":"71","coord_source":"mapbox","mapbox_name":"Citi Bike – Shore Rd & Oliver St"},"geometry":{"type":"Point","coordinates":[-74.04018580913544,40.61918297532418]}},{"type":"Feature","properties":{"name":"Sigourney St & Columbia St","station_id":"66de18d7-0aca-11e7-82f6-3863bb44ef7c","mode":"CitiBike","region_id":"71","coord_source":"mapbox","mapbox_name":"Citi Bike – Sigourney St & Columbia St"},"geometry":{"type":"Point","coordinates":[-74.00899440050125,40.672720971427054]}},{"type":"Feature","properties":{"name":"Skillman Ave & 43 Ave","station_id":"1e590819-53fd-415c-bc28-aed605ad3bcb","mode":"CitiBike","region_id":"71","coord_source":"mapbox","mapbox_name":"Citi Bike – Skillman Ave & 43 Ave"},"geometry":{"type":"Point","coordinates":[-73.93217459321022,40.746550828126516]}},{"type":"Feature","properties":{"name":"Skillman Ave & 54 St","station_id":"b9c209b2-6284-4f5a-a32a-680ef9da1c1f","mode":"CitiBike","region_id":"71","coord_source":"mapbox","mapbox_name":"Citi Bike – Skillman Ave & 54 St"},"geometry":{"type":"Point","coordinates":[-73.90987604856491,40.745493136115584]}},{"type":"Feature","properties":{"name":"Skillman Ave & Honeywell St","station_id":"034f7f3d-e632-475a-aa01-894480d153df","mode":"CitiBike","region_id":"71","coord_source":"mapbox","mapbox_name":"Citi Bike – Skillman Ave & Honeywell St"},"geometry":{"type":"Point","coordinates":[-73.92917856574059,40.74716958539449]}},{"type":"Feature","properties":{"name":"Smith St & 3 St","station_id":"66de4078-0aca-11e7-82f6-3863bb44ef7c","mode":"CitiBike","region_id":"71","coord_source":"mapbox","mapbox_name":"Citi Bike – Smith St & 3 St"},"geometry":{"type":"Point","coordinates":[-73.99605140089989,40.67853273397361]}},{"type":"Feature","properties":{"name":"Smith St & 9 St","station_id":"66de4bbb-0aca-11e7-82f6-3863bb44ef7c","mode":"CitiBike","region_id":"71","coord_source":"mapbox","mapbox_name":"Citi Bike – Smith St & 9 St"},"geometry":{"type":"Point","coordinates":[-73.99789273738861,40.67463217571097]}},{"type":"Feature","properties":{"name":"Snyder Ave & Schenectady Ave","station_id":"1845676917264180046","mode":"CitiBike","region_id":"71","coord_source":"mapbox","mapbox_name":"Citi Bike – Snyder Ave & Schenectady Ave"},"geometry":{"type":"Point","coordinates":[-73.93297657370567,40.65000100992711]}},{"type":"Feature","properties":{"name":"Soissons Landing","station_id":"2088792249063596144","mode":"CitiBike","region_id":"71","coord_source":"mapbox","mapbox_name":"Citi Bike – Soissons Landing"},"geometry":{"type":"Point","coordinates":[-74.01596680283546,40.69257692147164]}},{"type":"Feature","properties":{"name":"Somers St & Broadway","station_id":"7dcc5a03-5997-4250-9207-fa8b6f027c86","mode":"CitiBike","region_id":"71","coord_source":"mapbox","mapbox_name":"Citi Bike – Somers St & Broadway"},"geometry":{"type":"Point","coordinates":[-73.90473157167435,40.679456222568774]}},{"type":"Feature","properties":{"name":"Somers St & Rockaway Ave","station_id":"4a4c7548-2466-48ef-8d7e-0aa4d6acb69e","mode":"CitiBike","region_id":"71","coord_source":"mapbox","mapbox_name":"Citi Bike – Somers St & Rockaway Ave"},"geometry":{"type":"Point","coordinates":[-73.91105085611343,40.67872801016165]}},{"type":"Feature","properties":{"name":"South End Ave & Albany St","station_id":"1794096824496960148","mode":"CitiBike","region_id":"71","coord_source":"mapbox","mapbox_name":"Citi Bike – South End Ave & Albany St"},"geometry":{"type":"Point","coordinates":[-74.01654615998268,40.70998719702584]}},{"type":"Feature","properties":{"name":"South Railroad Ave & Broadway","station_id":"1843486597735840252","mode":"CitiBike","region_id":"71","coord_source":"mapbox","mapbox_name":"Citi Bike – South Railroad Ave & Broadway"},"geometry":{"type":"Point","coordinates":[-73.88022556900978,40.74102341421076]}},{"type":"Feature","properties":{"name":"South St & Broad St","station_id":"c00ef46d-fcde-48e2-afbd-0fb595fe3fa7","mode":"CitiBike","region_id":"71","coord_source":"mapbox","mapbox_name":"Citi Bike – South St & Broad St"},"geometry":{"type":"Point","coordinates":[-74.01086121797562,40.701907906593306]}},{"type":"Feature","properties":{"name":"South St & Gouverneur Ln","station_id":"66db75cc-0aca-11e7-82f6-3863bb44ef7c","mode":"CitiBike","region_id":"71","coord_source":"mapbox","mapbox_name":"Citi Bike – South St & Gouverneur Ln"},"geometry":{"type":"Point","coordinates":[-74.00668770074844,40.70354377008488]}},{"type":"Feature","properties":{"name":"South St & Pike St","station_id":"d55dd622-0ced-4e4d-9ea5-2ef2cb6481a9","mode":"CitiBike","region_id":"71","coord_source":"mapbox","mapbox_name":"Citi Bike – South St & Pike St"},"geometry":{"type":"Point","coordinates":[-73.9916244149208,40.709961782397926]}},{"type":"Feature","properties":{"name":"South St & Whitehall St","station_id":"66db4417-0aca-11e7-82f6-3863bb44ef7c","mode":"CitiBike","region_id":"71","coord_source":"mapbox","mapbox_name":"Citi Bike – South St & Whitehall St"},"geometry":{"type":"Point","coordinates":[-74.01243433356285,40.70120230732795]}},{"type":"Feature","properties":{"name":"South Waterfront Walkway - Sinatra Dr & 1 St","station_id":"0bb12c94-efdb-40ac-98fe-9521ba373b57","mode":"CitiBike","region_id":"311","coord_source":"mapbox","mapbox_name":"Citi Bike – South Waterfront Walkway – Sinatra Dr & 1 St"},"geometry":{"type":"Point","coordinates":[-74.02778327465057,40.736976121150775]}},{"type":"Feature","properties":{"name":"Southern Blvd & Ave St John","station_id":"971cddfa-695e-4b44-ba8b-26154ab4a83b","mode":"CitiBike","region_id":"71","coord_source":"mapbox","mapbox_name":"Citi Bike – Southern Blvd & Ave St John"},"geometry":{"type":"Point","coordinates":[-73.90159338712692,40.81276377413761]}},{"type":"Feature","properties":{"name":"Southern Blvd & E 142 St","station_id":"4d674595-187c-417c-a691-676c4446c9fc","mode":"CitiBike","region_id":"71","coord_source":"mapbox","mapbox_name":"Citi Bike – Southern Blvd & E 142 St"},"geometry":{"type":"Point","coordinates":[-73.90804946422577,40.80738296547091]}},{"type":"Feature","properties":{"name":"Southern Blvd & E 149 St","station_id":"7938263e-e5b8-4ca7-b8bf-1adbaae5fead","mode":"CitiBike","region_id":"71","coord_source":"mapbox","mapbox_name":"Citi Bike – Southern Blvd & E 149 St"},"geometry":{"type":"Point","coordinates":[-73.90423268079758,40.81189796134032]}},{"type":"Feature","properties":{"name":"Southern Blvd & E 172 St","station_id":"94624d6e-4150-4ab1-92ff-bf55cb58ab61","mode":"CitiBike","region_id":"71","coord_source":"mapbox","mapbox_name":"Citi Bike – Southern Blvd & E 172 St"},"geometry":{"type":"Point","coordinates":[-73.88955429196358,40.83412435416378]}},{"type":"Feature","properties":{"name":"Southern Blvd & E 174 St","station_id":"82c85f05-4722-48ae-9f64-0522012eb3c8","mode":"CitiBike","region_id":"71","coord_source":"mapbox","mapbox_name":"Citi Bike – Southern Blvd & E 174 St"},"geometry":{"type":"Point","coordinates":[-73.88794228434563,40.836742195941696]}},{"type":"Feature","properties":{"name":"Southern Blvd & E 175 St","station_id":"b9970fb5-176c-4a66-8772-6d76c4b6245a","mode":"CitiBike","region_id":"71","coord_source":"mapbox","mapbox_name":"Citi Bike – Southern Blvd & E 175 St"},"geometry":{"type":"Point","coordinates":[-73.88660788536072,40.83940051862376]}},{"type":"Feature","properties":{"name":"Southern Blvd & E 180 St","station_id":"1860188747953293684","mode":"CitiBike","region_id":"71","coord_source":"mapbox","mapbox_name":"Citi Bike – Southern Blvd & E 180 St"},"geometry":{"type":"Point","coordinates":[-73.88428911566734,40.84606513451797]}},{"type":"Feature","properties":{"name":"Southern Blvd & E 187 St","station_id":"1869753340438110380","mode":"CitiBike","region_id":"71","coord_source":"mapbox","mapbox_name":"Citi Bike – Southern Blvd & E 187 St"},"geometry":{"type":"Point","coordinates":[-73.88174906373024,40.853506108063385]}},{"type":"Feature","properties":{"name":"Southern Blvd & Tiffany St","station_id":"8a89684b-40a5-49fe-b75d-fdf32ffa8102","mode":"CitiBike","region_id":"71","coord_source":"mapbox","mapbox_name":"Citi Bike – Southern Blvd & Tiffany St"},"geometry":{"type":"Point","coordinates":[-73.89413148164749,40.81817560933891]}},{"type":"Feature","properties":{"name":"Southern Blvd & Xavier Way","station_id":"1875433315773395778","mode":"CitiBike","region_id":"71","coord_source":"mapbox","mapbox_name":"Citi Bike – Southern Blvd & Xavier Way"},"geometry":{"type":"Point","coordinates":[-73.88101145625114,40.86150308159702]}},{"type":"Feature","properties":{"name":"Southpoint Park","station_id":"ad17bd9a-735b-4a11-8ad3-dc7800e342af","mode":"CitiBike","region_id":"71","coord_source":"mapbox","mapbox_name":"Citi Bike – Southpoint Park"},"geometry":{"type":"Point","coordinates":[-73.95866811275482,40.753704286025595]}},{"type":"Feature","properties":{"name":"Southwest Park - Jackson St & Observer Hwy","station_id":"5f798c51-5d8b-4add-9f81-341f54a82ffa","mode":"CitiBike","region_id":"311","coord_source":"mapbox","mapbox_name":"Citi Bike – Southwest Park – Jackson St & Observer Hwy"},"geometry":{"type":"Point","coordinates":[-74.04165834188461,40.737554320949954]}},{"type":"Feature","properties":{"name":"Spring St & Hudson St","station_id":"33c533cd-5f0e-4c15-a00a-6a2bf1e2d077","mode":"CitiBike","region_id":"71","coord_source":"mapbox","mapbox_name":"Citi Bike – Spring St & Hudson St"},"geometry":{"type":"Point","coordinates":[-74.0076693892479,40.725736300870835]}},{"type":"Feature","properties":{"name":"Spruce St & Nassau St","station_id":"66db3898-0aca-11e7-82f6-3863bb44ef7c","mode":"CitiBike","region_id":"71","coord_source":"mapbox","mapbox_name":"Citi Bike – Spruce St & Nassau St"},"geometry":{"type":"Point","coordinates":[-74.00561213493347,40.71151917287844]}},{"type":"Feature","properties":{"name":"St Ann's Ave & Bruckner Blvd","station_id":"cb9840a3-4ae2-420d-865c-9ac45e2f5485","mode":"CitiBike","region_id":"71","coord_source":"mapbox","mapbox_name":"Citi Bike – St Ann’s Ave & Bruckner Blvd"},"geometry":{"type":"Point","coordinates":[-73.91983911395073,40.80341178893437]}},{"type":"Feature","properties":{"name":"St Ann's Ave & E 144 St","station_id":"f47e1ce9-ff3f-49e9-9a2f-aa5be45d70da","mode":"CitiBike","region_id":"71","coord_source":"mapbox","mapbox_name":"Citi Bike – St Ann’s Ave & E 144 St"},"geometry":{"type":"Point","coordinates":[-73.91492530703545,40.81110623517682]}},{"type":"Feature","properties":{"name":"St Ann's Ave & Westchester Ave","station_id":"40914c6b-293d-49ac-b83a-d9d4af998aea","mode":"CitiBike","region_id":"71","coord_source":"mapbox","mapbox_name":"Citi Bike – St Ann’s Ave & Westchester Ave"},"geometry":{"type":"Point","coordinates":[-73.91193732619286,40.81590313891084]}},{"type":"Feature","properties":{"name":"St Felix Ave & 61 St","station_id":"016ee47a-4871-4209-91cb-bf3ceeddc991","mode":"CitiBike","region_id":"71","coord_source":"mapbox","mapbox_name":"Citi Bike – St Felix Ave & 61 St"},"geometry":{"type":"Point","coordinates":[-73.89354676008224,40.697164793726216]}},{"type":"Feature","properties":{"name":"St James Ave & 51 Ave","station_id":"1849009244468810224","mode":"CitiBike","region_id":"71","coord_source":"mapbox","mapbox_name":"Citi Bike – St James Ave & 51 Ave"},"geometry":{"type":"Point","coordinates":[-73.88103023171425,40.73814470958399]}},{"type":"Feature","properties":{"name":"St James Pl & Oliver St","station_id":"66db7152-0aca-11e7-82f6-3863bb44ef7c","mode":"CitiBike","region_id":"71","coord_source":"mapbox","mapbox_name":"Citi Bike – St James Pl & Oliver St"},"geometry":{"type":"Point","coordinates":[-73.99848282337189,40.71312328765376]}},{"type":"Feature","properties":{"name":"St James Pl & Pearl St","station_id":"66db277a-0aca-11e7-82f6-3863bb44ef7c","mode":"CitiBike","region_id":"71","coord_source":"mapbox","mapbox_name":"Citi Bike – St James Pl & Pearl St"},"geometry":{"type":"Point","coordinates":[-74.00024637579918,40.71111864643001]}},{"type":"Feature","properties":{"name":"St Johns Pl & Howard Ave","station_id":"9206af28-03bf-43e3-a8b0-354792921466","mode":"CitiBike","region_id":"71","coord_source":"mapbox","mapbox_name":"Citi Bike – St Johns Pl & Howard Ave"},"geometry":{"type":"Point","coordinates":[-73.92002820968628,40.669932895030854]}},{"type":"Feature","properties":{"name":"St Johns Pl & Kingston Ave","station_id":"74f913d2-6eac-49ce-bd6d-53a06fa855a6","mode":"CitiBike","region_id":"71","coord_source":"mapbox","mapbox_name":"Citi Bike – St Johns Pl & Kingston Ave"},"geometry":{"type":"Point","coordinates":[-73.94228920340538,40.67114131312377]}},{"type":"Feature","properties":{"name":"St Johns Pl & Utica Ave","station_id":"bb6bba3f-19a0-4ebb-a454-4ac678d9d62d","mode":"CitiBike","region_id":"71","coord_source":"mapbox","mapbox_name":"Citi Bike – St Johns Pl & Utica Ave"},"geometry":{"type":"Point","coordinates":[-73.93057867884636,40.67048929901105]}},{"type":"Feature","properties":{"name":"St Johns Pl & Washington Ave","station_id":"add829db-2feb-4e81-af61-056791a6e53b","mode":"CitiBike","region_id":"71","coord_source":"mapbox","mapbox_name":"Citi Bike – St Johns Pl & Washington Ave"},"geometry":{"type":"Point","coordinates":[-73.9632211625576,40.67373710016332]}},{"type":"Feature","properties":{"name":"St Marks Ave & Ralph Ave","station_id":"03872f6b-a522-4c41-a4f2-5d0c41779e7b","mode":"CitiBike","region_id":"71","coord_source":"mapbox","mapbox_name":"Citi Bike – St Marks Ave & Ralph Ave"},"geometry":{"type":"Point","coordinates":[-73.92190173268318,40.67372896305778]}},{"type":"Feature","properties":{"name":"St Marks Ave & Rochester Ave","station_id":"814dd1a9-100c-4b1b-8110-6319bbd464e9","mode":"CitiBike","region_id":"71","coord_source":"mapbox","mapbox_name":"Citi Bike – St Marks Ave & Rochester Ave"},"geometry":{"type":"Point","coordinates":[-73.92770603299141,40.67403715523693]}},{"type":"Feature","properties":{"name":"St Marks Ave & Thomas S. Boyland St","station_id":"0dd71c6d-11ee-4ad4-ba99-36b9ad36112c","mode":"CitiBike","region_id":"71","coord_source":"mapbox","mapbox_name":"Citi Bike – St Marks Ave & Thomas S. Boyland St"},"geometry":{"type":"Point","coordinates":[-73.9138725399971,40.67314207170125]}},{"type":"Feature","properties":{"name":"St Marks Pl & 1 Ave","station_id":"66dc1702-0aca-11e7-82f6-3863bb44ef7c","mode":"CitiBike","region_id":"71","coord_source":"mapbox","mapbox_name":"Citi Bike – St Marks Pl & 1 Ave"},"geometry":{"type":"Point","coordinates":[-73.98605480790138,40.72801287349466]}},{"type":"Feature","properties":{"name":"St Marks Pl & 2 Ave","station_id":"66db3ba0-0aca-11e7-82f6-3863bb44ef7c","mode":"CitiBike","region_id":"71","coord_source":"mapbox","mapbox_name":"Citi Bike – St Marks Pl & 2 Ave"},"geometry":{"type":"Point","coordinates":[-73.9871397614479,40.728418379821704]}},{"type":"Feature","properties":{"name":"St Marks Pl & 4 Ave","station_id":"1932126716328112534","mode":"CitiBike","region_id":"71","coord_source":"mapbox","mapbox_name":"Citi Bike – St Marks Pl & 4 Ave"},"geometry":{"type":"Point","coordinates":[-73.98040741682053,40.68195913779246]}},{"type":"Feature","properties":{"name":"St Mary's St & Jackson Ave","station_id":"c8197f4b-02b0-4cc3-96af-df5fec27a279","mode":"CitiBike","region_id":"71","coord_source":"mapbox","mapbox_name":"Citi Bike – St Mary’s St & Jackson Ave"},"geometry":{"type":"Point","coordinates":[-73.91082152724266,40.808923864150586]}},{"type":"Feature","properties":{"name":"St Nicholas Ave & Manhattan Ave","station_id":"dccaeeb5-c53a-4f48-80e6-05675b71a8c8","mode":"CitiBike","region_id":"71","coord_source":"mapbox","mapbox_name":"Citi Bike – St Nicholas Ave & Manhattan Ave"},"geometry":{"type":"Point","coordinates":[-73.95316287875175,40.809791745876026]}},{"type":"Feature","properties":{"name":"St Nicholas Ave & W 126 St","station_id":"dd8627c8-4190-4a30-8758-e77a7b010437","mode":"CitiBike","region_id":"71","coord_source":"mapbox","mapbox_name":"Citi Bike – St Nicholas Ave & W 126 St"},"geometry":{"type":"Point","coordinates":[-73.95187139511108,40.81144322746786]}},{"type":"Feature","properties":{"name":"St Nicholas Ave & W 134 St","station_id":"648e09b6-95c2-40d3-9dac-a43f22eccf38","mode":"CitiBike","region_id":"71","coord_source":"mapbox","mapbox_name":"Citi Bike – St Nicholas Ave & W 134 St"},"geometry":{"type":"Point","coordinates":[-73.94821554422379,40.81624518164284]}},{"type":"Feature","properties":{"name":"St Nicholas Ave & W 137 St","station_id":"b371c432-b682-412f-9b85-8df84ce7a9f3","mode":"CitiBike","region_id":"71","coord_source":"mapbox","mapbox_name":"Citi Bike – St Nicholas Ave & W 137 St"},"geometry":{"type":"Point","coordinates":[-73.94757315516472,40.8185267746893]}},{"type":"Feature","properties":{"name":"St Nicholas Ave & W 150 St","station_id":"8f1fdf4b-ecca-4f03-b04c-e10fe596e2c7","mode":"CitiBike","region_id":"71","coord_source":"mapbox","mapbox_name":"Citi Bike – St Nicholas Ave & W 150 St"},"geometry":{"type":"Point","coordinates":[-73.94272640347481,40.8272200617011]}},{"type":"Feature","properties":{"name":"St Nicholas Ave & W 155 St","station_id":"f6c33f22-d650-4935-a928-fb693a828b5f","mode":"CitiBike","region_id":"71","coord_source":"mapbox","mapbox_name":"Citi Bike – St Nicholas Ave & W 155 St"},"geometry":{"type":"Point","coordinates":[-73.94131824374199,40.83067534201905]}},{"type":"Feature","properties":{"name":"St Nicholas Ave & W 157 St","station_id":"058ee86d-ce2a-4597-99f7-f78f082b33e3","mode":"CitiBike","region_id":"71","coord_source":"mapbox","mapbox_name":"Citi Bike – St Nicholas Ave & W 157 St"},"geometry":{"type":"Point","coordinates":[-73.94102454185486,40.83232325958369]}},{"type":"Feature","properties":{"name":"St Nicholas Terrace & Convent Ave","station_id":"2cd651e7-1e3a-4cd9-8fd1-a2416e032f6e","mode":"CitiBike","region_id":"71","coord_source":"mapbox","mapbox_name":"Citi Bike – St Nicholas Terrace & Convent Ave"},"geometry":{"type":"Point","coordinates":[-73.94787356257439,40.821299494766805]}},{"type":"Feature","properties":{"name":"Stagg St & Morgan Ave","station_id":"ab6aadd8-fa45-43aa-abea-c8e01ec5a0c8","mode":"CitiBike","region_id":"71","coord_source":"mapbox","mapbox_name":"Citi Bike – Stagg St & Morgan Ave"},"geometry":{"type":"Point","coordinates":[-73.93384024500847,40.71064085792159]}},{"type":"Feature","properties":{"name":"Stagg St & Union Ave","station_id":"66dcecfa-0aca-11e7-82f6-3863bb44ef7c","mode":"CitiBike","region_id":"71","coord_source":"mapbox","mapbox_name":"Citi Bike – Stagg St & Union Ave"},"geometry":{"type":"Point","coordinates":[-73.95096346735954,40.70876830055013]}},{"type":"Feature","properties":{"name":"Stanhope St & Fairview Ave","station_id":"837b7db3-55c6-4595-a497-834972631752","mode":"CitiBike","region_id":"71","coord_source":"mapbox","mapbox_name":"Citi Bike – Stanhope St & Fairview Ave"},"geometry":{"type":"Point","coordinates":[-73.91114339232445,40.710008545305726]}},{"type":"Feature","properties":{"name":"Stanton St & Chrystie St","station_id":"66db4671-0aca-11e7-82f6-3863bb44ef7c","mode":"CitiBike","region_id":"71","coord_source":"mapbox","mapbox_name":"Citi Bike – Stanton St & Chrystie St"},"geometry":{"type":"Point","coordinates":[-73.99147535,40.72229346]}},{"type":"Feature","properties":{"name":"Stanton St & Mangin St","station_id":"66db9e99-0aca-11e7-82f6-3863bb44ef7c","mode":"CitiBike","region_id":"71","coord_source":"mapbox","mapbox_name":"Citi Bike – Stanton St & Mangin St"},"geometry":{"type":"Point","coordinates":[-73.97628352046013,40.71783680306237]}},{"type":"Feature","properties":{"name":"Stanton St & Norfolk St","station_id":"9394fb49-583f-4426-8d2f-a2b0ffb584d2","mode":"CitiBike","region_id":"71","coord_source":"mapbox","mapbox_name":"Citi Bike – Stanton St & Norfolk St"},"geometry":{"type":"Point","coordinates":[-73.9864169061184,40.7208037984943]}},{"type":"Feature","properties":{"name":"State St & Smith St","station_id":"c2291f8e-3b07-4671-82af-2b947825de4a","mode":"CitiBike","region_id":"71","coord_source":"mapbox","mapbox_name":"Citi Bike – State St & Smith St"},"geometry":{"type":"Point","coordinates":[-73.98860290646553,40.68916530014073]}},{"type":"Feature","properties":{"name":"Steinway St & 19 Ave","station_id":"f34ea09d-32f9-492c-9124-99059bc0b5dd","mode":"CitiBike","region_id":"71","coord_source":"mapbox","mapbox_name":"Citi Bike – Steinway St & 19 Ave"},"geometry":{"type":"Point","coordinates":[-73.89954015612602,40.77811534126121]}},{"type":"Feature","properties":{"name":"Steinway St & 21 Ave","station_id":"dcdaa64b-4d2c-4017-bfb9-da25924f851d","mode":"CitiBike","region_id":"71","coord_source":"mapbox","mapbox_name":"Citi Bike – Steinway St & 21 Ave"},"geometry":{"type":"Point","coordinates":[-73.90378475189209,40.77482489682319]}},{"type":"Feature","properties":{"name":"Steinway St & 23 Ave","station_id":"cc758f1a-8b28-4ff5-bc75-fbe62c453378","mode":"CitiBike","region_id":"71","coord_source":"mapbox","mapbox_name":"Citi Bike – Steinway St & 23 Ave"},"geometry":{"type":"Point","coordinates":[-73.90775039792061,40.771394130290275]}},{"type":"Feature","properties":{"name":"Steinway St & 28 Ave","station_id":"08bf2fe0-219d-48cd-87c5-6163b3a2eafd","mode":"CitiBike","region_id":"71","coord_source":"mapbox","mapbox_name":"Citi Bike – Steinway St & 28 Ave"},"geometry":{"type":"Point","coordinates":[-73.91366332769394,40.765648367570634]}},{"type":"Feature","properties":{"name":"Steinway St & Broadway","station_id":"0f98907a-d4cc-45e0-b174-7d9dfda74106","mode":"CitiBike","region_id":"71","coord_source":"mapbox","mapbox_name":"Citi Bike – Steinway St & Broadway"},"geometry":{"type":"Point","coordinates":[-73.91897812485695,40.75912398345449]}},{"type":"Feature","properties":{"name":"Steinway St & Ditmars Blvd","station_id":"f62526d4-9c6a-4c76-be76-c64b5be669d2","mode":"CitiBike","region_id":"71","coord_source":"mapbox","mapbox_name":"Citi Bike – Steinway St & Ditmars Blvd"},"geometry":{"type":"Point","coordinates":[-73.90611290931702,40.772721567482336]}},{"type":"Feature","properties":{"name":"Stephen St & Seneca Ave","station_id":"24f431ca-c2a5-46be-966b-b8d4c3e4b346","mode":"CitiBike","region_id":"71","coord_source":"mapbox","mapbox_name":"Citi Bike – Stephen St & Seneca Ave"},"geometry":{"type":"Point","coordinates":[-73.90070155262947,40.69880382396991]}},{"type":"Feature","properties":{"name":"Sterling Pl & 5 Ave","station_id":"27c71510-d515-4add-b660-6efd6f225cd1","mode":"CitiBike","region_id":"71","coord_source":"mapbox","mapbox_name":"Citi Bike – Sterling Pl & 5 Ave"},"geometry":{"type":"Point","coordinates":[-73.97825092077255,40.678838869826336]}},{"type":"Feature","properties":{"name":"Sterling Pl & Bedford Ave","station_id":"dd351a72-4241-4275-843d-0fffa8a1f414","mode":"CitiBike","region_id":"71","coord_source":"mapbox","mapbox_name":"Citi Bike – Sterling Pl & Bedford Ave"},"geometry":{"type":"Point","coordinates":[-73.95400911569595,40.672694525427346]}},{"type":"Feature","properties":{"name":"Sterling Pl & Classon Ave","station_id":"1906951766876655628","mode":"CitiBike","region_id":"71","coord_source":"mapbox","mapbox_name":"Citi Bike – Sterling Pl & Classon Ave"},"geometry":{"type":"Point","coordinates":[-73.9601419866085,40.673912047692426]}},{"type":"Feature","properties":{"name":"Sterling Pl & New York Ave","station_id":"c2bb1874-bcb7-47c5-aa7d-05423b9087e8","mode":"CitiBike","region_id":"71","coord_source":"mapbox","mapbox_name":"Citi Bike – Sterling Pl & New York Ave"},"geometry":{"type":"Point","coordinates":[-73.94763752818108,40.672344623520786]}},{"type":"Feature","properties":{"name":"Sterling Pl & Ralph Ave","station_id":"d5d2aebc-158c-43ec-9105-2a779d0245d8","mode":"CitiBike","region_id":"71","coord_source":"mapbox","mapbox_name":"Citi Bike – Sterling Pl & Ralph Ave"},"geometry":{"type":"Point","coordinates":[-73.92222225666046,40.6709592380615]}},{"type":"Feature","properties":{"name":"Sterling Pl & Rochester Ave","station_id":"398ebef6-dcc2-4305-b1d2-47efafdaa85c","mode":"CitiBike","region_id":"71","coord_source":"mapbox","mapbox_name":"Citi Bike – Sterling Pl & Rochester Ave"},"geometry":{"type":"Point","coordinates":[-73.9282438158989,40.6712888037315]}},{"type":"Feature","properties":{"name":"Sterling Pl & Schenectady Ave","station_id":"0e8bfd72-c494-4d3e-85e2-4f98b801fe3b","mode":"CitiBike","region_id":"71","coord_source":"mapbox","mapbox_name":"Citi Bike – Sterling Pl & Schenectady Ave"},"geometry":{"type":"Point","coordinates":[-73.93376782536507,40.67159700718972]}},{"type":"Feature","properties":{"name":"Sterling St & Bedford Ave","station_id":"981f1311-004f-41c3-ba5b-3679f78aeb70","mode":"CitiBike","region_id":"71","coord_source":"mapbox","mapbox_name":"Citi Bike – Sterling St & Bedford Ave"},"geometry":{"type":"Point","coordinates":[-73.95691394805908,40.66270837656842]}},{"type":"Feature","properties":{"name":"Sterling St & Nostrand Ave","station_id":"d5cabb43-6c78-4022-964e-a8b02470509e","mode":"CitiBike","region_id":"71","coord_source":"mapbox","mapbox_name":"Citi Bike – Sterling St & Nostrand Ave"},"geometry":{"type":"Point","coordinates":[-73.95076096057892,40.663186508843665]}},{"type":"Feature","properties":{"name":"Steuben Ave & E 210 St","station_id":"2171903733697659376","mode":"CitiBike","region_id":"71","coord_source":"mapbox","mapbox_name":"Citi Bike – Steuben Ave & E 210 St"},"geometry":{"type":"Point","coordinates":[-73.88081967830658,40.87984054073999]}},{"type":"Feature","properties":{"name":"Stevens - River Ter & 6 St","station_id":"4aecd6f2-8a84-4bed-a528-dc6870877292","mode":"CitiBike","region_id":"311","coord_source":"mapbox","mapbox_name":"Citi Bike – Stevens – River Ter & 6 St"},"geometry":{"type":"Point","coordinates":[-74.02693033218384,40.74318058278871]}},{"type":"Feature","properties":{"name":"Stewart Ave & Johnson Ave","station_id":"cd4b8e12-b2c7-479b-900d-59cf7d8c4276","mode":"CitiBike","region_id":"71","coord_source":"mapbox","mapbox_name":"Citi Bike – Stewart Ave & Johnson Ave"},"geometry":{"type":"Point","coordinates":[-73.92586335539818,40.70870120468342]}},{"type":"Feature","properties":{"name":"Stockholm St & Wilson Ave","station_id":"8c700e85-cfdb-4eef-ba49-53bd69c004ed","mode":"CitiBike","region_id":"71","coord_source":"mapbox","mapbox_name":"Citi Bike – Stockholm St & Wilson Ave"},"geometry":{"type":"Point","coordinates":[-73.92305105924606,40.69931219984662]}},{"type":"Feature","properties":{"name":"Stratford Rd & Beverley Rd","station_id":"1865017865553426604","mode":"CitiBike","region_id":"71","coord_source":"mapbox","mapbox_name":"Citi Bike – Stratford Rd & Beverley Rd"},"geometry":{"type":"Point","coordinates":[-73.96865397691727,40.643773618487046]}},{"type":"Feature","properties":{"name":"Strong St & University Ave","station_id":"1869753812884512816","mode":"CitiBike","region_id":"71","coord_source":"mapbox","mapbox_name":"Citi Bike – Strong St & University Ave"},"geometry":{"type":"Point","coordinates":[-73.89918476343155,40.871190663270966]}},{"type":"Feature","properties":{"name":"Stuyvesant Ave & Gates Ave","station_id":"49f86083-851b-475d-b9ab-64e01b81f725","mode":"CitiBike","region_id":"71","coord_source":"mapbox","mapbox_name":"Citi Bike – Stuyvesant Ave & Gates Ave"},"geometry":{"type":"Point","coordinates":[-73.93306910991669,40.68834567149784]}},{"type":"Feature","properties":{"name":"Stuyvesant Ave & Hart St","station_id":"b9deb521-41b6-4f8a-ac78-0e58e3977f2c","mode":"CitiBike","region_id":"71","coord_source":"mapbox","mapbox_name":"Citi Bike – Stuyvesant Ave & Hart St"},"geometry":{"type":"Point","coordinates":[-73.9343136548996,40.69465329818351]}},{"type":"Feature","properties":{"name":"Suffolk St & Stanton St","station_id":"66dbf442-0aca-11e7-82f6-3863bb44ef7c","mode":"CitiBike","region_id":"71","coord_source":"mapbox","mapbox_name":"Citi Bike – Suffolk St & Stanton St"},"geometry":{"type":"Point","coordinates":[-73.98511469364166,40.72081497911083]}},{"type":"Feature","properties":{"name":"Sullivan St & Washington Sq","station_id":"66db9845-0aca-11e7-82f6-3863bb44ef7c","mode":"CitiBike","region_id":"71","coord_source":"mapbox","mapbox_name":"Citi Bike – Sullivan St & Washington Sq"},"geometry":{"type":"Point","coordinates":[-73.99897634983063,40.73059018493342]}},{"type":"Feature","properties":{"name":"Summerfield St & Cypress Ave","station_id":"533f25a0-514f-456f-9d87-5fdcb4ee42f4","mode":"CitiBike","region_id":"71","coord_source":"mapbox","mapbox_name":"Citi Bike – Summerfield St & Cypress Ave"},"geometry":{"type":"Point","coordinates":[-73.90055805444717,40.69662793138019]}},{"type":"Feature","properties":{"name":"Sumpter St & Fulton St","station_id":"0579ff13-5d5b-4cbd-bc6e-3e9396591aef","mode":"CitiBike","region_id":"71","coord_source":"mapbox","mapbox_name":"Citi Bike – Sumpter St & Fulton St"},"geometry":{"type":"Point","coordinates":[-73.92594382166862,40.679227385728154]}},{"type":"Feature","properties":{"name":"Sunken Meadow Comfort Station","station_id":"b4a320d6-2611-4940-96ca-17fb297ec826","mode":"CitiBike","region_id":"71","coord_source":"mapbox","mapbox_name":"Citi Bike – Sunken Meadow Comfort Station"},"geometry":{"type":"Point","coordinates":[-73.91907468438148,40.79558141883743]}},{"type":"Feature","properties":{"name":"Sutter Ave & Grafton St","station_id":"2235289607473550312","mode":"CitiBike","region_id":"71","coord_source":"gbfs"},"geometry":{"type":"Point","coordinates":[-73.91867,40.66596]}},{"type":"Feature","properties":{"name":"Sutter Ave & Junius St","station_id":"2235293003933908382","mode":"CitiBike","region_id":"71","coord_source":"gbfs"},"geometry":{"type":"Point","coordinates":[-73.9024,40.66826]}},{"type":"Feature","properties":{"name":"Suydam St & Broadway","station_id":"7603028c-8b04-4918-8a25-a087ce57aea4","mode":"CitiBike","region_id":"71","coord_source":"mapbox","mapbox_name":"Citi Bike – Suydam St & Broadway"},"geometry":{"type":"Point","coordinates":[-73.93216654658318,40.695538941628854]}},{"type":"Feature","properties":{"name":"Suydam St & Knickerbocker Ave","station_id":"145bbc0d-8976-45ae-9565-158ba564d3d1","mode":"CitiBike","region_id":"71","coord_source":"mapbox","mapbox_name":"Citi Bike – Suydam St & Knickerbocker Ave"},"geometry":{"type":"Point","coordinates":[-73.92377257347107,40.702011610754425]}},{"type":"Feature","properties":{"name":"Suydam St & St Nicholas Ave","station_id":"498d7e8e-5164-4f26-9ce6-399947d73b1a","mode":"CitiBike","region_id":"71","coord_source":"mapbox","mapbox_name":"Citi Bike – Suydam St & St Nicholas Ave"},"geometry":{"type":"Point","coordinates":[-73.91943946480751,40.70636602308227]}},{"type":"Feature","properties":{"name":"Taylor St & Bedford Ave","station_id":"1871698348432996504","mode":"CitiBike","region_id":"71","coord_source":"mapbox","mapbox_name":"Citi Bike – Taylor St & Bedford Ave"},"geometry":{"type":"Point","coordinates":[-73.96324798464775,40.70577331920725]}},{"type":"Feature","properties":{"name":"Thomas S. Boyland St & Fulton St","station_id":"ffaa8f6a-a4ea-4d3a-a57c-f42f77cd4581","mode":"CitiBike","region_id":"71","coord_source":"mapbox","mapbox_name":"Citi Bike – Thomas S. Boyland St & Fulton St"},"geometry":{"type":"Point","coordinates":[-73.91367137432098,40.67858358720267]}},{"type":"Feature","properties":{"name":"Thomas S. Boyland St & Macon St","station_id":"7779e057-b33e-46a7-8a1e-8c28bcd9a558","mode":"CitiBike","region_id":"71","coord_source":"mapbox","mapbox_name":"Citi Bike – Thomas S. Boyland St & Macon St"},"geometry":{"type":"Point","coordinates":[-73.91492262482643,40.684928748696365]}},{"type":"Feature","properties":{"name":"Thomas S. Boyland St & Marion St","station_id":"5782a158-b596-4936-a451-32ccc131a57d","mode":"CitiBike","region_id":"71","coord_source":"mapbox","mapbox_name":"Citi Bike – Thomas S. Boyland St & Marion St"},"geometry":{"type":"Point","coordinates":[-73.9141072332859,40.68158589308979]}},{"type":"Feature","properties":{"name":"Thomas S. Boyland St & Sutter Ave","station_id":"2235290666736329552","mode":"CitiBike","region_id":"71","coord_source":"gbfs"},"geometry":{"type":"Point","coordinates":[-73.91302,40.66685]}},{"type":"Feature","properties":{"name":"Thompson St & Bleecker St","station_id":"b6a4770e-9077-4a0e-a0fb-b45b1d457559","mode":"CitiBike","region_id":"71","coord_source":"mapbox","mapbox_name":"Citi Bike – Thompson St & Bleecker St"},"geometry":{"type":"Point","coordinates":[-73.99960532784462,40.7284427711009]}},{"type":"Feature","properties":{"name":"Throop Ave & Myrtle Ave","station_id":"66dcc920-0aca-11e7-82f6-3863bb44ef7c","mode":"CitiBike","region_id":"71","coord_source":"mapbox","mapbox_name":"Citi Bike – Throop Ave & Myrtle Ave"},"geometry":{"type":"Point","coordinates":[-73.94372150301933,40.69624460088346]}},{"type":"Feature","properties":{"name":"Tibbett Ave & W 234 St","station_id":"1861682702044957494","mode":"CitiBike","region_id":"71","coord_source":"mapbox","mapbox_name":"Citi Bike – Tibbett Ave & W 234 St"},"geometry":{"type":"Point","coordinates":[-73.90586078166962,40.883249478529905]}},{"type":"Feature","properties":{"name":"Tiebout Ave & E 184 St","station_id":"13b82a41-c25b-428f-a07b-5f5d8340c6f2","mode":"CitiBike","region_id":"71","coord_source":"mapbox","mapbox_name":"Citi Bike – Tiebout Ave & E 184 St"},"geometry":{"type":"Point","coordinates":[-73.89639526605606,40.858517008581316]}},{"type":"Feature","properties":{"name":"Tiebout Ave & E Fordham Rd","station_id":"36025f2c-ee4d-4c1a-832d-733cf37f98ef","mode":"CitiBike","region_id":"71","coord_source":"mapbox","mapbox_name":"Citi Bike – Tiebout Ave & E Fordham Rd"},"geometry":{"type":"Point","coordinates":[-73.8948355615139,40.86192197305675]}},{"type":"Feature","properties":{"name":"Tilden Ave & Lott St","station_id":"1820420129807491554","mode":"CitiBike","region_id":"71","coord_source":"mapbox","mapbox_name":"Citi Bike – Tilden Ave & Lott St"},"geometry":{"type":"Point","coordinates":[-73.95399034023285,40.64661264841993]}},{"type":"Feature","properties":{"name":"Tilden Ave & Nostrand Ave","station_id":"1815968147129520346","mode":"CitiBike","region_id":"71","coord_source":"mapbox","mapbox_name":"Citi Bike – Tilden Ave & Nostrand Ave"},"geometry":{"type":"Point","coordinates":[-73.94932061433792,40.64684057963615]}},{"type":"Feature","properties":{"name":"Tinton Ave & E 165 St","station_id":"531e6d94-5f4c-4ef0-9c83-47191be9d8f9","mode":"CitiBike","region_id":"71","coord_source":"mapbox","mapbox_name":"Citi Bike – Tinton Ave & E 165 St"},"geometry":{"type":"Point","coordinates":[-73.90245705842972,40.82481901787472]}},{"type":"Feature","properties":{"name":"Tompkins Ave & Hopkins St","station_id":"66dcccfe-0aca-11e7-82f6-3863bb44ef7c","mode":"CitiBike","region_id":"71","coord_source":"mapbox","mapbox_name":"Citi Bike – Tompkins Ave & Hopkins St"},"geometry":{"type":"Point","coordinates":[-73.94708633422852,40.69957655376922]}},{"type":"Feature","properties":{"name":"Townsend Ave & E 175 St","station_id":"1431ec5c-242d-401b-b672-dbf95155999b","mode":"CitiBike","region_id":"71","coord_source":"mapbox","mapbox_name":"Citi Bike – Townsend Ave & E 175 St"},"geometry":{"type":"Point","coordinates":[-73.91134858131409,40.84740731053034]}},{"type":"Feature","properties":{"name":"Troy Ave & Linden Blvd","station_id":"1817432104157364846","mode":"CitiBike","region_id":"71","coord_source":"mapbox","mapbox_name":"Citi Bike – Troy Ave & Linden Blvd"},"geometry":{"type":"Point","coordinates":[-73.93643662333488,40.65330271621511]}},{"type":"Feature","properties":{"name":"Troy Ave & Park Pl","station_id":"c7dbc7b5-240b-494d-8663-dbee4103a20c","mode":"CitiBike","region_id":"71","coord_source":"mapbox","mapbox_name":"Citi Bike – Troy Ave & Park Pl"},"geometry":{"type":"Point","coordinates":[-73.93641516566277,40.67252567764356]}},{"type":"Feature","properties":{"name":"Turner Pl & Coney Island Ave","station_id":"1828965347681089818","mode":"CitiBike","region_id":"71","coord_source":"mapbox","mapbox_name":"Citi Bike – Turner Pl & Coney Island Ave"},"geometry":{"type":"Point","coordinates":[-73.97072866559029,40.64521248244202]}},{"type":"Feature","properties":{"name":"Tyler Ave & Maurice Ave","station_id":"4cd5a87d-7618-4a15-892d-8cf29eec865c","mode":"CitiBike","region_id":"71","coord_source":"mapbox","mapbox_name":"Citi Bike – Tyler Ave & Maurice Ave"},"geometry":{"type":"Point","coordinates":[-73.90129297971725,40.73396513306716]}},{"type":"Feature","properties":{"name":"Underhill Ave & Lincoln Pl","station_id":"c83e1ef5-776e-417e-8ee2-d08ca121f884","mode":"CitiBike","region_id":"71","coord_source":"mapbox","mapbox_name":"Citi Bike – Underhill Ave & Lincoln Pl"},"geometry":{"type":"Point","coordinates":[-73.96721094846725,40.6738835678934]}},{"type":"Feature","properties":{"name":"Underhill Ave & Pacific St","station_id":"284b08f2-3d26-4f52-9463-25e4a07c16f7","mode":"CitiBike","region_id":"71","coord_source":"mapbox","mapbox_name":"Citi Bike – Underhill Ave & Pacific St"},"geometry":{"type":"Point","coordinates":[-73.96469235420227,40.680484453077554]}},{"type":"Feature","properties":{"name":"Union Ave & E 169 St","station_id":"c0e0e578-8ce8-4c9d-be47-b902d8a41050","mode":"CitiBike","region_id":"71","coord_source":"mapbox","mapbox_name":"Citi Bike – Union Ave & E 169 St"},"geometry":{"type":"Point","coordinates":[-73.89879450201988,40.82994776932222]}},{"type":"Feature","properties":{"name":"Union Ave & Jackson St","station_id":"66dcfaf6-0aca-11e7-82f6-3863bb44ef7c","mode":"CitiBike","region_id":"71","coord_source":"mapbox","mapbox_name":"Citi Bike – Union Ave & Jackson St"},"geometry":{"type":"Point","coordinates":[-73.952029,40.7160751]}},{"type":"Feature","properties":{"name":"Union Ave & Wallabout St","station_id":"66dccc99-0aca-11e7-82f6-3863bb44ef7c","mode":"CitiBike","region_id":"71","coord_source":"mapbox","mapbox_name":"Citi Bike – Union Ave & Wallabout St"},"geometry":{"type":"Point","coordinates":[-73.95032241940498,40.70029538778465]}},{"type":"Feature","properties":{"name":"Union St","station_id":"66dd5e69-0aca-11e7-82f6-3863bb44ef7c","mode":"CitiBike","region_id":"70","coord_source":"mapbox","mapbox_name":"Citi Bike – Union St"},"geometry":{"type":"Point","coordinates":[-74.0836389362812,40.71821187761839]}},{"type":"Feature","properties":{"name":"Union St & 4 Ave","station_id":"66de0d91-0aca-11e7-82f6-3863bb44ef7c","mode":"CitiBike","region_id":"71","coord_source":"mapbox","mapbox_name":"Citi Bike – Union St & 4 Ave"},"geometry":{"type":"Point","coordinates":[-73.98258805274963,40.677146460007236]}},{"type":"Feature","properties":{"name":"Union St & Bedford Ave","station_id":"17aeb1e3-fd18-4cf9-9473-17dfa5b0a312","mode":"CitiBike","region_id":"71","coord_source":"mapbox","mapbox_name":"Citi Bike – Union St & Bedford Ave"},"geometry":{"type":"Point","coordinates":[-73.9554038643837,40.669189320489494]}},{"type":"Feature","properties":{"name":"Union St & Bergen Ave","station_id":"2108372903577159978","mode":"CitiBike","region_id":"70","coord_source":"mapbox","mapbox_name":"Citi Bike – Union St & Bergen Ave"},"geometry":{"type":"Point","coordinates":[-74.07885253429413,40.715753017046836]}},{"type":"Feature","properties":{"name":"University Ave & Brandt Pl","station_id":"cd72b9da-b7c6-4785-92b5-0fb2130f0d7b","mode":"CitiBike","region_id":"71","coord_source":"mapbox","mapbox_name":"Citi Bike – University Ave & Brandt Pl"},"geometry":{"type":"Point","coordinates":[-73.9183934032917,40.8483649765694]}},{"type":"Feature","properties":{"name":"University Ave & Macombs Rd","station_id":"6853d09a-cbd8-4378-bc23-02e8bba0b4da","mode":"CitiBike","region_id":"71","coord_source":"mapbox","mapbox_name":"Citi Bike – University Ave & Macombs Rd"},"geometry":{"type":"Point","coordinates":[-73.91611620783806,40.84970812044989]}},{"type":"Feature","properties":{"name":"University Ave & Morton Pl","station_id":"1862759079900600428","mode":"CitiBike","region_id":"71","coord_source":"mapbox","mapbox_name":"Citi Bike – University Ave & Morton Pl"},"geometry":{"type":"Point","coordinates":[-73.9146463572979,40.8511709395338]}},{"type":"Feature","properties":{"name":"University Ave & W 168 St","station_id":"ba7bf20d-b6bc-43dd-bf30-acb940eaeec8","mode":"CitiBike","region_id":"71","coord_source":"mapbox","mapbox_name":"Citi Bike – University Ave & W 168 St"},"geometry":{"type":"Point","coordinates":[-73.92700731754303,40.838716670225324]}},{"type":"Feature","properties":{"name":"University Ave & W Burnside Ave","station_id":"9f702c67-b591-4492-ba90-eb3c7e793dad","mode":"CitiBike","region_id":"71","coord_source":"mapbox","mapbox_name":"Citi Bike – University Ave & W Burnside Ave"},"geometry":{"type":"Point","coordinates":[-73.9107209444046,40.85503984903954]}},{"type":"Feature","properties":{"name":"University Pl & E 14 St","station_id":"b30815c0-99b6-451b-be15-902992cb8abb","mode":"CitiBike","region_id":"71","coord_source":"mapbox","mapbox_name":"Citi Bike – University Place & East 14th Street"},"geometry":{"type":"Point","coordinates":[-73.99197578430176,40.734965084823614]}},{"type":"Feature","properties":{"name":"University Pl & E 8 St","station_id":"66ddb6d9-0aca-11e7-82f6-3863bb44ef7c","mode":"CitiBike","region_id":"71","coord_source":"mapbox","mapbox_name":"Citi Bike – University Pl & E 8 St"},"geometry":{"type":"Point","coordinates":[-73.99483501911163,40.731470269208984]}},{"type":"Feature","properties":{"name":"Utica Ave & E New York Ave","station_id":"2235287757793011418","mode":"CitiBike","region_id":"71","coord_source":"mapbox","mapbox_name":"Citi Bike – E New York Ave & Utica Ave"},"geometry":{"type":"Point","coordinates":[-73.93175348639488,40.66269413427787]}},{"type":"Feature","properties":{"name":"Valentine Ave & E 181 St","station_id":"2e5cde21-f0a2-4396-899e-6df275e99212","mode":"CitiBike","region_id":"71","coord_source":"mapbox","mapbox_name":"Citi Bike – Valentine Ave & E 181 St"},"geometry":{"type":"Point","coordinates":[-73.89934971928596,40.854187775103014]}},{"type":"Feature","properties":{"name":"Valentine Ave & E 183 St","station_id":"191d5d54-de64-4312-99c7-eee141efa4ef","mode":"CitiBike","region_id":"71","coord_source":"mapbox","mapbox_name":"Citi Bike – Valentine Ave & E 183 St"},"geometry":{"type":"Point","coordinates":[-73.89822453260422,40.85696711870571]}},{"type":"Feature","properties":{"name":"Valentine Ave & E 198 St","station_id":"2127386446510160022","mode":"CitiBike","region_id":"71","coord_source":"mapbox","mapbox_name":"Citi Bike – Valentine Ave & E 198 St"},"geometry":{"type":"Point","coordinates":[-73.88992443680763,40.86941897214041]}},{"type":"Feature","properties":{"name":"Van Brunt St & Van Dyke St","station_id":"633fbc4c-7617-47ba-a393-aad7a8d26a3e","mode":"CitiBike","region_id":"71","coord_source":"mapbox","mapbox_name":"Citi Bike – Van Brunt St & Van Dyke St"},"geometry":{"type":"Point","coordinates":[-74.01470348238945,40.675881192868815]}},{"type":"Feature","properties":{"name":"Van Brunt St & Wolcott St","station_id":"66de14af-0aca-11e7-82f6-3863bb44ef7c","mode":"CitiBike","region_id":"71","coord_source":"mapbox","mapbox_name":"Citi Bike – Van Brunt St & Wolcott St"},"geometry":{"type":"Point","coordinates":[-74.01265159249306,40.67743429475749]}},{"type":"Feature","properties":{"name":"Van Buren St & Broadway","station_id":"2a9e2320-083d-4044-aedf-0c15ecfefe61","mode":"CitiBike","region_id":"71","coord_source":"mapbox","mapbox_name":"Citi Bike – Van Buren St & Broadway"},"geometry":{"type":"Point","coordinates":[-73.92616778612137,40.69204002215534]}},{"type":"Feature","properties":{"name":"Van Cleef St & 108 St","station_id":"1856767361963389606","mode":"CitiBike","region_id":"71","coord_source":"mapbox","mapbox_name":"Citi Bike – Van Cleef St & 108 St"},"geometry":{"type":"Point","coordinates":[-73.85356441140175,40.74096956030829]}},{"type":"Feature","properties":{"name":"Van Cortlandt Park S & Dickinson Ave","station_id":"1861681959015615218","mode":"CitiBike","region_id":"71","coord_source":"mapbox","mapbox_name":"Citi Bike – Van Cortlandt Park S & Dickinson Ave"},"geometry":{"type":"Point","coordinates":[-73.88783633708954,40.88436479780603]}},{"type":"Feature","properties":{"name":"Van Cortlandt Park S & Gouverneur Ave","station_id":"1864606193814670106","mode":"CitiBike","region_id":"71","coord_source":"mapbox","mapbox_name":"Citi Bike – Van Cortlandt Park S & Gouverneur Ave"},"geometry":{"type":"Point","coordinates":[-73.89084041118622,40.88493461730886]}},{"type":"Feature","properties":{"name":"Van Dam St & Meeker Ave","station_id":"1808184356986544410","mode":"CitiBike","region_id":"71","coord_source":"mapbox","mapbox_name":"Citi Bike – Van Dam St & Meeker Ave"},"geometry":{"type":"Point","coordinates":[-73.93679067492485,40.72532976184999]}},{"type":"Feature","properties":{"name":"Van Nostrand Ave & Ocean Ave","station_id":"2116635417524034072","mode":"CitiBike","region_id":"70","coord_source":"mapbox","mapbox_name":"Citi Bike – Van Nostrand Ave & Ocean Ave"},"geometry":{"type":"Point","coordinates":[-74.08410161733627,40.69979413659536]}},{"type":"Feature","properties":{"name":"Van Sinderen Ave & Atlantic Ave","station_id":"fdf21800-6106-4739-b7d5-b379b19e5732","mode":"CitiBike","region_id":"71","coord_source":"mapbox","mapbox_name":"Citi Bike – Van Sinderen Ave & Atlantic Ave"},"geometry":{"type":"Point","coordinates":[-73.90350177884102,40.67621887101376]}},{"type":"Feature","properties":{"name":"Van Sinderen Ave & Truxton St","station_id":"ef6216aa-d3c8-46bb-8c6b-b62f8ba51b16","mode":"CitiBike","region_id":"71","coord_source":"mapbox","mapbox_name":"Citi Bike – Van Sinderen Ave & Truxton St"},"geometry":{"type":"Point","coordinates":[-73.90368953347206,40.67860291141952]}},{"type":"Feature","properties":{"name":"Van Vorst Park","station_id":"66dd83fc-0aca-11e7-82f6-3863bb44ef7c","mode":"CitiBike","region_id":"70","coord_source":"mapbox","mapbox_name":"Citi Bike – Van Vorst Park"},"geometry":{"type":"Point","coordinates":[-74.0477254986763,40.71849038689706]}},{"type":"Feature","properties":{"name":"Varick St & Watts St","station_id":"2119506830683992262","mode":"CitiBike","region_id":"71","coord_source":"mapbox","mapbox_name":"Citi Bike – Varick St & Watts St"},"geometry":{"type":"Point","coordinates":[-74.00600776076317,40.723648696634086]}},{"type":"Feature","properties":{"name":"Vernon Blvd & 10 St","station_id":"32c60668-a192-4d06-aa7c-6d6f7aed6b45","mode":"CitiBike","region_id":"71","coord_source":"mapbox","mapbox_name":"Citi Bike – Vernon Blvd & 10 St"},"geometry":{"type":"Point","coordinates":[-73.9374116063118,40.767182109249205]}},{"type":"Feature","properties":{"name":"Vernon Blvd & 31 Ave","station_id":"4d4a3e7b-1005-4bfd-8680-340a20cacbee","mode":"CitiBike","region_id":"71","coord_source":"mapbox","mapbox_name":"Citi Bike – Vernon Blvd & 31 Ave"},"geometry":{"type":"Point","coordinates":[-73.93547371029854,40.76922670453169]}},{"type":"Feature","properties":{"name":"Vernon Blvd & 41 Rd","station_id":"0687075b-cf2d-4130-a859-fe841aafbd3f","mode":"CitiBike","region_id":"71","coord_source":"mapbox","mapbox_name":"Citi Bike – Vernon Blvd & 41 Rd"},"geometry":{"type":"Point","coordinates":[-73.94858568906784,40.75522204902131]}},{"type":"Feature","properties":{"name":"Vernon Blvd & 47 Rd","station_id":"4753c1ba-a86e-431e-94fb-06403cdee4d7","mode":"CitiBike","region_id":"71","coord_source":"mapbox","mapbox_name":"Citi Bike – Vernon Blvd & 47 Rd"},"geometry":{"type":"Point","coordinates":[-73.95345389842987,40.74492110163101]}},{"type":"Feature","properties":{"name":"Vernon Blvd & 50 Ave","station_id":"66dd2292-0aca-11e7-82f6-3863bb44ef7c","mode":"CitiBike","region_id":"71","coord_source":"mapbox","mapbox_name":"Citi Bike – Vernon Blvd & 50 Ave"},"geometry":{"type":"Point","coordinates":[-73.95413920283318,40.74233215224615]}},{"type":"Feature","properties":{"name":"Verona Pl & Fulton St","station_id":"1859088223746072684","mode":"CitiBike","region_id":"71","coord_source":"mapbox","mapbox_name":"Citi Bike – Verona Pl & Fulton St"},"geometry":{"type":"Point","coordinates":[-73.94767105579376,40.68035427244598]}},{"type":"Feature","properties":{"name":"Verveelen Pl & Broadway","station_id":"2007842506069575758","mode":"CitiBike","region_id":"71","coord_source":"mapbox","mapbox_name":"Citi Bike – Verveelen Pl & Broadway"},"geometry":{"type":"Point","coordinates":[-73.90503734350204,40.87828303779773]}},{"type":"Feature","properties":{"name":"Vesey Pl & River Terrace","station_id":"66db8d89-0aca-11e7-82f6-3863bb44ef7c","mode":"CitiBike","region_id":"71","coord_source":"mapbox","mapbox_name":"Citi Bike – Vesey Pl & River Terrace"},"geometry":{"type":"Point","coordinates":[-74.01654079556465,40.71533930152657]}},{"type":"Feature","properties":{"name":"Vyse Ave & Boston Rd","station_id":"2178532501993068690","mode":"CitiBike","region_id":"71","coord_source":"mapbox","mapbox_name":"Citi Bike – Vyse Ave & Boston Rd"},"geometry":{"type":"Point","coordinates":[-73.88371512293816,40.839589235188924]}},{"type":"Feature","properties":{"name":"Vyse Ave & E 181 St","station_id":"1860188607062574024","mode":"CitiBike","region_id":"71","coord_source":"mapbox","mapbox_name":"Citi Bike – Vyse Ave & E 181 St"},"geometry":{"type":"Point","coordinates":[-73.87987688183784,40.84463771115341]}},{"type":"Feature","properties":{"name":"W 10 St & Washington St","station_id":"a19d37cc-6070-4e4c-b4ad-3ee21e4a11cb","mode":"CitiBike","region_id":"71","coord_source":"mapbox","mapbox_name":"Citi Bike – W 10 St & Washington St"},"geometry":{"type":"Point","coordinates":[-74.00851160287857,40.73332999330353]}},{"type":"Feature","properties":{"name":"W 100 St & Broadway","station_id":"66de17f7-0aca-11e7-82f6-3863bb44ef7c","mode":"CitiBike","region_id":"71","coord_source":"mapbox","mapbox_name":"Citi Bike – W 100 St & Broadway"},"geometry":{"type":"Point","coordinates":[-73.97023379802704,40.797318535155995]}},{"type":"Feature","properties":{"name":"W 100 St & Manhattan Ave","station_id":"66de099d-0aca-11e7-82f6-3863bb44ef7c","mode":"CitiBike","region_id":"71","coord_source":"mapbox","mapbox_name":"Citi Bike – W 100 St & Manhattan Ave"},"geometry":{"type":"Point","coordinates":[-73.96441608667374,40.79492351604412]}},{"type":"Feature","properties":{"name":"W 104 St & Amsterdam Ave","station_id":"ab5585c8-c2cf-4bab-96cf-d02eced4f6e3","mode":"CitiBike","region_id":"71","coord_source":"mapbox","mapbox_name":"Citi Bike – W 104 St & Amsterdam Ave"},"geometry":{"type":"Point","coordinates":[-73.96647334098816,40.79902514929472]}},{"type":"Feature","properties":{"name":"W 106 St & Amsterdam Ave","station_id":"66de1af4-0aca-11e7-82f6-3863bb44ef7c","mode":"CitiBike","region_id":"71","coord_source":"mapbox","mapbox_name":"Citi Bike – W 106 St & Amsterdam Ave"},"geometry":{"type":"Point","coordinates":[-73.96615147590637,40.80071141558909]}},{"type":"Feature","properties":{"name":"W 106 St & Central Park W","station_id":"66de077f-0aca-11e7-82f6-3863bb44ef7c","mode":"CitiBike","region_id":"71","coord_source":"mapbox","mapbox_name":"Citi Bike – W 106 St & Central Park W"},"geometry":{"type":"Point","coordinates":[-73.96057516336441,40.798200781970564]}},{"type":"Feature","properties":{"name":"W 107 St & Columbus Ave","station_id":"66de12ff-0aca-11e7-82f6-3863bb44ef7c","mode":"CitiBike","region_id":"71","coord_source":"mapbox","mapbox_name":"Citi Bike – W 107 St & Columbus Ave"},"geometry":{"type":"Point","coordinates":[-73.96218180656433,40.799811943534706]}},{"type":"Feature","properties":{"name":"W 11 St & 6 Ave","station_id":"66db4282-0aca-11e7-82f6-3863bb44ef7c","mode":"CitiBike","region_id":"71","coord_source":"mapbox","mapbox_name":"Citi Bike – W 11 St & 6 Ave"},"geometry":{"type":"Point","coordinates":[-73.99800404906273,40.7353238036913]}},{"type":"Feature","properties":{"name":"W 110 St & Amsterdam Ave","station_id":"4d79bdb9-7c35-4d35-9f6e-3c1b849c453a","mode":"CitiBike","region_id":"71","coord_source":"mapbox","mapbox_name":"Citi Bike – W 110 St & Amsterdam Ave"},"geometry":{"type":"Point","coordinates":[-73.96282017230988,40.80263721939613]}},{"type":"Feature","properties":{"name":"W 111 St & 5 Ave","station_id":"0f51cb84-e386-44ac-947f-a969f7617d17","mode":"CitiBike","region_id":"71","coord_source":"mapbox","mapbox_name":"Citi Bike – W 111 St & 5 Ave"},"geometry":{"type":"Point","coordinates":[-73.94897595047951,40.79751346296419]}},{"type":"Feature","properties":{"name":"W 113 St & Broadway","station_id":"5b4a90b8-426d-4a40-a7ca-87e51d690883","mode":"CitiBike","region_id":"71","coord_source":"mapbox","mapbox_name":"Citi Bike – W 113 St & Broadway"},"geometry":{"type":"Point","coordinates":[-73.96483853459358,40.80593542199645]}},{"type":"Feature","properties":{"name":"W 116 St & Amsterdam Ave","station_id":"7efcb97f-6c8f-4445-86a9-3f758a822f17","mode":"CitiBike","region_id":"71","coord_source":"mapbox","mapbox_name":"Citi Bike – W 116 St & Amsterdam Ave"},"geometry":{"type":"Point","coordinates":[-73.96049872040749,40.80667949982998]}},{"type":"Feature","properties":{"name":"W 116 St & Broadway","station_id":"8e631be4-1e0c-4627-a261-18f0003d0ba2","mode":"CitiBike","region_id":"71","coord_source":"mapbox","mapbox_name":"Citi Bike – W 116 St & Broadway"},"geometry":{"type":"Point","coordinates":[-73.96422162652016,40.80823564109872]}},{"type":"Feature","properties":{"name":"W 12 St & Hudson St","station_id":"29ced315-14b5-4edc-bef2-665316dfe3dd","mode":"CitiBike","region_id":"71","coord_source":"mapbox","mapbox_name":"Citi Bike – W 12 St & Hudson St"},"geometry":{"type":"Point","coordinates":[-74.00562152266502,40.737508593556555]}},{"type":"Feature","properties":{"name":"W 120 St & Claremont Ave","station_id":"bb32aad7-8308-4ff8-b073-d5b518ffdd09","mode":"CitiBike","region_id":"71","coord_source":"mapbox","mapbox_name":"Citi Bike – W 120 St & Claremont Ave"},"geometry":{"type":"Point","coordinates":[-73.96341562271118,40.810953979062305]}},{"type":"Feature","properties":{"name":"W 129 St & Convent Ave","station_id":"f15ccc6e-5a7c-46e7-b505-0bfc9cae3d83","mode":"CitiBike","region_id":"71","coord_source":"mapbox","mapbox_name":"Citi Bike – W 129 St & Convent Ave"},"geometry":{"type":"Point","coordinates":[-73.95323127508163,40.814408076833075]}},{"type":"Feature","properties":{"name":"W 13 St & 5 Ave","station_id":"eafa19ed-88c2-4efc-bd73-3961f85b6063","mode":"CitiBike","region_id":"71","coord_source":"mapbox","mapbox_name":"Citi Bike – W 13 St & 5 Ave"},"geometry":{"type":"Point","coordinates":[-73.99453997612,40.73543965016458]}},{"type":"Feature","properties":{"name":"W 13 St & 7 Ave","station_id":"66db3816-0aca-11e7-82f6-3863bb44ef7c","mode":"CitiBike","region_id":"71","coord_source":"mapbox","mapbox_name":"Citi Bike – W 13 St & 7 Ave"},"geometry":{"type":"Point","coordinates":[-73.99994596838951,40.73781547457202]}},{"type":"Feature","properties":{"name":"W 133 St & 12 Ave","station_id":"22ab59a8-0af4-4101-9350-a7af88e37c2e","mode":"CitiBike","region_id":"71","coord_source":"mapbox","mapbox_name":"Citi Bike – W 133 St & 12 Ave"},"geometry":{"type":"Point","coordinates":[-73.9590972661972,40.820014639624276]}},{"type":"Feature","properties":{"name":"W 135 St & Lenox Terrace Pl","station_id":"ecb2eebe-67c0-43b8-baae-71abb1a0ec6a","mode":"CitiBike","region_id":"71","coord_source":"mapbox","mapbox_name":"Citi Bike – W 135 St & Lenox Terrace Pl"},"geometry":{"type":"Point","coordinates":[-73.93931195139885,40.813621455628066]}},{"type":"Feature","properties":{"name":"W 140 St & Riverside Dr","station_id":"fe6f022b-7fdb-44fe-80bb-cbfc500959bf","mode":"CitiBike","region_id":"71","coord_source":"mapbox","mapbox_name":"Citi Bike – W 140 St & Riverside Dr"},"geometry":{"type":"Point","coordinates":[-73.95474001765251,40.824006134228256]}},{"type":"Feature","properties":{"name":"W 144 St & Adam Clayton Powell Blvd","station_id":"1064b4b0-e9c8-4139-ac48-f118305dbe69","mode":"CitiBike","region_id":"71","coord_source":"mapbox","mapbox_name":"Citi Bike – W 144 St & Adam Clayton Powell Blvd"},"geometry":{"type":"Point","coordinates":[-73.93925294280052,40.82088643583597]}},{"type":"Feature","properties":{"name":"W 145 St & Amsterdam Ave","station_id":"bb0ce308-e5d9-48c7-9f4b-cf0120f2c39a","mode":"CitiBike","region_id":"71","coord_source":"mapbox","mapbox_name":"Citi Bike – W 145 St & Amsterdam Ave"},"geometry":{"type":"Point","coordinates":[-73.94720166921616,40.82523509678492]}},{"type":"Feature","properties":{"name":"W 146 St & Broadway","station_id":"1d8e51b0-8131-4c1f-93fb-f04952c157c0","mode":"CitiBike","region_id":"71","coord_source":"mapbox","mapbox_name":"Citi Bike – W 146 St & Broadway"},"geometry":{"type":"Point","coordinates":[-73.94974306225777,40.82697042214045]}},{"type":"Feature","properties":{"name":"W 147 St & Adam Clayton Powell Blvd","station_id":"298d4e45-c6d2-45f1-a07a-11606026a6e4","mode":"CitiBike","region_id":"71","coord_source":"mapbox","mapbox_name":"Citi Bike – W 147 St & Adam Clayton Powell Blvd"},"geometry":{"type":"Point","coordinates":[-73.93734589219093,40.82274264361379]}},{"type":"Feature","properties":{"name":"W 148 St & Amsterdam Ave","station_id":"3134c2d4-b090-4eb8-ab44-6f9622098f72","mode":"CitiBike","region_id":"71","coord_source":"mapbox","mapbox_name":"Citi Bike – W 148 St & Amsterdam Ave"},"geometry":{"type":"Point","coordinates":[-73.94589275121689,40.827076975726385]}},{"type":"Feature","properties":{"name":"W 15 St & 6 Ave","station_id":"09dfc0e3-a448-477c-bb3c-9467dc51ef8d","mode":"CitiBike","region_id":"71","coord_source":"mapbox","mapbox_name":"Citi Bike – W 15 St & 6 Ave"},"geometry":{"type":"Point","coordinates":[-73.99648055434227,40.73806341713993]}},{"type":"Feature","properties":{"name":"W 155 St & Frederick Douglass Blvd","station_id":"0183d7d4-9e11-4429-94db-666a31239871","mode":"CitiBike","region_id":"71","coord_source":"mapbox","mapbox_name":"Citi Bike – W 155 St & Frederick Douglass Blvd"},"geometry":{"type":"Point","coordinates":[-73.93709242343903,40.829290207213546]}},{"type":"Feature","properties":{"name":"W 159 St & Edgecombe Ave","station_id":"c6c10756-ef41-491a-8e6c-ee0aa27b8cbe","mode":"CitiBike","region_id":"71","coord_source":"mapbox","mapbox_name":"Citi Bike – W 159 St & Edgecombe Ave"},"geometry":{"type":"Point","coordinates":[-73.939338773489,40.83330346698392]}},{"type":"Feature","properties":{"name":"W 16 St & The High Line","station_id":"66db3606-0aca-11e7-82f6-3863bb44ef7c","mode":"CitiBike","region_id":"71","coord_source":"mapbox","mapbox_name":"Citi Bike – W 16 St & The High Line"},"geometry":{"type":"Point","coordinates":[-74.00681778788567,40.743349251523114]}},{"type":"Feature","properties":{"name":"W 160 St & Riverside Dr","station_id":"1927314940904608224","mode":"CitiBike","region_id":"71","coord_source":"mapbox","mapbox_name":"Citi Bike – W 160 St & Riverside Dr"},"geometry":{"type":"Point","coordinates":[-73.94658207893372,40.837177478213846]}},{"type":"Feature","properties":{"name":"W 160 St & St Nicholas Ave","station_id":"b83b2a73-af8e-4b82-b61e-aeaaf075fbe2","mode":"CitiBike","region_id":"71","coord_source":"mapbox","mapbox_name":"Citi Bike – W 160 St & St Nicholas Ave"},"geometry":{"type":"Point","coordinates":[-73.93985241651535,40.834476449752884]}},{"type":"Feature","properties":{"name":"W 163 St & Edgecombe Ave","station_id":"36aaebb9-ef10-41a5-b20b-753bf8a3fed8","mode":"CitiBike","region_id":"71","coord_source":"mapbox","mapbox_name":"Citi Bike – W 163 St & Edgecombe Ave"},"geometry":{"type":"Point","coordinates":[-73.93750414252281,40.83580161120133]}},{"type":"Feature","properties":{"name":"W 163 St & Riverside Dr","station_id":"59af018a-2ee9-489a-b445-bb6fba9c1119","mode":"CitiBike","region_id":"71","coord_source":"mapbox","mapbox_name":"Citi Bike – W 163 St & Riverside Dr"},"geometry":{"type":"Point","coordinates":[-73.94543677568436,40.839299057882755]}},{"type":"Feature","properties":{"name":"W 165 St & Fort Washington Ave","station_id":"95a52ce4-3597-47d1-8d6f-427cb3b8ca6a","mode":"CitiBike","region_id":"71","coord_source":"mapbox","mapbox_name":"Citi Bike – W 165 St & Fort Washington Ave"},"geometry":{"type":"Point","coordinates":[-73.94289404153824,40.84002348416928]}},{"type":"Feature","properties":{"name":"W 168 St & Fort Washington Ave","station_id":"7d455e9a-20b4-4b03-8248-0d982fdfa21b","mode":"CitiBike","region_id":"71","coord_source":"mapbox","mapbox_name":"Citi Bike – W 168 St & Fort Washington Ave"},"geometry":{"type":"Point","coordinates":[-73.94224494695663,40.84206583666173]}},{"type":"Feature","properties":{"name":"W 17 St & 7 Ave","station_id":"2e74ea1d-02a0-47bf-9665-dce2d65de8d7","mode":"CitiBike","region_id":"71","coord_source":"mapbox","mapbox_name":"Citi Bike – W 17 St & 7 Ave"},"geometry":{"type":"Point","coordinates":[-73.99855524301529,40.74054787258365]}},{"type":"Feature","properties":{"name":"W 17 St & 8 Ave","station_id":"66db28b5-0aca-11e7-82f6-3863bb44ef7c","mode":"CitiBike","region_id":"71","coord_source":"mapbox","mapbox_name":"Citi Bike – W 17 St & 8 Ave"},"geometry":{"type":"Point","coordinates":[-74.00149746,40.74177603]}},{"type":"Feature","properties":{"name":"W 170 St & University Ave","station_id":"7380e377-936d-47d7-8abe-0f666d47465e","mode":"CitiBike","region_id":"71","coord_source":"mapbox","mapbox_name":"Citi Bike – W 170 St & University Ave"},"geometry":{"type":"Point","coordinates":[-73.92606317996979,40.842076996885]}},{"type":"Feature","properties":{"name":"W 171 St & St Nicholas Ave","station_id":"d73e26de-8534-4b46-a321-3cae295ef9b2","mode":"CitiBike","region_id":"71","coord_source":"mapbox","mapbox_name":"Citi Bike – W 171 St & St Nicholas Ave"},"geometry":{"type":"Point","coordinates":[-73.93866017460823,40.84296169223995]}},{"type":"Feature","properties":{"name":"W 176 St & Montgomery Ave","station_id":"eb41a103-0196-4f19-a440-256167191a7d","mode":"CitiBike","region_id":"71","coord_source":"mapbox","mapbox_name":"Citi Bike – W 176 St & Montgomery Ave"},"geometry":{"type":"Point","coordinates":[-73.91921415925026,40.84964015234257]}},{"type":"Feature","properties":{"name":"W 18 St & 6 Ave","station_id":"66db33fc-0aca-11e7-82f6-3863bb44ef7c","mode":"CitiBike","region_id":"71","coord_source":"mapbox","mapbox_name":"Citi Bike – W 18 St & 6 Ave"},"geometry":{"type":"Point","coordinates":[-73.99456411600113,40.73971261816283]}},{"type":"Feature","properties":{"name":"W 18 St & 9 Ave","station_id":"73b403cf-86fd-4f93-a484-5cb06a2abeea","mode":"CitiBike","region_id":"71","coord_source":"mapbox","mapbox_name":"Citi Bike – W 18 St & 9 Ave"},"geometry":{"type":"Point","coordinates":[-74.00379627943039,40.74361749489435]}},{"type":"Feature","properties":{"name":"W 180 St & Fort Washington Ave","station_id":"2436e886-dc53-47cb-8733-d663f9dcd922","mode":"CitiBike","region_id":"71","coord_source":"mapbox","mapbox_name":"Citi Bike – W 180 St & Fort Washington Ave"},"geometry":{"type":"Point","coordinates":[-73.93838256597519,40.84999317996153]}},{"type":"Feature","properties":{"name":"W 181 St & Riverside Dr","station_id":"2142879664486885396","mode":"CitiBike","region_id":"71","coord_source":"mapbox","mapbox_name":"Citi Bike – W 181 St & Riverside Dr"},"geometry":{"type":"Point","coordinates":[-73.94183859229088,40.85167815081593]}},{"type":"Feature","properties":{"name":"W 186 St & St Nicholas Ave","station_id":"0df3a035-5a38-4ec2-826a-0a5376e8d8a0","mode":"CitiBike","region_id":"71","coord_source":"mapbox","mapbox_name":"Citi Bike – W 186 St & St Nicholas Ave"},"geometry":{"type":"Point","coordinates":[-73.93131628632545,40.85225535253147]}},{"type":"Feature","properties":{"name":"W 19 St & 11 Ave","station_id":"2241268475567505728","mode":"CitiBike","region_id":"71","coord_source":"mapbox","mapbox_name":"Citi Bike – W 20 St & 11 Ave"},"geometry":{"type":"Point","coordinates":[-74.00769755244255,40.746794674042604]}},{"type":"Feature","properties":{"name":"W 190 St & Broadway","station_id":"8d650b03-920d-4d44-a48f-8d9a1a0ba264","mode":"CitiBike","region_id":"71","coord_source":"mapbox","mapbox_name":"Citi Bike – W 190 St & Broadway"},"geometry":{"type":"Point","coordinates":[-73.93299132585526,40.85652892336964]}},{"type":"Feature","properties":{"name":"W 190 St & St Nicholas Ave","station_id":"c829b6af-002b-4d04-af56-6924d4ad0aa2","mode":"CitiBike","region_id":"71","coord_source":"mapbox","mapbox_name":"Citi Bike – W 190 St & St Nicholas Ave"},"geometry":{"type":"Point","coordinates":[-73.92951518297195,40.85479234297779]}},{"type":"Feature","properties":{"name":"W 192 St & University Ave","station_id":"bdc116cd-4d63-4693-846c-ec5073314007","mode":"CitiBike","region_id":"71","coord_source":"mapbox","mapbox_name":"Citi Bike – W 192 St & University Ave"},"geometry":{"type":"Point","coordinates":[-73.90194341540337,40.86689572629561]}},{"type":"Feature","properties":{"name":"W 20 St & 10 Ave","station_id":"55ccb271-7035-422e-bee1-20e84caa0217","mode":"CitiBike","region_id":"71","coord_source":"mapbox","mapbox_name":"Citi Bike – W 20 St & 10 Ave"},"geometry":{"type":"Point","coordinates":[-74.00514543056488,40.74571056889198]}},{"type":"Feature","properties":{"name":"W 20 St & 5 Ave","station_id":"3d340fc5-8c86-4d5e-974d-ae28958e61e8","mode":"CitiBike","region_id":"71","coord_source":"mapbox","mapbox_name":"Citi Bike – W 20 St & 5 Ave"},"geometry":{"type":"Point","coordinates":[-73.99103298783302,40.73975631178058]}},{"type":"Feature","properties":{"name":"W 20 St & 7 Ave","station_id":"66db95e5-0aca-11e7-82f6-3863bb44ef7c","mode":"CitiBike","region_id":"71","coord_source":"mapbox","mapbox_name":"Citi Bike – W 20 St & 7 Ave"},"geometry":{"type":"Point","coordinates":[-73.99726235,40.74238787]}},{"type":"Feature","properties":{"name":"W 20 St & 8 Ave","station_id":"66dc36c3-0aca-11e7-82f6-3863bb44ef7c","mode":"CitiBike","region_id":"71","coord_source":"mapbox","mapbox_name":"Citi Bike – W 20 St & 8 Ave"},"geometry":{"type":"Point","coordinates":[-74.00003984570503,40.74345289113572]}},{"type":"Feature","properties":{"name":"W 204 St & Nagle Ave","station_id":"0e82ab9f-8c93-4302-b9df-342f8135a05c","mode":"CitiBike","region_id":"71","coord_source":"mapbox","mapbox_name":"Citi Bike – W 204 St & Nagle Ave"},"geometry":{"type":"Point","coordinates":[-73.92081946134567,40.86321920123123]}},{"type":"Feature","properties":{"name":"W 204 St & Vermilyea Ave","station_id":"3c21925c-d68e-497c-b501-982d3eb3e852","mode":"CitiBike","region_id":"71","coord_source":"mapbox","mapbox_name":"Citi Bike – W 204 St & Vermilyea Ave"},"geometry":{"type":"Point","coordinates":[-73.92265543341637,40.86617869315302]}},{"type":"Feature","properties":{"name":"W 21 St & 6 Ave","station_id":"66dc120f-0aca-11e7-82f6-3863bb44ef7c","mode":"CitiBike","region_id":"71","coord_source":"mapbox","mapbox_name":"Citi Bike – W 21 St & 6 Ave"},"geometry":{"type":"Point","coordinates":[-73.99415507912636,40.741739768576906]}},{"type":"Feature","properties":{"name":"W 211 St & 10 Ave","station_id":"f8c242cd-da59-4f0e-afd6-832bbdd7d328","mode":"CitiBike","region_id":"71","coord_source":"mapbox","mapbox_name":"Citi Bike – W 211 St & 10 Ave"},"geometry":{"type":"Point","coordinates":[-73.91729906201363,40.86708537874219]}},{"type":"Feature","properties":{"name":"W 218 St & Broadway","station_id":"3c6c0d12-80dd-4c49-b7c5-e3549588b8cf","mode":"CitiBike","region_id":"71","coord_source":"mapbox","mapbox_name":"Citi Bike – W 218 St & Broadway"},"geometry":{"type":"Point","coordinates":[-73.9143593609333,40.871402613986305]}},{"type":"Feature","properties":{"name":"W 218 St & Indian Rd","station_id":"30d6520e-b612-4240-a9ff-eec12b02b263","mode":"CitiBike","region_id":"71","coord_source":"mapbox","mapbox_name":"Citi Bike – W 218 St & Indian Rd"},"geometry":{"type":"Point","coordinates":[-73.91837865114212,40.873070814830186]}},{"type":"Feature","properties":{"name":"W 22 St & 10 Ave","station_id":"66dc2606-0aca-11e7-82f6-3863bb44ef7c","mode":"CitiBike","region_id":"71","coord_source":"mapbox","mapbox_name":"Citi Bike – W 22 St & 10 Ave"},"geometry":{"type":"Point","coordinates":[-74.00435283780098,40.746875955815966]}},{"type":"Feature","properties":{"name":"W 22 St & 8 Ave","station_id":"66dc209c-0aca-11e7-82f6-3863bb44ef7c","mode":"CitiBike","region_id":"71","coord_source":"mapbox","mapbox_name":"Citi Bike – W 22 St & 8 Ave"},"geometry":{"type":"Point","coordinates":[-73.99915337562561,40.744751420828834]}},{"type":"Feature","properties":{"name":"W 225 St & Exterior St","station_id":"5cb3a92d-f284-477c-bf63-ea72d24e8a7d","mode":"CitiBike","region_id":"71","coord_source":"mapbox","mapbox_name":"Citi Bike – W 225 St & Exterior St"},"geometry":{"type":"Point","coordinates":[-73.90665203332901,40.87323509738144]}},{"type":"Feature","properties":{"name":"W 230 St & Marble Hill Ave","station_id":"1861681435029604706","mode":"CitiBike","region_id":"71","coord_source":"mapbox","mapbox_name":"Citi Bike – W 230 St & Marble Hill Ave"},"geometry":{"type":"Point","coordinates":[-73.90795826911926,40.87807617918139]}},{"type":"Feature","properties":{"name":"W 231 St & Tibbett Ave","station_id":"2176731427905421244","mode":"CitiBike","region_id":"71","coord_source":"mapbox","mapbox_name":"Citi Bike – W 231 St & Tibbett Ave"},"geometry":{"type":"Point","coordinates":[-73.90834718942642,40.880713578118105]}},{"type":"Feature","properties":{"name":"W 233 St & Albany Crescent","station_id":"1861680889400379678","mode":"CitiBike","region_id":"71","coord_source":"mapbox","mapbox_name":"Citi Bike – W 233 St & Albany Crescent"},"geometry":{"type":"Point","coordinates":[-73.9016255736351,40.87979186932779]}},{"type":"Feature","properties":{"name":"W 235 St & Independence Ave","station_id":"2177015593774932282","mode":"CitiBike","region_id":"71","coord_source":"mapbox","mapbox_name":"Citi Bike – W 235 St & Independence Ave"},"geometry":{"type":"Point","coordinates":[-73.91436338424683,40.88640071397623]}},{"type":"Feature","properties":{"name":"W 237 St & Hudson Manor Terrace","station_id":"2177015776583073844","mode":"CitiBike","region_id":"71","coord_source":"mapbox","mapbox_name":"Citi Bike – W 237 St & Hudson Manor Terrace"},"geometry":{"type":"Point","coordinates":[-73.91546174883842,40.888383846996135]}},{"type":"Feature","properties":{"name":"W 238 St & Riverdale Ave","station_id":"2177015450536365760","mode":"CitiBike","region_id":"71","coord_source":"mapbox","mapbox_name":"Citi Bike – W 238 St & Riverdale Ave"},"geometry":{"type":"Point","coordinates":[-73.9078027009964,40.88818513082478]}},{"type":"Feature","properties":{"name":"W 238 St & Tibbett Ave","station_id":"1861682182353914188","mode":"CitiBike","region_id":"71","coord_source":"mapbox","mapbox_name":"Citi Bike – W 238 St & Tibbett Ave"},"geometry":{"type":"Point","coordinates":[-73.90232160687447,40.886025574767615]}},{"type":"Feature","properties":{"name":"W 24 St & 7 Ave","station_id":"66dc1c5c-0aca-11e7-82f6-3863bb44ef7c","mode":"CitiBike","region_id":"71","coord_source":"mapbox","mapbox_name":"Citi Bike – W 24 St & 7 Ave"},"geometry":{"type":"Point","coordinates":[-73.99529885,40.74487634]}},{"type":"Feature","properties":{"name":"W 25 St & 6 Ave","station_id":"66dc2995-0aca-11e7-82f6-3863bb44ef7c","mode":"CitiBike","region_id":"71","coord_source":"mapbox","mapbox_name":"Citi Bike – W 25 St & 6 Ave"},"geometry":{"type":"Point","coordinates":[-73.99144873023033,40.74395381365321]}},{"type":"Feature","properties":{"name":"W 25 St & 9 Ave","station_id":"39f756c2-3904-463e-95a8-8d8e3540e845","mode":"CitiBike","region_id":"71","coord_source":"mapbox","mapbox_name":"Citi Bike – W 25 St & 9 Ave"},"geometry":{"type":"Point","coordinates":[-74.00060579180717,40.747828977197145]}},{"type":"Feature","properties":{"name":"W 26 St & 10 Ave","station_id":"66dbe96d-0aca-11e7-82f6-3863bb44ef7c","mode":"CitiBike","region_id":"71","coord_source":"mapbox","mapbox_name":"Citi Bike – W 26 St & 10 Ave"},"geometry":{"type":"Point","coordinates":[-74.00295004248619,40.749717707360475]}},{"type":"Feature","properties":{"name":"W 26 St & 8 Ave","station_id":"66dc7323-0aca-11e7-82f6-3863bb44ef7c","mode":"CitiBike","region_id":"71","coord_source":"mapbox","mapbox_name":"Citi Bike – 8 Ave & W 27 St"},"geometry":{"type":"Point","coordinates":[-73.99664551019669,40.74798036206565]}},{"type":"Feature","properties":{"name":"W 27 St & 6 Ave","station_id":"1794096976946852066","mode":"CitiBike","region_id":"71","coord_source":"mapbox","mapbox_name":"Citi Bike – W 27 St & 6 Ave"},"geometry":{"type":"Point","coordinates":[-73.99063736200333,40.74523506077611]}},{"type":"Feature","properties":{"name":"W 27 St & 7 Ave","station_id":"1960021358478625244","mode":"CitiBike","region_id":"71","coord_source":"mapbox","mapbox_name":"Citi Bike – W 27 St & 7 Ave"},"geometry":{"type":"Point","coordinates":[-73.99448230862617,40.746855635381934]}},{"type":"Feature","properties":{"name":"W 29 St & 9 Ave","station_id":"66dc7c31-0aca-11e7-82f6-3863bb44ef7c","mode":"CitiBike","region_id":"71","coord_source":"mapbox","mapbox_name":"Citi Bike – W 29 St & 9 Ave"},"geometry":{"type":"Point","coordinates":[-73.99829104542732,40.75005094735158]}},{"type":"Feature","properties":{"name":"W 30 St & 10 Ave","station_id":"e51c8b72-460f-41c2-a5ca-de85d3f46a30","mode":"CitiBike","region_id":"71","coord_source":"mapbox","mapbox_name":"Citi Bike – W 30 St & 10 Ave"},"geometry":{"type":"Point","coordinates":[-74.00244578719139,40.75273204614186]}},{"type":"Feature","properties":{"name":"W 30 St & 8 Ave","station_id":"c5861c24-5ac1-41df-82f1-31748d03e868","mode":"CitiBike","region_id":"71","coord_source":"mapbox","mapbox_name":"Citi Bike – W 30 St & 8 Ave"},"geometry":{"type":"Point","coordinates":[-73.99518236517906,40.74971465942602]}},{"type":"Feature","properties":{"name":"W 31 St & 7 Ave","station_id":"66dbe4db-0aca-11e7-82f6-3863bb44ef7c","mode":"CitiBike","region_id":"71","coord_source":"mapbox","mapbox_name":"Citi Bike – W 31 St & 7 Ave"},"geometry":{"type":"Point","coordinates":[-73.99172231554985,40.749033950564666]}},{"type":"Feature","properties":{"name":"W 33 St & 10 Ave","station_id":"e3470e29-934c-41f1-8fe7-82135ed2d620","mode":"CitiBike","region_id":"71","coord_source":"mapbox","mapbox_name":"Citi Bike – W 33 St & 10 Ave"},"geometry":{"type":"Point","coordinates":[-73.99932235479355,40.75375406595052]}},{"type":"Feature","properties":{"name":"W 34 St & 11 Ave","station_id":"66dc8382-0aca-11e7-82f6-3863bb44ef7c","mode":"CitiBike","region_id":"71","coord_source":"mapbox","mapbox_name":"Citi Bike – W 34 St & 11 Ave"},"geometry":{"type":"Point","coordinates":[-74.002196341753,40.7559799016434]}},{"type":"Feature","properties":{"name":"W 34 St & Hudson Blvd E","station_id":"cb05443c-e68e-48f7-8d17-35353fa19d4d","mode":"CitiBike","region_id":"71","coord_source":"mapbox","mapbox_name":"Citi Bike – W 34 St & Hudson Blvd E"},"geometry":{"type":"Point","coordinates":[-74.00072917342186,40.75517328609027]}},{"type":"Feature","properties":{"name":"W 35 St & 8 Ave","station_id":"96e72113-3681-4d19-88bb-032e76720093","mode":"CitiBike","region_id":"71","coord_source":"mapbox","mapbox_name":"Citi Bike – W 35 St & 8 Ave"},"geometry":{"type":"Point","coordinates":[-73.99280726909637,40.7527432213937]}},{"type":"Feature","properties":{"name":"W 35 St & 9 Ave","station_id":"05c5e17c-7aa9-49b7-9da3-9db4858ec1fc","mode":"CitiBike","region_id":"71","coord_source":"mapbox","mapbox_name":"Citi Bike – W 35 St & 9 Ave"},"geometry":{"type":"Point","coordinates":[-73.9960889518261,40.75412589033331]}},{"type":"Feature","properties":{"name":"W 36 St & 7 Ave","station_id":"d7c56fef-1bf9-4315-85af-8638c534b402","mode":"CitiBike","region_id":"71","coord_source":"mapbox","mapbox_name":"Citi Bike – W 36 St & 7 Ave"},"geometry":{"type":"Point","coordinates":[-73.98952826857567,40.75216108986632]}},{"type":"Feature","properties":{"name":"W 36 St & 9 Ave","station_id":"833bc8bc-3c32-4481-9c14-9a88aa7accec","mode":"CitiBike","region_id":"71","coord_source":"mapbox","mapbox_name":"Citi Bike – W 36 St & 9 Ave"},"geometry":{"type":"Point","coordinates":[-73.9951528608799,40.75464298690605]}},{"type":"Feature","properties":{"name":"W 37 St & 10 Ave","station_id":"66dc1d80-0aca-11e7-82f6-3863bb44ef7c","mode":"CitiBike","region_id":"71","coord_source":"mapbox","mapbox_name":"Citi Bike – W 37 St & 10 Ave"},"geometry":{"type":"Point","coordinates":[-73.99796783924103,40.75662599973762]}},{"type":"Feature","properties":{"name":"W 37 St & 5 Ave","station_id":"66dc4b4c-0aca-11e7-82f6-3863bb44ef7c","mode":"CitiBike","region_id":"71","coord_source":"mapbox","mapbox_name":"Citi Bike – W 37 St & 5 Ave"},"geometry":{"type":"Point","coordinates":[-73.98338988,40.75038009]}},{"type":"Feature","properties":{"name":"W 37 St & Broadway","station_id":"341730d7-a61d-499d-8c07-fa015f644e54","mode":"CitiBike","region_id":"71","coord_source":"mapbox","mapbox_name":"Citi Bike – W 37 St & Broadway"},"geometry":{"type":"Point","coordinates":[-73.98788809776306,40.75238358052823]}},{"type":"Feature","properties":{"name":"W 39 St & 9 Ave","station_id":"66dc4fb5-0aca-11e7-82f6-3863bb44ef7c","mode":"CitiBike","region_id":"71","coord_source":"mapbox","mapbox_name":"Citi Bike – W 39 St & 9 Ave"},"geometry":{"type":"Point","coordinates":[-73.9937674999237,40.75649495204689]}},{"type":"Feature","properties":{"name":"W 4 St & 7 Ave S","station_id":"66dbe571-0aca-11e7-82f6-3863bb44ef7c","mode":"CitiBike","region_id":"71","coord_source":"mapbox","mapbox_name":"Citi Bike – W 4 St & 7 Ave S"},"geometry":{"type":"Point","coordinates":[-74.0029326081276,40.73397834390988]}},{"type":"Feature","properties":{"name":"W 40 St & 7 Ave","station_id":"f72a253f-3cef-4da8-9591-0cbd3a692162","mode":"CitiBike","region_id":"71","coord_source":"mapbox","mapbox_name":"Citi Bike – W 40 St & 7 Ave"},"geometry":{"type":"Point","coordinates":[-73.98816838860512,40.754812642469204]}},{"type":"Feature","properties":{"name":"W 41 St & 8 Ave","station_id":"66dc3f08-0aca-11e7-82f6-3863bb44ef7c","mode":"CitiBike","region_id":"71","coord_source":"mapbox","mapbox_name":"Citi Bike – W 41 St & 8 Ave"},"geometry":{"type":"Point","coordinates":[-73.99002581834793,40.7564055550244]}},{"type":"Feature","properties":{"name":"W 42 St & 6 Ave","station_id":"2c366f4b-8319-41bf-ab8e-2fba3a952feb","mode":"CitiBike","region_id":"71","coord_source":"mapbox","mapbox_name":"Citi Bike – W 42 St & 6 Ave"},"geometry":{"type":"Point","coordinates":[-73.98453399538994,40.754924391406036]}},{"type":"Feature","properties":{"name":"W 42 St & 8 Ave","station_id":"66dc85bb-0aca-11e7-82f6-3863bb44ef7c","mode":"CitiBike","region_id":"71","coord_source":"mapbox","mapbox_name":"Citi Bike – W 42 St & 8 Ave"},"geometry":{"type":"Point","coordinates":[-73.99098470807076,40.75756973865657]}},{"type":"Feature","properties":{"name":"W 42 St & Dyer Ave","station_id":"66dda55f-0aca-11e7-82f6-3863bb44ef7c","mode":"CitiBike","region_id":"71","coord_source":"mapbox","mapbox_name":"Citi Bike – W 42 St & Dyer Ave"},"geometry":{"type":"Point","coordinates":[-73.99380639195442,40.75898887734232]}},{"type":"Feature","properties":{"name":"W 43 St & 10 Ave","station_id":"66dc7de9-0aca-11e7-82f6-3863bb44ef7c","mode":"CitiBike","region_id":"71","coord_source":"mapbox","mapbox_name":"Citi Bike – W 43 St & 10 Ave"},"geometry":{"type":"Point","coordinates":[-73.99461776018143,40.76009409822507]}},{"type":"Feature","properties":{"name":"W 43 St & 6 Ave","station_id":"66dc82ef-0aca-11e7-82f6-3863bb44ef7c","mode":"CitiBike","region_id":"71","coord_source":"mapbox","mapbox_name":"Citi Bike – W 43 St & 6 Ave"},"geometry":{"type":"Point","coordinates":[-73.98316875100136,40.75527284370307]}},{"type":"Feature","properties":{"name":"W 44 St & 11 Ave","station_id":"2c321ea3-e1dd-4d32-be70-bd158fe1f568","mode":"CitiBike","region_id":"71","coord_source":"mapbox","mapbox_name":"Citi Bike – W 44 St & 11 Ave"},"geometry":{"type":"Point","coordinates":[-73.99697408080101,40.76201600107075]}},{"type":"Feature","properties":{"name":"W 44 St & 5 Ave","station_id":"66dc48ef-0aca-11e7-82f6-3863bb44ef7c","mode":"CitiBike","region_id":"71","coord_source":"mapbox","mapbox_name":"Citi Bike – W 44 St & 5 Ave"},"geometry":{"type":"Point","coordinates":[-73.98014437,40.75500254]}},{"type":"Feature","properties":{"name":"W 44 St & 9 Ave","station_id":"2227531312359792274","mode":"CitiBike","region_id":"71","coord_source":"mapbox","mapbox_name":"Citi Bike – 9 Ave & W 45 St"},"geometry":{"type":"Point","coordinates":[-73.99125561118126,40.760192632650586]}},{"type":"Feature","properties":{"name":"W 45 St & 8 Ave","station_id":"66dca682-0aca-11e7-82f6-3863bb44ef7c","mode":"CitiBike","region_id":"71","coord_source":"mapbox","mapbox_name":"Citi Bike – W 45 St & 8 Ave"},"geometry":{"type":"Point","coordinates":[-73.988596200943,40.75929159591877]}},{"type":"Feature","properties":{"name":"W 46 St & 11 Ave","station_id":"66dc79e6-0aca-11e7-82f6-3863bb44ef7c","mode":"CitiBike","region_id":"71","coord_source":"mapbox","mapbox_name":"Citi Bike – W 46 St & 11 Ave"},"geometry":{"type":"Point","coordinates":[-73.99667367339134,40.76342691868467]}},{"type":"Feature","properties":{"name":"W 47 St & 10 Ave","station_id":"66dc73b0-0aca-11e7-82f6-3863bb44ef7c","mode":"CitiBike","region_id":"71","coord_source":"mapbox","mapbox_name":"Citi Bike – W 47 St & 10 Ave"},"geometry":{"type":"Point","coordinates":[-73.99301245808601,40.76269860858068]}},{"type":"Feature","properties":{"name":"W 47 St & 6 Ave","station_id":"2104286315955915532","mode":"CitiBike","region_id":"71","coord_source":"mapbox","mapbox_name":"Citi Bike – W 47 St & 6 Ave"},"geometry":{"type":"Point","coordinates":[-73.98199528455734,40.75815283867661]}},{"type":"Feature","properties":{"name":"W 47 St & 9 Ave","station_id":"490ca6cc-c2a2-4838-acf0-4704ed60dc51","mode":"CitiBike","region_id":"71","coord_source":"mapbox","mapbox_name":"Citi Bike – W 47 St & 9 Ave"},"geometry":{"type":"Point","coordinates":[-73.99004995822906,40.761539593759125]}},{"type":"Feature","properties":{"name":"W 48 St & Rockefeller Plaza","station_id":"d29ea280-8b64-4a35-b12b-245525ae2a3a","mode":"CitiBike","region_id":"71","coord_source":"mapbox","mapbox_name":"Citi Bike – W 48 St & Rockefeller Plaza"},"geometry":{"type":"Point","coordinates":[-73.97920310497284,40.75767640367661]}},{"type":"Feature","properties":{"name":"W 49 St & 8 Ave","station_id":"66dc1e55-0aca-11e7-82f6-3863bb44ef7c","mode":"CitiBike","region_id":"71","coord_source":"mapbox","mapbox_name":"Citi Bike – W 49 St & 8 Ave"},"geometry":{"type":"Point","coordinates":[-73.98788273334503,40.762271979708515]}},{"type":"Feature","properties":{"name":"W 50 St & 10 Ave","station_id":"88e64257-298c-4b8d-8886-77b9b66dcec1","mode":"CitiBike","region_id":"71","coord_source":"mapbox","mapbox_name":"Citi Bike – W 50 St & 10 Ave"},"geometry":{"type":"Point","coordinates":[-73.99193555116653,40.76481139691839]}},{"type":"Feature","properties":{"name":"W 50 St & 9 Ave","station_id":"b442a648-e9f4-4893-951a-64d258bc0e55","mode":"CitiBike","region_id":"71","coord_source":"mapbox","mapbox_name":"Citi Bike – W 50 St & 9 Ave"},"geometry":{"type":"Point","coordinates":[-73.9891567826271,40.76363108786734]}},{"type":"Feature","properties":{"name":"W 51 St & 6 Ave","station_id":"66dc7b10-0aca-11e7-82f6-3863bb44ef7c","mode":"CitiBike","region_id":"71","coord_source":"mapbox","mapbox_name":"Citi Bike – W 51 St & 6 Ave"},"geometry":{"type":"Point","coordinates":[-73.98042047,40.7606597]}},{"type":"Feature","properties":{"name":"W 51 St & 7 Ave","station_id":"2004153375425087884","mode":"CitiBike","region_id":"71","coord_source":"mapbox","mapbox_name":"Citi Bike – W 51 St & 7 Ave"},"geometry":{"type":"Point","coordinates":[-73.98256525397301,40.76169297900188]}},{"type":"Feature","properties":{"name":"W 51 St & Rockefeller Plaza","station_id":"67f60e7e-397a-4e47-b7f9-d10bd67133b3","mode":"CitiBike","region_id":"71","coord_source":"mapbox","mapbox_name":"Citi Bike – W 51 St & Rockefeller Plaza"},"geometry":{"type":"Point","coordinates":[-73.97814229130745,40.759723323047126]}},{"type":"Feature","properties":{"name":"W 52 St & 11 Ave","station_id":"66db237e-0aca-11e7-82f6-3863bb44ef7c","mode":"CitiBike","region_id":"71","coord_source":"mapbox","mapbox_name":"Citi Bike – W 52 St & 11 Ave"},"geometry":{"type":"Point","coordinates":[-73.9939284324646,40.76727250748854]}},{"type":"Feature","properties":{"name":"W 52 St & 5 Ave","station_id":"66dc80b4-0aca-11e7-82f6-3863bb44ef7c","mode":"CitiBike","region_id":"71","coord_source":"mapbox","mapbox_name":"Citi Bike – W 52 St & 5 Ave"},"geometry":{"type":"Point","coordinates":[-73.97648468613625,40.7599224244957]}},{"type":"Feature","properties":{"name":"W 52 St & 6 Ave","station_id":"66de8a86-0aca-11e7-82f6-3863bb44ef7c","mode":"CitiBike","region_id":"71","coord_source":"mapbox","mapbox_name":"Citi Bike – W 52 St & 6 Ave"},"geometry":{"type":"Point","coordinates":[-73.98021429777145,40.761495914453036]}},{"type":"Feature","properties":{"name":"W 53 St & 10 Ave","station_id":"66dc4334-0aca-11e7-82f6-3863bb44ef7c","mode":"CitiBike","region_id":"71","coord_source":"mapbox","mapbox_name":"Citi Bike – W 53 St & 10 Ave"},"geometry":{"type":"Point","coordinates":[-73.99061724543571,40.76669659750053]}},{"type":"Feature","properties":{"name":"W 54 St & 11 Ave","station_id":"1f872052-38c4-4701-96c4-c363de51c2b5","mode":"CitiBike","region_id":"71","coord_source":"mapbox","mapbox_name":"Citi Bike – W 54 St & 11 Ave"},"geometry":{"type":"Point","coordinates":[-73.99256587028503,40.76834915122211]}},{"type":"Feature","properties":{"name":"W 54 St & 6 Ave","station_id":"1791472201147965920","mode":"CitiBike","region_id":"71","coord_source":"mapbox","mapbox_name":"Citi Bike – W 54 St & 6 Ave"},"geometry":{"type":"Point","coordinates":[-73.97722497582436,40.76186566395097]}},{"type":"Feature","properties":{"name":"W 54 St & 9 Ave","station_id":"1888015107269225164","mode":"CitiBike","region_id":"71","coord_source":"mapbox","mapbox_name":"Citi Bike – W 54 St & 9 Ave"},"geometry":{"type":"Point","coordinates":[-73.98736372590065,40.76604755010368]}},{"type":"Feature","properties":{"name":"W 55 St & 6 Ave","station_id":"581d8683-c217-4f96-89cb-b5a94d780b83","mode":"CitiBike","region_id":"71","coord_source":"mapbox","mapbox_name":"Citi Bike – W 55 St & 6 Ave"},"geometry":{"type":"Point","coordinates":[-73.97842660546303,40.763202433436504]}},{"type":"Feature","properties":{"name":"W 56 St & 10 Ave","station_id":"66dc7cc3-0aca-11e7-82f6-3863bb44ef7c","mode":"CitiBike","region_id":"71","coord_source":"mapbox","mapbox_name":"Citi Bike – W 56 St & 10 Ave"},"geometry":{"type":"Point","coordinates":[-73.98877590894699,40.768395873102406]}},{"type":"Feature","properties":{"name":"W 56 St & 6 Ave","station_id":"66dbc551-0aca-11e7-82f6-3863bb44ef7c","mode":"CitiBike","region_id":"71","coord_source":"mapbox","mapbox_name":"Citi Bike – W 56 St & 6 Ave"},"geometry":{"type":"Point","coordinates":[-73.97722497582436,40.763405587539836]}},{"type":"Feature","properties":{"name":"W 56 St & 8 Ave","station_id":"c042a307-2d7d-4ee9-95b7-a7505a3428c2","mode":"CitiBike","region_id":"71","coord_source":"mapbox","mapbox_name":"Citi Bike – W 56 St & 8 Ave"},"geometry":{"type":"Point","coordinates":[-73.98313656449318,40.765983559171985]}},{"type":"Feature","properties":{"name":"W 59 St & 10 Ave","station_id":"66dc0dab-0aca-11e7-82f6-3863bb44ef7c","mode":"CitiBike","region_id":"71","coord_source":"mapbox","mapbox_name":"Citi Bike – W 59 St & 10 Ave"},"geometry":{"type":"Point","coordinates":[-73.98782774806023,40.77046582257131]}},{"type":"Feature","properties":{"name":"W 63 St & Broadway","station_id":"66dd49eb-0aca-11e7-82f6-3863bb44ef7c","mode":"CitiBike","region_id":"71","coord_source":"mapbox","mapbox_name":"Citi Bike – W 63 St & Broadway"},"geometry":{"type":"Point","coordinates":[-73.98273825645447,40.77171202699844]}},{"type":"Feature","properties":{"name":"W 64 St & Thelonious Monk Circle","station_id":"b0cc08dc-e7dd-48d1-8901-ba496f3ff2f5","mode":"CitiBike","region_id":"71","coord_source":"mapbox","mapbox_name":"Citi Bike – W 64 St & Thelonious Monk Circle"},"geometry":{"type":"Point","coordinates":[-73.98908704519272,40.77502801539703]}},{"type":"Feature","properties":{"name":"W 67 St & Broadway","station_id":"66dd4a52-0aca-11e7-82f6-3863bb44ef7c","mode":"CitiBike","region_id":"71","coord_source":"mapbox","mapbox_name":"Citi Bike – W 67 St & Broadway"},"geometry":{"type":"Point","coordinates":[-73.98253038525581,40.77486856736897]}},{"type":"Feature","properties":{"name":"W 70 St & Amsterdam Ave","station_id":"66dd52c8-0aca-11e7-82f6-3863bb44ef7c","mode":"CitiBike","region_id":"71","coord_source":"mapbox","mapbox_name":"Citi Bike – W 70 St & Amsterdam Ave"},"geometry":{"type":"Point","coordinates":[-73.98278653621674,40.77742375211537]}},{"type":"Feature","properties":{"name":"W 74 St & Columbus Ave","station_id":"66dd515d-0aca-11e7-82f6-3863bb44ef7c","mode":"CitiBike","region_id":"71","coord_source":"mapbox","mapbox_name":"Citi Bike – W 74 St & Columbus Ave"},"geometry":{"type":"Point","coordinates":[-73.97763803601265,40.7786200647715]}},{"type":"Feature","properties":{"name":"W 76 St & Columbus Ave","station_id":"66dd4b2b-0aca-11e7-82f6-3863bb44ef7c","mode":"CitiBike","region_id":"71","coord_source":"mapbox","mapbox_name":"Citi Bike – W 76 St & Columbus Ave"},"geometry":{"type":"Point","coordinates":[-73.97726386785507,40.78019615857269]}},{"type":"Feature","properties":{"name":"W 78 St & Broadway","station_id":"66dd4b91-0aca-11e7-82f6-3863bb44ef7c","mode":"CitiBike","region_id":"71","coord_source":"mapbox","mapbox_name":"Citi Bike – W 78 St & Broadway"},"geometry":{"type":"Point","coordinates":[-73.98080572485924,40.78334214120122]}},{"type":"Feature","properties":{"name":"W 82 St & Central Park W","station_id":"66dd9213-0aca-11e7-82f6-3863bb44ef7c","mode":"CitiBike","region_id":"71","coord_source":"mapbox","mapbox_name":"Citi Bike – W 82 St & Central Park W"},"geometry":{"type":"Point","coordinates":[-73.9714166522026,40.78274809198143]}},{"type":"Feature","properties":{"name":"W 84 St & Amsterdam Ave","station_id":"1833865926273309136","mode":"CitiBike","region_id":"71","coord_source":"mapbox","mapbox_name":"Citi Bike – W 84 St & Amsterdam Ave"},"geometry":{"type":"Point","coordinates":[-73.97558480501175,40.78625239786453]}},{"type":"Feature","properties":{"name":"W 84 St & Broadway","station_id":"66dd539f-0aca-11e7-82f6-3863bb44ef7c","mode":"CitiBike","region_id":"71","coord_source":"gbfs"},"geometry":{"type":"Point","coordinates":[-73.977112,40.7867947]}},{"type":"Feature","properties":{"name":"W 87 St & Amsterdam Ave","station_id":"66dde197-0aca-11e7-82f6-3863bb44ef7c","mode":"CitiBike","region_id":"71","coord_source":"mapbox","mapbox_name":"Citi Bike – W 87 St & Amsterdam Ave"},"geometry":{"type":"Point","coordinates":[-73.97469162940979,40.788415206634426]}},{"type":"Feature","properties":{"name":"W 87 St & West End Ave","station_id":"66dde271-0aca-11e7-82f6-3863bb44ef7c","mode":"CitiBike","region_id":"71","coord_source":"mapbox","mapbox_name":"Citi Bike – W 87 St & West End Ave"},"geometry":{"type":"Point","coordinates":[-73.97759780287743,40.789615382800605]}},{"type":"Feature","properties":{"name":"W 89 St & Columbus Ave","station_id":"66dde079-0aca-11e7-82f6-3863bb44ef7c","mode":"CitiBike","region_id":"71","coord_source":"mapbox","mapbox_name":"Citi Bike – W 89 St & Columbus Ave"},"geometry":{"type":"Point","coordinates":[-73.9705690741539,40.78830452939809]}},{"type":"Feature","properties":{"name":"W 90 St & Amsterdam Ave","station_id":"1960019951675478680","mode":"CitiBike","region_id":"71","coord_source":"mapbox","mapbox_name":"Citi Bike – W 90 St & Amsterdam Ave"},"geometry":{"type":"Point","coordinates":[-73.97285297513008,40.79016367941415]}},{"type":"Feature","properties":{"name":"W 92 St & Broadway","station_id":"66dde4ef-0aca-11e7-82f6-3863bb44ef7c","mode":"CitiBike","region_id":"71","coord_source":"mapbox","mapbox_name":"Citi Bike – W 92 St & Broadway"},"geometry":{"type":"Point","coordinates":[-73.97398084402084,40.792185230215324]}},{"type":"Feature","properties":{"name":"W 95 St & Broadway","station_id":"66ddede1-0aca-11e7-82f6-3863bb44ef7c","mode":"CitiBike","region_id":"71","coord_source":"mapbox","mapbox_name":"Citi Bike – W 95 St & Broadway"},"geometry":{"type":"Point","coordinates":[-73.9720268547535,40.79384527236783]}},{"type":"Feature","properties":{"name":"W Broadway & Spring St","station_id":"bde94a25-6089-4490-af3a-8cc5702230b8","mode":"CitiBike","region_id":"71","coord_source":"mapbox","mapbox_name":"Citi Bike – W Broadway & Spring St"},"geometry":{"type":"Point","coordinates":[-74.00160223245621,40.725038068572445]}},{"type":"Feature","properties":{"name":"W Broadway & W Houston St","station_id":"af72781c-fe0b-4b73-a7df-201f9780ea9c","mode":"CitiBike","region_id":"71","coord_source":"mapbox","mapbox_name":"Citi Bike – W Broadway & W Houston St"},"geometry":{"type":"Point","coordinates":[-74.0005749464035,40.72628512460969]}},{"type":"Feature","properties":{"name":"W Broadway & Watts St","station_id":"7d5fa1f0-4069-4d5d-b735-5d500597394a","mode":"CitiBike","region_id":"71","coord_source":"mapbox","mapbox_name":"Citi Bike – W Broadway & Watts St"},"geometry":{"type":"Point","coordinates":[-74.00313913822174,40.72323909571361]}},{"type":"Feature","properties":{"name":"W Fordham Rd & Loring Pl N","station_id":"ab40ffde-f331-4194-adab-cb8c60b63f28","mode":"CitiBike","region_id":"71","coord_source":"mapbox","mapbox_name":"Citi Bike – W Fordham Rd & Loring Pl N"},"geometry":{"type":"Point","coordinates":[-73.90739634633064,40.86294839807351]}},{"type":"Feature","properties":{"name":"W Mosholu Pkwy S & Sedgwick Ave","station_id":"ff1e98d3-ae7d-4c53-a531-1845bee1d346","mode":"CitiBike","region_id":"71","coord_source":"mapbox","mapbox_name":"Citi Bike – W Mosholu Pkwy S & Sedgwick Ave"},"geometry":{"type":"Point","coordinates":[-73.88698071241379,40.88220511707718]}},{"type":"Feature","properties":{"name":"W Tremont Ave & Grand Ave","station_id":"a724eb92-55ca-4b9f-9a87-c2e87b3cbd40","mode":"CitiBike","region_id":"71","coord_source":"mapbox","mapbox_name":"Citi Bike – W Tremont Ave & Grand Ave"},"geometry":{"type":"Point","coordinates":[-73.91278758645058,40.850045931053415]}},{"type":"Feature","properties":{"name":"W Tremont Ave & Matthewson Rd","station_id":"2b848257-dc2e-4dd0-b840-d5e046972789","mode":"CitiBike","region_id":"71","coord_source":"mapbox","mapbox_name":"Citi Bike – W Tremont Ave & Matthewson Rd"},"geometry":{"type":"Point","coordinates":[-73.92072692513466,40.853857086313894]}},{"type":"Feature","properties":{"name":"W Tremont Ave & Montgomery Ave","station_id":"023cf549-bd85-4f9a-abd8-70ba29d7e86b","mode":"CitiBike","region_id":"71","coord_source":"mapbox","mapbox_name":"Citi Bike – W Tremont Ave & Montgomery Ave"},"geometry":{"type":"Point","coordinates":[-73.91639783978462,40.85178466469188]}},{"type":"Feature","properties":{"name":"Wade St & MLK Dr","station_id":"2116635527663355916","mode":"CitiBike","region_id":"70","coord_source":"mapbox","mapbox_name":"Citi Bike – Wade St & MLK Dr"},"geometry":{"type":"Point","coordinates":[-74.08951297402382,40.70171473174497]}},{"type":"Feature","properties":{"name":"Wadsworth Ave & W 175 St","station_id":"3bf69f3e-23f6-4abe-b5fe-dabe6b0ea066","mode":"CitiBike","region_id":"71","coord_source":"mapbox","mapbox_name":"Citi Bike – Wadsworth Ave & W 175 St"},"geometry":{"type":"Point","coordinates":[-73.937628865242,40.846082381094135]}},{"type":"Feature","properties":{"name":"Wadsworth Ave & W 179 St","station_id":"774c5443-d463-42b3-bfc5-b0ab3c56fe35","mode":"CitiBike","region_id":"71","coord_source":"mapbox","mapbox_name":"Citi Bike – Wadsworth Ave & W 179 St"},"geometry":{"type":"Point","coordinates":[-73.93610268831253,40.84848569831871]}},{"type":"Feature","properties":{"name":"Wakeman Pl & Ridge Blvd","station_id":"d946ce73-5487-4ab7-b429-cf873e9af5b5","mode":"CitiBike","region_id":"71","coord_source":"mapbox","mapbox_name":"Citi Bike – Wakeman Pl & Ridge Blvd"},"geometry":{"type":"Point","coordinates":[-74.02678549289703,40.639385604206296]}},{"type":"Feature","properties":{"name":"Waldo Ave & Manhattan College Pkwy","station_id":"2177016064191230822","mode":"CitiBike","region_id":"71","coord_source":"mapbox","mapbox_name":"Citi Bike – Waldo Ave & Manhattan College Pkwy"},"geometry":{"type":"Point","coordinates":[-73.90286475419998,40.88900939349665]}},{"type":"Feature","properties":{"name":"Waldron St & 108 St","station_id":"1849010295160437584","mode":"CitiBike","region_id":"71","coord_source":"mapbox","mapbox_name":"Citi Bike – Waldron St & 108 St"},"geometry":{"type":"Point","coordinates":[-73.85259747505188,40.73916796972824]}},{"type":"Feature","properties":{"name":"Wales Ave & E 147 St","station_id":"0e405c35-322f-4705-8ea7-769eb3fd028a","mode":"CitiBike","region_id":"71","coord_source":"mapbox","mapbox_name":"Citi Bike – Wales Ave & E 147 St"},"geometry":{"type":"Point","coordinates":[-73.90770614147186,40.81128386686888]}},{"type":"Feature","properties":{"name":"Walker St & Baxter St","station_id":"32cc1603-a4b5-4099-b7bf-681de451b04a","mode":"CitiBike","region_id":"71","coord_source":"mapbox","mapbox_name":"Citi Bike – Walker St & Baxter St"},"geometry":{"type":"Point","coordinates":[-73.99957582354546,40.71741090283365]}},{"type":"Feature","properties":{"name":"Wallabout St & Kent Ave","station_id":"1869439368558197224","mode":"CitiBike","region_id":"71","coord_source":"mapbox","mapbox_name":"Citi Bike – Wallabout St & Kent Ave"},"geometry":{"type":"Point","coordinates":[-73.96065428853035,40.69909868245094]}},{"type":"Feature","properties":{"name":"Walnut Ave & E 136 St","station_id":"8f672aa7-08a1-4fe2-a471-06f219c0eb1b","mode":"CitiBike","region_id":"71","coord_source":"mapbox","mapbox_name":"Citi Bike – Walnut Ave & E 136 St"},"geometry":{"type":"Point","coordinates":[-73.90950724482536,40.801651482836064]}},{"type":"Feature","properties":{"name":"Walton Ave & E 151 St","station_id":"1804894168423871442","mode":"CitiBike","region_id":"71","coord_source":"mapbox","mapbox_name":"Citi Bike – Walton Ave & E 151 St"},"geometry":{"type":"Point","coordinates":[-73.9275062084198,40.820919927196485]}},{"type":"Feature","properties":{"name":"Walton Ave & E 153 St","station_id":"dee5a590-7cda-465e-8351-b0622a5e2ad3","mode":"CitiBike","region_id":"71","coord_source":"mapbox","mapbox_name":"Citi Bike – Walton Ave & E 153 St"},"geometry":{"type":"Point","coordinates":[-73.92689064145088,40.82233466800952]}},{"type":"Feature","properties":{"name":"Walton Ave & E 168 St","station_id":"b896d83d-5524-4c9c-a2aa-c1b0edaadc22","mode":"CitiBike","region_id":"71","coord_source":"mapbox","mapbox_name":"Citi Bike – Walton Ave & E 168 St"},"geometry":{"type":"Point","coordinates":[-73.91831427812576,40.836495636183884]}},{"type":"Feature","properties":{"name":"Walton Ave & E 171 St","station_id":"d3433b47-99a7-4b21-9fa7-d7052bb5c23b","mode":"CitiBike","region_id":"71","coord_source":"mapbox","mapbox_name":"Citi Bike – Walton Ave & E 171 St"},"geometry":{"type":"Point","coordinates":[-73.91508221626282,40.84070021697897]}},{"type":"Feature","properties":{"name":"Walton Ave & E 183 St","station_id":"f365afa3-e8a5-439d-975d-6c2b064f30df","mode":"CitiBike","region_id":"71","coord_source":"mapbox","mapbox_name":"Citi Bike – Walton Ave & E 183 St"},"geometry":{"type":"Point","coordinates":[-73.90259250998497,40.858526137406415]}},{"type":"Feature","properties":{"name":"Wards Meadow Comfort Station","station_id":"655ad2f2-6bcc-4eee-95a9-4f528c0b81cd","mode":"CitiBike","region_id":"71","coord_source":"mapbox","mapbox_name":"Citi Bike – Wards Meadow Comfort Station"},"geometry":{"type":"Point","coordinates":[-73.9307664334774,40.782928845981615]}},{"type":"Feature","properties":{"name":"Warren St","station_id":"66dd5a42-0aca-11e7-82f6-3863bb44ef7c","mode":"CitiBike","region_id":"70","coord_source":"mapbox","mapbox_name":"Citi Bike – Warren St"},"geometry":{"type":"Point","coordinates":[-74.03805095,40.7211236]}},{"type":"Feature","properties":{"name":"Warren St & Court St","station_id":"66dde703-0aca-11e7-82f6-3863bb44ef7c","mode":"CitiBike","region_id":"71","coord_source":"mapbox","mapbox_name":"Citi Bike – Warren St & Court St"},"geometry":{"type":"Point","coordinates":[-73.99376213550568,40.68635858949446]}},{"type":"Feature","properties":{"name":"Warren St & Roosevelt Ave","station_id":"1891277309535701686","mode":"CitiBike","region_id":"71","coord_source":"mapbox","mapbox_name":"Citi Bike – Warren St & Roosevelt Ave"},"geometry":{"type":"Point","coordinates":[-73.87054949998856,40.749200572482295]}},{"type":"Feature","properties":{"name":"Warren St & Smith St","station_id":"33840944-aa92-4d91-9de8-d29e5cd0b2d9","mode":"CitiBike","region_id":"71","coord_source":"mapbox","mapbox_name":"Citi Bike – Warren St & Smith St"},"geometry":{"type":"Point","coordinates":[-73.9911738038063,40.68535180578368]}},{"type":"Feature","properties":{"name":"Warren St & W Broadway","station_id":"66db3053-0aca-11e7-82f6-3863bb44ef7c","mode":"CitiBike","region_id":"71","coord_source":"mapbox","mapbox_name":"Citi Bike – Warren St & W Broadway"},"geometry":{"type":"Point","coordinates":[-74.00909632444382,40.71473447937041]}},{"type":"Feature","properties":{"name":"Washington Ave & E 163 St","station_id":"bb58e953-4953-4fbe-9ef2-367488dfef9b","mode":"CitiBike","region_id":"71","coord_source":"mapbox","mapbox_name":"Citi Bike – Washington Ave & E 163 St"},"geometry":{"type":"Point","coordinates":[-73.91090869903564,40.82398583738049]}},{"type":"Feature","properties":{"name":"Washington Ave & E 167 St","station_id":"d873e463-2dc9-4bf8-86c7-fea8ddaa3a9f","mode":"CitiBike","region_id":"71","coord_source":"mapbox","mapbox_name":"Citi Bike – Washington Ave & E 167 St"},"geometry":{"type":"Point","coordinates":[-73.90761494636536,40.82990616450547]}},{"type":"Feature","properties":{"name":"Washington Ave & E 174 St","station_id":"44c23eaa-7ddf-40b3-8373-6f3880c5e1b1","mode":"CitiBike","region_id":"71","coord_source":"mapbox","mapbox_name":"Citi Bike – Washington Ave & E 174 St"},"geometry":{"type":"Point","coordinates":[-73.90020936727524,40.84308343838279]}},{"type":"Feature","properties":{"name":"Washington Ave & Empire Blvd","station_id":"56b3ca32-104a-4920-a879-a97a820858c4","mode":"CitiBike","region_id":"71","coord_source":"mapbox","mapbox_name":"Citi Bike – Washington Ave & Empire Blvd"},"geometry":{"type":"Point","coordinates":[-73.96056175231934,40.663148868767564]}},{"type":"Feature","properties":{"name":"Washington Ave & Greene Ave","station_id":"66db5d92-0aca-11e7-82f6-3863bb44ef7c","mode":"CitiBike","region_id":"71","coord_source":"mapbox","mapbox_name":"Citi Bike – Washington Ave & Greene Ave"},"geometry":{"type":"Point","coordinates":[-73.96562039852142,40.68650299560775]}},{"type":"Feature","properties":{"name":"Washington Ave & Park Ave","station_id":"66db74a5-0aca-11e7-82f6-3863bb44ef7c","mode":"CitiBike","region_id":"71","coord_source":"mapbox","mapbox_name":"Citi Bike – Washington Ave & Park Ave"},"geometry":{"type":"Point","coordinates":[-73.96751001477242,40.69610224947425]}},{"type":"Feature","properties":{"name":"Washington Ave & Park Pl","station_id":"1880643645302280466","mode":"CitiBike","region_id":"71","coord_source":"mapbox","mapbox_name":"Citi Bike – Washington Ave & Park Pl"},"geometry":{"type":"Point","coordinates":[-73.96331772208214,40.67583338889685]}},{"type":"Feature","properties":{"name":"Washington Park","station_id":"66db4549-0aca-11e7-82f6-3863bb44ef7c","mode":"CitiBike","region_id":"71","coord_source":"mapbox","mapbox_name":"Citi Bike – Washington Park"},"geometry":{"type":"Point","coordinates":[-73.9737299,40.6917823]}},{"type":"Feature","properties":{"name":"Washington Pl & 6 Ave","station_id":"66dbcf18-0aca-11e7-82f6-3863bb44ef7c","mode":"CitiBike","region_id":"71","coord_source":"mapbox","mapbox_name":"Citi Bike – Washington Pl & 6 Ave"},"geometry":{"type":"Point","coordinates":[-74.00026381015778,40.73224160370768]}},{"type":"Feature","properties":{"name":"Washington Pl & Broadway","station_id":"66db9675-0aca-11e7-82f6-3863bb44ef7c","mode":"CitiBike","region_id":"71","coord_source":"mapbox","mapbox_name":"Citi Bike – Washington Pl & Broadway"},"geometry":{"type":"Point","coordinates":[-73.99404644966125,40.72903933835536]}},{"type":"Feature","properties":{"name":"Washington Pl & Greene St","station_id":"1934749166596673908","mode":"CitiBike","region_id":"71","coord_source":"mapbox","mapbox_name":"Citi Bike – Washington Pl & Greene St"},"geometry":{"type":"Point","coordinates":[-73.99544522166252,40.72980358705772]}},{"type":"Feature","properties":{"name":"Washington St","station_id":"f841ae52-0bbb-49db-b6eb-f898fbce6108","mode":"CitiBike","region_id":"70","coord_source":"mapbox","mapbox_name":"Citi Bike – Washington St"},"geometry":{"type":"Point","coordinates":[-74.03547987341881,40.72429409247309]}},{"type":"Feature","properties":{"name":"Washington St & Barrow St","station_id":"4e862dc1-0652-4f29-a26f-315d763df67d","mode":"CitiBike","region_id":"71","coord_source":"mapbox","mapbox_name":"Citi Bike – Washington St & Barrow St"},"geometry":{"type":"Point","coordinates":[-74.0087141096592,40.73193571323063]}},{"type":"Feature","properties":{"name":"Washington St & Gansevoort St","station_id":"66dbf215-0aca-11e7-82f6-3863bb44ef7c","mode":"CitiBike","region_id":"71","coord_source":"mapbox","mapbox_name":"Citi Bike – Washington St & Gansevoort St"},"geometry":{"type":"Point","coordinates":[-74.00811061263084,40.739239099441136]}},{"type":"Feature","properties":{"name":"Washington St & Laight St","station_id":"9b0c2c99-214f-4e15-b476-1626c03a9e4e","mode":"CitiBike","region_id":"71","coord_source":"mapbox","mapbox_name":"Citi Bike – Washington St & Laight St"},"geometry":{"type":"Point","coordinates":[-74.01059836149216,40.7223314598786]}},{"type":"Feature","properties":{"name":"Washington St & Morgan St","station_id":"2218569564729174336","mode":"CitiBike","region_id":"70","coord_source":"mapbox","mapbox_name":"Citi Bike – Bay St & Washington St"},"geometry":{"type":"Point","coordinates":[-74.03653129935265,40.720191910980105]}},{"type":"Feature","properties":{"name":"Water St & Fletcher St","station_id":"89d4a926-f1ae-4bf2-bf2d-59cff3881579","mode":"CitiBike","region_id":"71","coord_source":"mapbox","mapbox_name":"Citi Bike – Water St & Fletcher St"},"geometry":{"type":"Point","coordinates":[-74.00550618767738,40.706418888351806]}},{"type":"Feature","properties":{"name":"Water St & Gouverneur Ln","station_id":"8ec47777-852d-4059-a5ea-12eef71a9606","mode":"CitiBike","region_id":"71","coord_source":"mapbox","mapbox_name":"Citi Bike – Water St & Gouverneur Ln"},"geometry":{"type":"Point","coordinates":[-74.00792956352234,40.704721078921665]}},{"type":"Feature","properties":{"name":"Waterbury St & Stagg St","station_id":"bfbd1f09-afd2-49d2-8674-3a07b3c929a4","mode":"CitiBike","region_id":"71","coord_source":"mapbox","mapbox_name":"Citi Bike – Waterbury St & Stagg St"},"geometry":{"type":"Point","coordinates":[-73.93730834126472,40.710197629771926]}},{"type":"Feature","properties":{"name":"Waterloo Pl & Crotona Park East","station_id":"55146e49-9bc4-4f13-bdf7-25422342b638","mode":"CitiBike","region_id":"71","coord_source":"mapbox","mapbox_name":"Citi Bike – Waterloo Pl & Crotona Park East"},"geometry":{"type":"Point","coordinates":[-73.88857394456863,40.839198611596174]}},{"type":"Feature","properties":{"name":"Watts St & Greenwich St","station_id":"66db8fde-0aca-11e7-82f6-3863bb44ef7c","mode":"CitiBike","region_id":"71","coord_source":"mapbox","mapbox_name":"Citi Bike – Watts St & Greenwich St"},"geometry":{"type":"Point","coordinates":[-74.00965958833694,40.72405524592355]}},{"type":"Feature","properties":{"name":"Webb Ave & W 190 St","station_id":"3d6b7c84-7e5a-454d-aa9d-c66eb92383be","mode":"CitiBike","region_id":"71","coord_source":"mapbox","mapbox_name":"Citi Bike – Webb Ave & W 190 St"},"geometry":{"type":"Point","coordinates":[-73.90425011515617,40.86602757768125]}},{"type":"Feature","properties":{"name":"Webster Ave & E 166 St","station_id":"ab29ce96-c2e8-4929-b27b-e0fe4aae17d5","mode":"CitiBike","region_id":"71","coord_source":"mapbox","mapbox_name":"Citi Bike – Webster Ave & E 166 St"},"geometry":{"type":"Point","coordinates":[-73.9112600684166,40.82898374857098]}},{"type":"Feature","properties":{"name":"Webster Ave & Ford St","station_id":"765ee572-6c7a-4ed3-a2d4-f1496ea53996","mode":"CitiBike","region_id":"71","coord_source":"mapbox","mapbox_name":"Citi Bike – Webster Ave & Ford St"},"geometry":{"type":"Point","coordinates":[-73.89614850282669,40.85556630353017]}},{"type":"Feature","properties":{"name":"West Drive & Prospect Park West","station_id":"66de65a4-0aca-11e7-82f6-3863bb44ef7c","mode":"CitiBike","region_id":"71","coord_source":"mapbox","mapbox_name":"Citi Bike – West Drive & Prospect Park West"},"geometry":{"type":"Point","coordinates":[-73.97931843996048,40.66116612229774]}},{"type":"Feature","properties":{"name":"West End Ave & W 107 St","station_id":"66de20c8-0aca-11e7-82f6-3863bb44ef7c","mode":"CitiBike","region_id":"71","coord_source":"mapbox","mapbox_name":"Citi Bike – West End Ave & W 107 St"},"geometry":{"type":"Point","coordinates":[-73.96811753511429,40.80223724154766]}},{"type":"Feature","properties":{"name":"West End Ave & W 60 St","station_id":"2f656bc4-7743-4326-8330-a22bd41d9d17","mode":"CitiBike","region_id":"71","coord_source":"mapbox","mapbox_name":"Citi Bike – West End Ave & W 60 St"},"geometry":{"type":"Point","coordinates":[-73.99005398154259,40.77239656618386]}},{"type":"Feature","properties":{"name":"West End Ave & W 94 St","station_id":"66ddeaff-0aca-11e7-82f6-3863bb44ef7c","mode":"CitiBike","region_id":"71","coord_source":"mapbox","mapbox_name":"Citi Bike – West End Ave & W 94 St"},"geometry":{"type":"Point","coordinates":[-73.97412031888962,40.794190474697245]}},{"type":"Feature","properties":{"name":"West Side Ave & Stegman Pkwy","station_id":"2116634708854430228","mode":"CitiBike","region_id":"70","coord_source":"mapbox","mapbox_name":"Citi Bike – West Side Ave & Stegman Pkwy"},"geometry":{"type":"Point","coordinates":[-74.09363955259323,40.71087873603304]}},{"type":"Feature","properties":{"name":"West Side Ave Light Rail","station_id":"2108373197827738014","mode":"CitiBike","region_id":"70","coord_source":"mapbox","mapbox_name":"Citi Bike – West Side Ave Light Rail"},"geometry":{"type":"Point","coordinates":[-74.08832475543022,40.71497234285707]}},{"type":"Feature","properties":{"name":"West St & Liberty St","station_id":"3b530cff-dd26-4cfd-b570-a85fd53354fe","mode":"CitiBike","region_id":"71","coord_source":"mapbox","mapbox_name":"Citi Bike – West St & Liberty St"},"geometry":{"type":"Point","coordinates":[-74.01484429836273,40.71146427853304]}},{"type":"Feature","properties":{"name":"West Thames St","station_id":"66dbcbbc-0aca-11e7-82f6-3863bb44ef7c","mode":"CitiBike","region_id":"71","coord_source":"mapbox","mapbox_name":"Citi Bike – West Thames St"},"geometry":{"type":"Point","coordinates":[-74.01712819933891,40.708353525018566]}},{"type":"Feature","properties":{"name":"Westchester Ave & E 156 St","station_id":"517409d3-a94a-4140-a6de-ff0de9221ed2","mode":"CitiBike","region_id":"71","coord_source":"mapbox","mapbox_name":"Citi Bike – Westchester Ave & E 156 St"},"geometry":{"type":"Point","coordinates":[-73.905209004879,40.817810233012466]}},{"type":"Feature","properties":{"name":"Westchester Ave & Jackson Ave","station_id":"1b22c037-207d-454a-90aa-8f22d0a8a7e3","mode":"CitiBike","region_id":"71","coord_source":"mapbox","mapbox_name":"Citi Bike – Westchester Ave & Jackson Ave"},"geometry":{"type":"Point","coordinates":[-73.90812993049622,40.816150790204546]}},{"type":"Feature","properties":{"name":"Westchester Ave & Longwood Ave","station_id":"7cd61426-ed98-434e-9235-56ed856fead6","mode":"CitiBike","region_id":"71","coord_source":"mapbox","mapbox_name":"Citi Bike – Westchester Ave & Longwood Ave"},"geometry":{"type":"Point","coordinates":[-73.90129432082176,40.81971321265718]}},{"type":"Feature","properties":{"name":"Westchester Ave & Southern Blvd","station_id":"c0c6a931-c1d3-4202-a433-c4127a4cd846","mode":"CitiBike","region_id":"71","coord_source":"mapbox","mapbox_name":"Citi Bike – Westchester Ave & Southern Blvd"},"geometry":{"type":"Point","coordinates":[-73.8916839659214,40.82497327182398]}},{"type":"Feature","properties":{"name":"White St & Johnson Ave","station_id":"de6f4206-3aa9-4cb9-aae0-8547d2cd6854","mode":"CitiBike","region_id":"71","coord_source":"mapbox","mapbox_name":"Citi Bike – White St & Johnson Ave"},"geometry":{"type":"Point","coordinates":[-73.93580362200737,40.707174247138255]}},{"type":"Feature","properties":{"name":"White St & Moore St","station_id":"9a52fbc1-d87a-4a65-941d-12fd55dbcdde","mode":"CitiBike","region_id":"71","coord_source":"mapbox","mapbox_name":"Citi Bike – White St & Moore St"},"geometry":{"type":"Point","coordinates":[-73.93506199121475,40.70451672888041]}},{"type":"Feature","properties":{"name":"Whitney Ave & Ketcham Pl","station_id":"1876864480506022446","mode":"CitiBike","region_id":"71","coord_source":"mapbox","mapbox_name":"Citi Bike – Whitney Ave & Ketcham Pl"},"geometry":{"type":"Point","coordinates":[-73.87807846069336,40.7425120001034]}},{"type":"Feature","properties":{"name":"Wilkins Ave & Crotona Park E","station_id":"068b919c-f649-4091-8e12-ccf37191cad5","mode":"CitiBike","region_id":"71","coord_source":"mapbox","mapbox_name":"Citi Bike – Wilkins Ave & Crotona Park E"},"geometry":{"type":"Point","coordinates":[-73.89512926340103,40.83530036641747]}},{"type":"Feature","properties":{"name":"William St & Pine St","station_id":"66dbca0f-0aca-11e7-82f6-3863bb44ef7c","mode":"CitiBike","region_id":"71","coord_source":"mapbox","mapbox_name":"Citi Bike – William St & Pine St"},"geometry":{"type":"Point","coordinates":[-74.00894209742546,40.70709596674678]}},{"type":"Feature","properties":{"name":"Willis Ave & Bruckner Blvd","station_id":"de97a7d0-fbb3-4c13-ba6a-2bbd441751fe","mode":"CitiBike","region_id":"71","coord_source":"mapbox","mapbox_name":"Citi Bike – Willis Ave & Bruckner Blvd"},"geometry":{"type":"Point","coordinates":[-73.92522230744362,40.805656263767645]}},{"type":"Feature","properties":{"name":"Willis Ave & E 137 St","station_id":"e780c290-0c52-4ab1-9719-a581be789df3","mode":"CitiBike","region_id":"71","coord_source":"mapbox","mapbox_name":"Citi Bike – Willis Ave & E 137 St"},"geometry":{"type":"Point","coordinates":[-73.92362505197525,40.80837166214985]}},{"type":"Feature","properties":{"name":"Willis Ave & E 141 St","station_id":"5fdf435f-6080-4b1d-966c-3b9d08450c4d","mode":"CitiBike","region_id":"71","coord_source":"mapbox","mapbox_name":"Citi Bike – Willis Ave & E 141 St"},"geometry":{"type":"Point","coordinates":[-73.92167374491692,40.81087886591712]}},{"type":"Feature","properties":{"name":"Willis Ave & E 143 St","station_id":"7c42f9fc-d280-4841-ad96-e3cc53ee3759","mode":"CitiBike","region_id":"71","coord_source":"mapbox","mapbox_name":"Citi Bike – Willis Ave & E 143 St"},"geometry":{"type":"Point","coordinates":[-73.92036616802216,40.812314121304865]}},{"type":"Feature","properties":{"name":"Willoughby Ave & Hall St","station_id":"66db3f01-0aca-11e7-82f6-3863bb44ef7c","mode":"CitiBike","region_id":"71","coord_source":"mapbox","mapbox_name":"Citi Bike – Willoughby Avenue & Hall Street"},"geometry":{"type":"Point","coordinates":[-73.96536827087402,40.69195867339667]}},{"type":"Feature","properties":{"name":"Willoughby Ave & Myrtle Ave","station_id":"493e046c-5d62-4772-90c4-b6a9f4afcd39","mode":"CitiBike","region_id":"71","coord_source":"mapbox","mapbox_name":"Citi Bike – Willoughby Ave & Myrtle Ave"},"geometry":{"type":"Point","coordinates":[-73.9309810101986,40.69759387377843]}},{"type":"Feature","properties":{"name":"Willoughby Ave & Onderdonk Ave","station_id":"ee1ba75f-baf5-4852-929c-8b7ad310f55a","mode":"CitiBike","region_id":"71","coord_source":"mapbox","mapbox_name":"Citi Bike – Willoughby Ave & Onderdonk Ave"},"geometry":{"type":"Point","coordinates":[-73.91730174422264,40.709780829967116]}},{"type":"Feature","properties":{"name":"Willoughby Ave & Tompkins Ave","station_id":"66dcc8b3-0aca-11e7-82f6-3863bb44ef7c","mode":"CitiBike","region_id":"71","coord_source":"mapbox","mapbox_name":"Citi Bike – Willoughby Ave & Tompkins Ave"},"geometry":{"type":"Point","coordinates":[-73.94626960158348,40.69425368712584]}},{"type":"Feature","properties":{"name":"Willoughby Ave & Walworth St","station_id":"66dbe250-0aca-11e7-82f6-3863bb44ef7c","mode":"CitiBike","region_id":"71","coord_source":"mapbox","mapbox_name":"Citi Bike – Willoughby Ave & Walworth St"},"geometry":{"type":"Point","coordinates":[-73.95381995,40.69331716]}},{"type":"Feature","properties":{"name":"Willoughby Ave & Wyckoff Ave","station_id":"e612122d-e0fd-4ebf-8d51-0f48f9d1b580","mode":"CitiBike","region_id":"71","coord_source":"mapbox","mapbox_name":"Citi Bike – Willoughby Ave & Wyckoff Ave"},"geometry":{"type":"Point","coordinates":[-73.92153695225716,40.705620821645226]}},{"type":"Feature","properties":{"name":"Willoughby St & Ashland Pl","station_id":"582cd775-0178-47f5-b707-6d5869f077ba","mode":"CitiBike","region_id":"71","coord_source":"mapbox","mapbox_name":"Citi Bike – Willoughby St & Ashland Pl"},"geometry":{"type":"Point","coordinates":[-73.9787457883358,40.69177563832656]}},{"type":"Feature","properties":{"name":"Willoughby St & Fleet St","station_id":"66db3d2a-0aca-11e7-82f6-3863bb44ef7c","mode":"CitiBike","region_id":"71","coord_source":"mapbox","mapbox_name":"Citi Bike – Willoughby St & Fleet St"},"geometry":{"type":"Point","coordinates":[-73.98134887218475,40.69192104956221]}},{"type":"Feature","properties":{"name":"Willow Ave & 12 St","station_id":"655b0878-c22b-4f8c-8675-21bf30d1eebf","mode":"CitiBike","region_id":"311","coord_source":"mapbox","mapbox_name":"Citi Bike – Willow Ave & 12 St"},"geometry":{"type":"Point","coordinates":[-74.03038904070854,40.751872562054416]}},{"type":"Feature","properties":{"name":"Willow Ave & E 133 St","station_id":"a7a175ff-8ffb-477c-a40b-6d47ce92305d","mode":"CitiBike","region_id":"71","coord_source":"mapbox","mapbox_name":"Citi Bike – Willow Ave & E 133 St"},"geometry":{"type":"Point","coordinates":[-73.9138711988926,40.80096521475397]}},{"type":"Feature","properties":{"name":"Wilson Ave & Moffat St","station_id":"78aabb95-6195-4aa7-ab0d-5748eeb26bd1","mode":"CitiBike","region_id":"71","coord_source":"mapbox","mapbox_name":"Citi Bike – Wilson Ave & Moffat St"},"geometry":{"type":"Point","coordinates":[-73.90511780977249,40.68909004929603]}},{"type":"Feature","properties":{"name":"Wilson Ave & Troutman St","station_id":"f401cd5f-cb41-41f8-a857-4a4dfe778f94","mode":"CitiBike","region_id":"71","coord_source":"mapbox","mapbox_name":"Citi Bike – Wilson Ave & Troutman St"},"geometry":{"type":"Point","coordinates":[-73.92753034830093,40.70167101314894]}},{"type":"Feature","properties":{"name":"Windsor Pl & 8 Ave","station_id":"0cc38ba1-4625-4821-9a6f-e490525cbce2","mode":"CitiBike","region_id":"71","coord_source":"mapbox","mapbox_name":"Citi Bike – Windsor Pl & 8 Ave"},"geometry":{"type":"Point","coordinates":[-73.98301184177399,40.66092094534574]}},{"type":"Feature","properties":{"name":"Windsor Pl & Howard Pl","station_id":"993fc83f-52c6-43f4-bb49-4abe4ad48150","mode":"CitiBike","region_id":"71","coord_source":"mapbox","mapbox_name":"Citi Bike – Windsor Pl & Howard Pl"},"geometry":{"type":"Point","coordinates":[-73.98018881678581,40.65950887133431]}},{"type":"Feature","properties":{"name":"Winthrop St & Albany Ave","station_id":"1838999304404452058","mode":"CitiBike","region_id":"71","coord_source":"mapbox","mapbox_name":"Citi Bike – Winthrop St & Albany Ave"},"geometry":{"type":"Point","coordinates":[-73.9398081600666,40.6577183022284]}},{"type":"Feature","properties":{"name":"Winthrop St & Nostrand Ave","station_id":"39112ced-337f-4b71-9df6-291cd4265cc9","mode":"CitiBike","region_id":"71","coord_source":"mapbox","mapbox_name":"Citi Bike – Winthrop St & Nostrand Ave"},"geometry":{"type":"Point","coordinates":[-73.95003944635391,40.65707327862805]}},{"type":"Feature","properties":{"name":"Winthrop St & Rogers Ave","station_id":"49703a2d-15e9-4af4-b80e-cca664d7ea18","mode":"CitiBike","region_id":"71","coord_source":"mapbox","mapbox_name":"Citi Bike – Winthrop St & Rogers Ave"},"geometry":{"type":"Point","coordinates":[-73.9533868432045,40.6568799738109]}},{"type":"Feature","properties":{"name":"Winthrop St & Schenectady Ave","station_id":"1838999521825487230","mode":"CitiBike","region_id":"71","coord_source":"mapbox","mapbox_name":"Citi Bike – Winthrop St & Schenectady Ave"},"geometry":{"type":"Point","coordinates":[-73.9337731897831,40.658182227018784]}},{"type":"Feature","properties":{"name":"Withers St & Kingsland Ave","station_id":"3c5a8531-4eec-4695-b4f8-8a1158890e78","mode":"CitiBike","region_id":"71","coord_source":"mapbox","mapbox_name":"Citi Bike – Withers St & Kingsland Ave"},"geometry":{"type":"Point","coordinates":[-73.94057527184486,40.71774023881025]}},{"type":"Feature","properties":{"name":"Woodhaven Blvd & Hoffman Dr","station_id":"1890927910885612334","mode":"CitiBike","region_id":"71","coord_source":"mapbox","mapbox_name":"Citi Bike – Woodhaven Blvd & Hoffman Dr"},"geometry":{"type":"Point","coordinates":[-73.87098401784897,40.733033253927886]}},{"type":"Feature","properties":{"name":"Woodlawn Ave & Sterling Ave","station_id":"2116635185595800086","mode":"CitiBike","region_id":"70","coord_source":"mapbox","mapbox_name":"Citi Bike – Woodlawn Ave & Sterling Ave"},"geometry":{"type":"Point","coordinates":[-74.09244194626808,40.707313525009965]}},{"type":"Feature","properties":{"name":"Woodside Ave & 55 St","station_id":"b319c797-71ff-490c-b965-ba2ac0f50da0","mode":"CitiBike","region_id":"71","coord_source":"mapbox","mapbox_name":"Citi Bike – Woodside Ave & 55 St"},"geometry":{"type":"Point","coordinates":[-73.90893056988716,40.7467916259742]}},{"type":"Feature","properties":{"name":"Woodside Ave & 60 St","station_id":"7a8b474b-7577-4316-a192-d57576d194a3","mode":"CitiBike","region_id":"71","coord_source":"mapbox","mapbox_name":"Citi Bike – Woodside Ave & 60 St"},"geometry":{"type":"Point","coordinates":[-73.90462830662727,40.74521372379374]}},{"type":"Feature","properties":{"name":"Woodside Ave & 69 St","station_id":"0f9423bd-98dd-4919-b6e3-28880ff7ecca","mode":"CitiBike","region_id":"71","coord_source":"mapbox","mapbox_name":"Citi Bike – Woodside Ave & 69 St"},"geometry":{"type":"Point","coordinates":[-73.89586955308914,40.74279345594354]}},{"type":"Feature","properties":{"name":"Woodside Ave & Roosevelt Ave","station_id":"2687f2e1-3529-464d-82eb-e4f61440c563","mode":"CitiBike","region_id":"71","coord_source":"mapbox","mapbox_name":"Citi Bike – Woodside Ave & Roosevelt Ave"},"geometry":{"type":"Point","coordinates":[-73.9060391485691,40.74548805590203]}},{"type":"Feature","properties":{"name":"Woodward Ave & Harman St","station_id":"55a4dc76-d839-4e06-9bf4-2f343391343c","mode":"CitiBike","region_id":"71","coord_source":"mapbox","mapbox_name":"Citi Bike – Woodward Ave & Harman St"},"geometry":{"type":"Point","coordinates":[-73.91092747449875,40.70793061397353]}},{"type":"Feature","properties":{"name":"Wyckoff Ave & Cooper Ave","station_id":"7b56cbab-9d93-4043-bfa5-63eb6b3e5281","mode":"CitiBike","region_id":"71","coord_source":"mapbox","mapbox_name":"Citi Bike – Wyckoff Ave & Cooper Ave"},"geometry":{"type":"Point","coordinates":[-73.90060767531395,40.69337921181915]}},{"type":"Feature","properties":{"name":"Wyckoff Ave & Gates Ave","station_id":"b53b5e8f-9503-48d1-b3e3-9347ecef38e2","mode":"CitiBike","region_id":"71","coord_source":"mapbox","mapbox_name":"Citi Bike – Wyckoff Ave & Gates Ave"},"geometry":{"type":"Point","coordinates":[-73.91175895929337,40.69987140882989]}},{"type":"Feature","properties":{"name":"Wyckoff Ave & Jefferson St","station_id":"9b721468-3b28-429d-9e13-580cdf00a6a4","mode":"CitiBike","region_id":"71","coord_source":"mapbox","mapbox_name":"Citi Bike – Wyckoff Ave & Jefferson St"},"geometry":{"type":"Point","coordinates":[-73.92371222376823,40.70717323051039]}},{"type":"Feature","properties":{"name":"Wyckoff Ave & Stanhope St","station_id":"f6cf3ecc-b3ad-4291-8c24-277f28f64ba1","mode":"CitiBike","region_id":"71","coord_source":"mapbox","mapbox_name":"Citi Bike – Wyckoff Ave & Stanhope St"},"geometry":{"type":"Point","coordinates":[-73.917815387249,40.703558003649334]}},{"type":"Feature","properties":{"name":"Wyckoff St & 3 Ave","station_id":"66de59bd-0aca-11e7-82f6-3863bb44ef7c","mode":"CitiBike","region_id":"71","coord_source":"mapbox","mapbox_name":"Citi Bike – Wyckoff St & 3 Ave"},"geometry":{"type":"Point","coordinates":[-73.9825826883316,40.682764606977116]}},{"type":"Feature","properties":{"name":"Wythe Ave & N 13 St","station_id":"1786375597504305174","mode":"CitiBike","region_id":"71","coord_source":"mapbox","mapbox_name":"Citi Bike – Wythe Ave & N 13 St"},"geometry":{"type":"Point","coordinates":[-73.9570078253746,40.722786803927505]}},{"type":"Feature","properties":{"name":"Yankee Ferry Terminal","station_id":"35915f48-31c5-499a-b845-2ca2fb541904","mode":"CitiBike","region_id":"71","coord_source":"mapbox","mapbox_name":"Citi Bike – Yankee Ferry Terminal"},"geometry":{"type":"Point","coordinates":[-74.01663333177567,40.68711824349961]}},{"type":"Feature","properties":{"name":"Yellowstone Blvd & 65 Ave","station_id":"2206776383852360704","mode":"CitiBike","region_id":"71","coord_source":"mapbox","mapbox_name":"Citi Bike – Yellowstone Blvd & 65 Ave"},"geometry":{"type":"Point","coordinates":[-73.85129526257515,40.73107087905774]}},{"type":"Feature","properties":{"name":"Yellowstone Blvd & 67 Rd","station_id":"2206777693817385998","mode":"CitiBike","region_id":"71","coord_source":"mapbox","mapbox_name":"Citi Bike – Yellowstone Blvd & 67 Rd"},"geometry":{"type":"Point","coordinates":[-73.8492514193058,40.72782790487574]}},{"type":"Feature","properties":{"name":"Yellowstone Blvd & 68 Ave","station_id":"2206778196198800034","mode":"CitiBike","region_id":"71","coord_source":"mapbox","mapbox_name":"Citi Bike – Yellowstone Blvd & 68 Ave"},"geometry":{"type":"Point","coordinates":[-73.84837701916695,40.72628207560143]}},{"type":"Feature","properties":{"name":"York St & Marin Blvd","station_id":"22cd02a2-228f-4eeb-b249-cbea51a0e219","mode":"CitiBike","region_id":"70","coord_source":"mapbox","mapbox_name":"Citi Bike – York St & Marin Blvd"},"geometry":{"type":"Point","coordinates":[-74.04240801930428,40.71663228105166]}}]}