{"type": "FeatureCollection", "features": [{"type": "Feature", "properties": {"name": "NYC/NJ coastline"}, "geometry": {"type": "MultiLineString", "coordinates": [[[-74.00816414593912, 40.686174717161464], [-74.00629739366015, 40.68626460224427], [-74.00654106640371, 40.68703272009279], [-74.00753358478053, 40.68798057247411], [-74.00571888579967, 40.687783651266855], [-74.00510682258418, 40.6883587035992], [-74.00666672300684, 40.68906311213699], [-74.0050895058591, 40.68929878556822], [-74.00346791005141, 40.68951567636274], [-74.00523771714929, 40.69009815958827], [-74.00484643826461, 40.690952311168864], [-74.00291574019353, 40.690409402580855], [-74.00114244558821, 40.690181362719926], [-74.00191928029228, 40.69095445447714], [-74.00385019651036, 40.6914965896983], [-74.0042487594807, 40.69248366052427], [-74.00231794953557, 40.69194114693459], [-74.00272066062536, 40.69275256748576], [-74.0036618119042, 40.693746542567176], [-74.00191621915737, 40.693520341833015], [-74.00142028410625, 40.69422826778312], [-74.00284007571821, 40.695046283798085], [-74.00125916914016, 40.69531273594732], [-73.99977160180664, 40.69578251799379], [-74.00046579064953, 40.69697757459713], [-73.99910233611594, 40.69685395621147], [-74.00014184168005, 40.69759554901376], [-74.0004613108306, 40.6987490970013], [-73.99855626048983, 40.69812209521631], [-73.99899551664927, 40.69910535926511], [-73.99952488411371, 40.70024361341271], [-73.99766800744324, 40.69969738014493], [-73.99679059903595, 40.700962109969296], [-73.99777548387307, 40.7018656458609], [-73.99632485032568, 40.7032505683679], [-73.99540424267134, 40.70335114396447], [-73.99485780929082, 40.703996811736374], [-73.99357209099712, 40.70460830234994], [-73.99195795858064, 40.70420163758221], [-73.99037078183584, 40.70472778191304], [-73.98853841640783, 40.70455905556456], [-73.98705830521735, 40.7051674709627], [-73.98545182592444, 40.705461495862856], [-73.98345477434134, 40.70564279266842], [-73.98197273583996, 40.70584678602771], [-73.9819699811937, 40.70575262434542], [-73.98092296580403, 40.70543921693141], [-73.979510408772, 40.705769259593254], [-73.978866255803, 40.705863947183104], [-73.97841135982397, 40.70575039320397], [-73.97845435662593, 40.70546111263209], [-73.97747531256171, 40.70419839230606], [-73.97707063860182, 40.70314550536055], [-73.97606724894244, 40.7047385245656], [-73.97681467786627, 40.703021654338585], [-73.97571766750396, 40.70278740374553], [-73.97576403408188, 40.701876725237156], [-73.97488284453145, 40.70110380472904], [-73.97559063919903, 40.699525199370825], [-73.97439684360856, 40.70107724205013], [-73.97290633929897, 40.7002824708019], [-73.97337856206866, 40.70117829477445], [-73.97249949372264, 40.701127140984774], [-73.97096700909648, 40.69986387790198], [-73.97205279695444, 40.70120282371053], [-73.97315653816138, 40.70252116820764], [-73.97158337288056, 40.70169571782345], [-73.97003651984859, 40.700419162404856], [-73.97047737850443, 40.70135472341225], [-73.97201049064908, 40.70264774900796], [-73.9720821247751, 40.70313493490066], [-73.9703806504383, 40.70207317545515], [-73.96909293222681, 40.70181501801538], [-73.9707895394297, 40.7028845375516], [-73.97215281388908, 40.703966803684615], [-73.97133255632743, 40.704010960463464], [-73.97303384938154, 40.70507301036027], [-73.97458350270661, 40.70614281757409], [-73.97293160632712, 40.705990610270256], [-73.97383719803729, 40.707095539992665], [-73.9738447196119, 40.70771645814713], [-73.97223674971563, 40.706518828511214], [-73.97103869731755, 40.70646410216039], [-73.97206879232361, 40.70806789907901], [-73.97200292221734, 40.70873229156793], [-73.97065218978025, 40.70726737707877], [-73.97046904184248, 40.70553041131988], [-73.96922836863092, 40.70434109433581], [-73.96753182544573, 40.70342339078585], [-73.96872343323588, 40.70472854725666], [-73.96925797095201, 40.70641431041803], [-73.96986692265709, 40.70826203934304], [-73.96959445216025, 40.71019994702394], [-73.969513590471, 40.71107487892836], [-73.96898037348483, 40.71189135229104], [-73.96860344666685, 40.71313961349006], [-73.96813853669246, 40.714828665299876], [-73.96724751661229, 40.716599916244355], [-73.96685748504477, 40.71810479182591], [-73.96636087600021, 40.71829202710521], [-73.96640935317158, 40.719154529090865], [-73.96536864185823, 40.719513572974066], [-73.96439111344, 40.720182732301375], [-73.96462140453627, 40.72108960309662], [-73.96384375132023, 40.72114985051615], [-73.9626383956799, 40.72266535564003], [-73.96233786811011, 40.72419204066393], [-73.9620132499436, 40.72523042724389], [-73.96018148796777, 40.72498906440098], [-73.95826395143816, 40.72440906236985], [-73.95892631085083, 40.72537671672236], [-73.96044099613921, 40.72592748445956], [-73.96159629887448, 40.72667728598383], [-73.96100930980246, 40.72855532236804], [-73.96131968439379, 40.73035257924432], [-73.96205135258913, 40.73213523037633], [-73.9634541040773, 40.7328313224062], [-73.96308882201818, 40.73304192732484], [-73.9621724249646, 40.7342846700077], [-73.96095809361624, 40.73585842770759], [-73.9595522773548, 40.737277120326084], [-73.9578889694932, 40.73838954806898], [-73.95601222069664, 40.7389989527304], [-73.9540194679023, 40.7390819137735], [-73.95204205150077, 40.738758910252216], [-73.95015605110893, 40.738197993879886], [-73.94828897340034, 40.737465788789706], [-73.94648664110622, 40.73686471049049], [-73.94716055275855, 40.73505132123473], [-73.94674452514249, 40.73528067569742], [-73.94578392974589, 40.736252256512834], [-73.94522817574887, 40.73573440110755], [-73.94402489816223, 40.73610975879779], [-73.94220102386845, 40.735289220141546], [-73.94103644256896, 40.73388466321643], [-73.94048214225207, 40.732504617388855], [-73.93944779596144, 40.730820803579064], [-73.93787233727808, 40.729625044031216], [-73.93603232096694, 40.72886803135007], [-73.93412608507886, 40.72837818940871], [-73.9321677761996, 40.728163385367885], [-73.93021574078816, 40.72775280591924], [-73.92865568782734, 40.726781562122625], [-73.92780810292567, 40.72507972866207], [-73.92702211293351, 40.723244426070465], [-73.92621101430714, 40.72141017770736], [-73.92510011862055, 40.72019308378328], [-73.92470165192616, 40.71869004649609], [-73.9265157840399, 40.71805127987674], [-73.92844746900874, 40.71761386035085], [-73.92953478898286, 40.71664980368275], [-73.93042386897676, 40.715476706932705], [-73.93222845486277, 40.71484261266665], [-73.93140390154255, 40.71350498848057], [-73.93240223563522, 40.71243886935068], [-73.93307688832145, 40.711314917067575], [-73.93191635058777, 40.711334481712754], [-73.93109658598722, 40.70951873663259], [-73.9304475637276, 40.709387475167176], [-73.93124920837234, 40.71120117811254], [-73.93117536152803, 40.71214304076661], [-73.93101080128187, 40.712933816627825], [-73.9309679812461, 40.71440565050735], [-73.92948328688789, 40.71523533035841], [-73.92881012354277, 40.71636537706778], [-73.92738046498727, 40.7173167309827], [-73.92544516877706, 40.717787327352994], [-73.92365050103119, 40.71732849518097], [-73.92370754514016, 40.7159987215085], [-73.92459899825292, 40.71480725961927], [-73.92393089528049, 40.71460646112037], [-73.92288935900183, 40.715775878642475], [-73.92098462686492, 40.7158346924637], [-73.92193496843204, 40.71632115565152], [-73.92310232689955, 40.7178021083427], [-73.92397587570203, 40.71948312494046], [-73.9241949492534, 40.721268816320226], [-73.92492190107133, 40.722770712997814], [-73.92340917005974, 40.72363756565402], [-73.92147165852919, 40.723519309328964], [-73.92101612687891, 40.72379370258738], [-73.92292797489584, 40.72425921074311], [-73.92488164404813, 40.724496285472284], [-73.92652242548137, 40.725643553675496], [-73.92790357960241, 40.72705085950956], [-73.92933933659108, 40.72829222173711], [-73.9312921314378, 40.72869762417772], [-73.93326781946074, 40.72895186426498], [-73.93523957596317, 40.7292929169673], [-73.93708795085453, 40.73003827719771], [-73.93877728956775, 40.73109533128724], [-73.93966088132714, 40.73273953415497], [-73.94037357222, 40.73426180745326], [-73.94162547039703, 40.73580391042748], [-73.94339513495187, 40.736633988333374], [-73.94529103243583, 40.737277664767625], [-73.94479064232904, 40.73798953982555], [-73.94295894087288, 40.738676797420766], [-73.94150942607867, 40.739236962765794], [-73.94045278532116, 40.74056662000328], [-73.93935093873803, 40.74224189714207], [-73.93928267313697, 40.743063038869025], [-73.93982783772442, 40.74243914060187], [-73.94089250049545, 40.74075258955337], [-73.94232726237004, 40.739459321658515], [-73.94394586064732, 40.738815925157276], [-73.94581639639848, 40.738152589550715], [-73.94776236424497, 40.73811260533129], [-73.94965683017807, 40.73877089619978], [-73.95156100716683, 40.73938670805049], [-73.95350464411837, 40.73975498939585], [-73.95549645606945, 40.73977939567291], [-73.95747309162299, 40.73954134512331], [-73.95928737707295, 40.73871861677402], [-73.96108532506443, 40.738130900521305], [-73.96261448458323, 40.73892017335812], [-73.96150906069312, 40.74019481017354], [-73.96172552588665, 40.74111584540085], [-73.961272347443, 40.74191436980804], [-73.96066507509143, 40.743355524774714], [-73.96029290936946, 40.744005470927284], [-73.95939308855944, 40.74422300115458], [-73.95922917338049, 40.7443141169483], [-73.95881564409555, 40.744601348934175], [-73.95919451813056, 40.74513353544373], [-73.95932202186911, 40.74554673439562], [-73.95892421955568, 40.74616146761413], [-73.9577559670175, 40.747723761736346], [-73.95630189223111, 40.748636752304705], [-73.95460219987385, 40.74821340289444], [-73.95353934240627, 40.747799946739875], [-73.95429817448307, 40.74833218193942], [-73.95617400126328, 40.7490187831593], [-73.95601494151072, 40.74975611153043], [-73.95486453511826, 40.749982647977696], [-73.95401857884198, 40.75164398584242], [-73.95276641029257, 40.75301186694231], [-73.9514093014038, 40.75447933978894], [-73.95017902777882, 40.75604216981257], [-73.94892766199989, 40.757609467915366], [-73.9476784345246, 40.75917845934886], [-73.94641530840941, 40.76073629774111], [-73.94514901766475, 40.76226901212405], [-73.94396183852216, 40.76388531870301], [-73.942670915099, 40.765417477214385], [-73.9413245038589, 40.766903924257335], [-73.93968070781895, 40.76802424000932], [-73.93808380431301, 40.76876514368034], [-73.93644334904637, 40.7694459380744], [-73.93481453830886, 40.77019651895239], [-73.93450445339928, 40.77124766422894], [-73.93497332413945, 40.77178225109686], [-73.9368941456298, 40.7723591011484], [-73.9378405368697, 40.77388147447808], [-73.93717562347639, 40.775701282929255], [-73.93593422410798, 40.77720239188745], [-73.93424680791944, 40.778100603036506], [-73.93233560079996, 40.77796682072327], [-73.93084515706431, 40.776916716307895], [-73.92913146669542, 40.776439563136854], [-73.92744579157069, 40.777470107936125], [-73.92570342473309, 40.77841662777856], [-73.92397858115797, 40.77938073515231], [-73.92247037556079, 40.780651246718726], [-73.9208737943079, 40.781855049858095], [-73.91934556068091, 40.78315378757035], [-73.91760364171822, 40.784093965344105], [-73.91647686494943, 40.785493023361205], [-73.91551124552966, 40.78650993140028], [-73.91412684611787, 40.78796063402197], [-73.9126561045489, 40.78932418353576], [-73.91124970735059, 40.7897438862541], [-73.90976318219391, 40.79092781058063], [-73.90779116116025, 40.790562459951715], [-73.90587240451006, 40.79007019703022], [-73.90389785325583, 40.78971877793046], [-73.90200128956589, 40.78940545897714], [-73.9000982993885, 40.78884197571206], [-73.898499766069, 40.78763819098952], [-73.89685629333671, 40.786515981395986], [-73.8962182750872, 40.78575176834777], [-73.89645063917848, 40.78472942150743], [-73.89752450141665, 40.78373224836753], [-73.89920390462478, 40.78276785987689], [-73.90119008821765, 40.78266649473384], [-73.90247317755971, 40.78118601486798], [-73.90212273421051, 40.78088034835525], [-73.90064917995757, 40.78199742714554], [-73.89876929765134, 40.782019719767135], [-73.89703576640682, 40.78278094925568], [-73.89532140028979, 40.78371500401923], [-73.89476852126106, 40.7838761900963], [-73.89571398622873, 40.78290212166674], [-73.89540948474975, 40.781728107875104], [-73.89525324816253, 40.78169897850189], [-73.89400765057063, 40.782423712468464], [-73.89242546976786, 40.78236931431884], [-73.89188412778712, 40.782356447702], [-73.89297819335444, 40.78177163135205], [-73.89178407981247, 40.78091300899052], [-73.89254015794741, 40.77958359185689], [-73.8912033830917, 40.77858949409836], [-73.89235811359497, 40.777271699282316], [-73.8915112033442, 40.77571500422314], [-73.89140243569793, 40.77582797961537], [-73.89063242266911, 40.77737415473858], [-73.88980382404316, 40.776679126700905], [-73.88964019164106, 40.774756017082034], [-73.8895767937603, 40.77360392818208], [-73.88764157322646, 40.77382290306457], [-73.88577805684422, 40.77410847583046], [-73.88498773946198, 40.77411132031463], [-73.88467402526413, 40.77451516524583], [-73.88450177464503, 40.77600120854975], [-73.88494454629983, 40.77795642459652], [-73.88499244668603, 40.77969239742175], [-73.88325066665618, 40.780275436026265], [-73.88146621684722, 40.78057690741662], [-73.87960463954181, 40.7807931340397], [-73.87892568406306, 40.78131488650927], [-73.87932208257769, 40.782628449384724], [-73.87874995178673, 40.78252928299815], [-73.87711054684382, 40.7824402978575], [-73.8753000942298, 40.781577390346996], [-73.8738965682926, 40.78283317552365], [-73.87261913246277, 40.78437930156637], [-73.87134169663297, 40.78592542760908], [-73.86962841452734, 40.78551436373802], [-73.86834045128171, 40.78705160415442], [-73.86867634146199, 40.78656284119018], [-73.86983959833174, 40.784983922429724], [-73.86883986772659, 40.78370423620666], [-73.86975579275222, 40.783187161082424], [-73.87133108415313, 40.78215051276839], [-73.87240520171976, 40.78074940515267], [-73.87067411451177, 40.77976674227126], [-73.86889947910618, 40.778846347232104], [-73.86708454143046, 40.777997784364814], [-73.86531005945716, 40.777077306996006], [-73.86352473200745, 40.7761668273936], [-73.8617160265541, 40.77530027487815], [-73.85991066471198, 40.77442676663079], [-73.85823466880191, 40.77363345046851], [-73.85639904495343, 40.772830425695766], [-73.85520388594277, 40.77175282760115], [-73.85654918881463, 40.77028617411824], [-73.85811478818253, 40.77024742125473], [-73.85637515975682, 40.769260302224566], [-73.857401803231, 40.76864458060553], [-73.85885044179558, 40.76731012497294], [-73.86077673571097, 40.76699293238938], [-73.86221190137002, 40.76683351232499], [-73.86190910540408, 40.76576329155656], [-73.86066895616516, 40.76418904340464], [-73.85949323242448, 40.76256565446733], [-73.85883543006369, 40.762109751445486], [-73.85776102123535, 40.76292897295263], [-73.85797313769882, 40.76326628700429], [-73.85673305060732, 40.763959275934695], [-73.85706062274002, 40.76281704295115], [-73.8576108939547, 40.76304464192333], [-73.85715341635968, 40.76190804858484], [-73.85787372506451, 40.76222163695984], [-73.85768318936906, 40.761422218286405], [-73.85578950653502, 40.76077673452836], [-73.85436832799695, 40.76021111779878], [-73.85244220046944, 40.759828228843844], [-73.85059038639984, 40.75947047154875], [-73.84955260448527, 40.76062026555705], [-73.85120366288835, 40.76059055519609], [-73.85116206913341, 40.76074636647739], [-73.84950427501752, 40.76080666711518], [-73.8479332980299, 40.76056949410857], [-73.84626146554804, 40.761675532563906], [-73.8446133686044, 40.762791976840376], [-73.8433071604926, 40.76348347252361], [-73.84224104079243, 40.76485672849444], [-73.84036005711029, 40.76530487267846], [-73.83945367277124, 40.76611108455991], [-73.83994212727895, 40.76674776492554], [-73.84122952035047, 40.76608128230565], [-73.84233905321925, 40.765906645912494], [-73.8439865140152, 40.7654954391138], [-73.84587946209457, 40.76598545641655], [-73.84765792589651, 40.76667309756745], [-73.8483623525848, 40.76829315445701], [-73.84860459478861, 40.76975260667496], [-73.8496541940299, 40.76985350989575], [-73.84862626950961, 40.77069386339723], [-73.85007586598671, 40.7719324390543], [-73.85116352532124, 40.77188471511749], [-73.84992651887482, 40.77222823477177], [-73.84900270428867, 40.77387508961169], [-73.84907794693758, 40.77575028707129], [-73.84897265355347, 40.77773187688096], [-73.84968612579107, 40.7787093233566], [-73.8501404743774, 40.77929536970821], [-73.85103485017365, 40.77911695059144], [-73.84999290981703, 40.7796050844545], [-73.85198297035606, 40.779502200032994], [-73.85149334121338, 40.77954916879455], [-73.84966711968713, 40.77986246677824], [-73.85102911572875, 40.77995103569043], [-73.85063024005417, 40.779975335565396], [-73.84981575920112, 40.78064587054201], [-73.85047825387123, 40.781120101567154], [-73.84941912587102, 40.78172816680897], [-73.85043093224536, 40.78237214601832], [-73.85241948444893, 40.78234214382943], [-73.8542164519813, 40.78197795858589], [-73.85543394329962, 40.78285665304903], [-73.85665330185547, 40.78315082831652], [-73.85780908067339, 40.78366249807132], [-73.85829146770108, 40.784953793471786], [-73.85921667062932, 40.78547171181133], [-73.85898366015228, 40.78600626432393], [-73.85776097287076, 40.78696973901793], [-73.85616301507245, 40.78726917189994], [-73.85448534517498, 40.7877332412905], [-73.8529380343352, 40.78834966418116], [-73.85480084892386, 40.78863892175882], [-73.85417186669333, 40.790406761445325], [-73.8527523620517, 40.791399436073924], [-73.85364820423598, 40.79293201052559], [-73.85286343640568, 40.794336365354106], [-73.8517002495486, 40.79415612626195], [-73.84980433555108, 40.79352770317139], [-73.8489753945926, 40.79439552362674], [-73.84795167666077, 40.79574249891554], [-73.84604344191408, 40.79604022556317], [-73.84463181937356, 40.79493315947875], [-73.84317375820717, 40.795425068931564], [-73.84302415975158, 40.79583772654482], [-73.84268986229922, 40.796443243916464], [-73.84219142753412, 40.7956577904437], [-73.84116352109093, 40.796333732370975], [-73.84043528891728, 40.797626189444], [-73.83864056451375, 40.79820280953451], [-73.83885150551941, 40.798000561195735], [-73.8400601072714, 40.797117324026786], [-73.8383524835073, 40.796639264554905], [-73.83758088193251, 40.79478805439692], [-73.83683537231278, 40.79300053141629], [-73.83713641735928, 40.791434620881205], [-73.83696047869041, 40.790472250684026], [-73.83720282479841, 40.78946032602645], [-73.83622989453649, 40.78948958843387], [-73.83445199101025, 40.789118898488255], [-73.83283472585016, 40.78856393492544], [-73.8316956041363, 40.78931228278774], [-73.83174993644931, 40.790994709442046], [-73.82997691154411, 40.79156288363675], [-73.82851722533462, 40.792477223799274], [-73.82837957677897, 40.792562855869754], [-73.82789935006826, 40.7942060523323], [-73.8286289606466, 40.79577244127563], [-73.82914559397639, 40.79659620100601], [-73.82728881084083, 40.79694744637234], [-73.8263427684705, 40.79751400526158], [-73.82457735216386, 40.79771663770939], [-73.8234785563755, 40.798473307833376], [-73.82311917968924, 40.79875526095204], [-73.82254637618, 40.79929306975098], [-73.8213717120315, 40.800158839393184], [-73.82029203688778, 40.80069291541601], [-73.81870625948767, 40.800225086939186], [-73.81702644540167, 40.79915883368517], [-73.81531214629668, 40.79824000098772], [-73.81365646580379, 40.79735162404282], [-73.81329622694074, 40.797099393984645], [-73.81256188300391, 40.79801735142398], [-73.81113519419259, 40.797290819524996], [-73.80917157682559, 40.796928477784284], [-73.80723384660959, 40.796580618684565], [-73.8062260856559, 40.796484886176174], [-73.80469995970574, 40.79617068686156], [-73.80428274978138, 40.79621314911246], [-73.80377767463183, 40.79660635662748], [-73.80296421299155, 40.79657547195896], [-73.80161100416652, 40.796338111425655], [-73.80016920077867, 40.79642216047418], [-73.7992528659517, 40.796071468364914], [-73.79766368813983, 40.79599190909116], [-73.79668861966925, 40.79529289507343], [-73.79596671625539, 40.795003469403355], [-73.79455854229566, 40.79470593482799], [-73.7947768017536, 40.79288249485082], [-73.79467629824646, 40.791083245365286], [-73.79384211035402, 40.78926186473897], [-73.79338391478173, 40.78896033781087], [-73.79164281248588, 40.78947423617477], [-73.78988099871884, 40.79037202087689], [-73.7878779845676, 40.79034007746036], [-73.78587395162249, 40.79033729667617], [-73.7838920030311, 40.790632223185966], [-73.78292810848887, 40.79142186960994], [-73.78395098265499, 40.79167842127508], [-73.782, 40.79124890549787]], [[-73.782, 40.79489867246834], [-73.782, 40.79497732110844]], [[-73.74075029590836, 40.638], [-73.7394742558888, 40.635711924905706], [-73.74076211255279, 40.63509356819674], [-73.74192794227184, 40.6349975976284], [-73.74203570096319, 40.636151276349175], [-73.741591643025, 40.638]], [[-73.74423394688372, 40.638], [-73.74604426161304, 40.636665325069835], [-73.74521398957222, 40.638]], [[-73.74556105195369, 40.638], [-73.74687188051287, 40.638]], [[-73.74784483313825, 40.638], [-73.7484245999005, 40.63618769855085], [-73.74957493036729, 40.63490454323307], [-73.75140460006091, 40.63421186339191], [-73.7532187832626, 40.63356707326184], [-73.75498504780316, 40.63284775881581], [-73.75675998319444, 40.63228105421855], [-73.75852681727773, 40.63156753017752], [-73.76028494257937, 40.63081212130389], [-73.76210336021798, 40.63027192910624], [-73.76379066213678, 40.62946916696269], [-73.76497246380244, 40.629073575156085], [-73.76664275276435, 40.62804165765661], [-73.76758846802167, 40.626360840186585], [-73.76860920997854, 40.62470530768263], [-73.76863279653986, 40.62290073677886], [-73.76976098547827, 40.62162375781689], [-73.77063885709299, 40.62008564155328], [-73.77161821982799, 40.62121888894764], [-73.77081544742198, 40.62295554197862], [-73.77182686316465, 40.623456341287024], [-73.77276086570124, 40.62226053299958], [-73.77399199121814, 40.620680099153404], [-73.7751061483674, 40.619290138279695], [-73.77424663472503, 40.62046476424175], [-73.77329761483372, 40.621610558713655], [-73.77241846947958, 40.622731930862166], [-73.77190592514054, 40.62353683558404], [-73.77284315989866, 40.62471439436414], [-73.7737368111499, 40.62539287139128], [-73.77515508481747, 40.62679951254736], [-73.77694305812139, 40.62765226546091], [-73.77891560522684, 40.62745563293259], [-73.78045628185907, 40.62620635915514], [-73.781572646564, 40.6245489694607], [-73.78274019701587, 40.622920971478436], [-73.78390774746774, 40.62129297349618], [-73.78509097091114, 40.61997585354708], [-73.78477014341716, 40.61821881384495], [-73.78439372194568, 40.61693932328052], [-73.7832161989728, 40.6155798084941], [-73.78173878174081, 40.61518318957981], [-73.78083921993023, 40.613957195614624], [-73.7817798971522, 40.613111496079824], [-73.7833016022457, 40.61210279794472], [-73.7849605591017, 40.611929542629206], [-73.78636947543663, 40.61077156162541], [-73.78789022545715, 40.610297212350794], [-73.78908925405975, 40.609521731327916], [-73.79020150042724, 40.60855035480379], [-73.79134548311104, 40.60773005457807], [-73.79163103539639, 40.60873374221036], [-73.79349136872577, 40.608974442882634], [-73.79457126103796, 40.610028708767345], [-73.79622916074511, 40.61076261965953], [-73.79793577560176, 40.611306099877204], [-73.79931449808736, 40.612026493746214], [-73.80067823317499, 40.612014437795914], [-73.79965708782862, 40.613241309017695], [-73.79948732105693, 40.61454079462842], [-73.79856872973112, 40.61587326650604], [-73.79741786247804, 40.61657106490308], [-73.79679685863269, 40.61774409019563], [-73.79628363370989, 40.61890290975554], [-73.79557096340714, 40.620466862530336], [-73.7949283543415, 40.621787808212424], [-73.79415162249134, 40.62277182134489], [-73.79221521037466, 40.62236808152779], [-73.79029275518789, 40.62258206939402], [-73.78864340791976, 40.62349030915139], [-73.78708461937966, 40.624744009064], [-73.78556245712234, 40.62604653489878], [-73.78411843515946, 40.62743139900213], [-73.7830061670707, 40.62906879746293], [-73.78336850571215, 40.6304946545386], [-73.78491020172599, 40.63167385632028], [-73.78678466150535, 40.632252377444736], [-73.78834949562962, 40.633440163074575], [-73.7898968600341, 40.63403088107381], [-73.79126128574967, 40.6340826522327], [-73.79310463371023, 40.633298037815166], [-73.79494775231451, 40.6325128848471], [-73.79679078223855, 40.63172752366507], [-73.79818327262227, 40.63129202840155], [-73.79637843894021, 40.631939124552105], [-73.79453542745415, 40.63272452900175], [-73.79269242778753, 40.63350996118345], [-73.79084898687319, 40.63429435337048], [-73.79183512671197, 40.635549778410876], [-73.79365339737268, 40.636214703337245], [-73.79540090002219, 40.637083024600294], [-73.79711200393928, 40.63795015078396], [-73.79899891619841, 40.63839983545539], [-73.80075163836719, 40.639279507875585], [-73.80257807076127, 40.640101799038526], [-73.80444614131532, 40.64082482461786], [-73.8062029226048, 40.64164664855804], [-73.8080140248102, 40.64247372686275], [-73.80985363070096, 40.64325422034718], [-73.81163957857905, 40.64408197576574], [-73.81354015235236, 40.64465498148322], [-73.81537368864834, 40.64545440198438], [-73.81722873831635, 40.64607954070314], [-73.81899862145231, 40.64691565343188], [-73.82031876588321, 40.64841692241838], [-73.82175555516396, 40.64978379338427], [-73.82233990348429, 40.65166222347234], [-73.82294615125501, 40.65354285297328], [-73.82347340221932, 40.65546263431677], [-73.82295907728816, 40.65738853226616], [-73.82238454326409, 40.65930158751606], [-73.82101468549135, 40.66018531355637], [-73.81952917725674, 40.66079443359536], [-73.81764071744333, 40.66099289048083], [-73.81614620662748, 40.66078591362681], [-73.81467733036573, 40.66062938266973], [-73.8129399801132, 40.660182078724006], [-73.81130842582657, 40.66062890177372], [-73.81322264913926, 40.66108195455158], [-73.81517920838935, 40.66146988149679], [-73.81715321386092, 40.66179239123288], [-73.81897559397662, 40.66201013698888], [-73.82083192636196, 40.661315858031884], [-73.82266665847938, 40.66055169998793], [-73.82385482927506, 40.65912155446813], [-73.82412350991143, 40.65775331425666], [-73.82477890628836, 40.65622815250775], [-73.82467595211105, 40.65429605636564], [-73.82413162646986, 40.65241740401709], [-73.82358913992749, 40.65055065269223], [-73.82307901414751, 40.64876103955694], [-73.82383340001914, 40.64877174466024], [-73.82489461307809, 40.64937532164376], [-73.82608059579408, 40.6498115275638], [-73.82631414678767, 40.64873604390825], [-73.82762642830973, 40.64892757702696], [-73.8292138704763, 40.649871859668146], [-73.83049503759032, 40.65128562784544], [-73.83131525534964, 40.65298969411322], [-73.83087179361766, 40.65446253010525], [-73.82948208170407, 40.65560806489027], [-73.83005804400203, 40.65565645970354], [-73.8305575296435, 40.654915024608314], [-73.83206690956602, 40.6540874417684], [-73.8313891462982, 40.65531065308567], [-73.83003577112798, 40.656565553383395], [-73.82904698832431, 40.6575071831238], [-73.82969436856105, 40.65850907916106], [-73.83005038133207, 40.659336301144926], [-73.8298405486477, 40.65812066818836], [-73.82946145173162, 40.656715090432876], [-73.83118849661558, 40.65606668650811], [-73.83225352312434, 40.655126449284296], [-73.83284550878422, 40.65704037312455], [-73.83215598986247, 40.65627545942022], [-73.83256908837365, 40.65774773056308], [-73.83116515064712, 40.658339953630716], [-73.83312421671734, 40.65809341625292], [-73.83296467722136, 40.65636375761565], [-73.83242842406251, 40.654434158715645], [-73.83193240464936, 40.652493567328285], [-73.83140346883236, 40.650561292395125], [-73.83105444976752, 40.648602677258154], [-73.83275474812552, 40.648025368754304], [-73.8347536572998, 40.64814474925559], [-73.83575801555295, 40.649497596522174], [-73.83629219673486, 40.651427054935084], [-73.83673874703598, 40.65337795411054], [-73.83731989330909, 40.655295111739974], [-73.83783687203876, 40.65722945774703], [-73.83823323125006, 40.6591927610201], [-73.83876778956127, 40.66111038727188], [-73.83877991201875, 40.662434811955144], [-73.83980140480975, 40.661235889237346], [-73.83944201828888, 40.659295722636664], [-73.83891289498042, 40.65736357004073], [-73.83843660822744, 40.6554176290055], [-73.83791956462294, 40.65348262184689], [-73.8373972955149, 40.651549187615686], [-73.83690578342517, 40.64960708423229], [-73.83643593858733, 40.64765963462405], [-73.83597320383284, 40.645710422466564], [-73.8376710700669, 40.64525570340334], [-73.83967207071137, 40.645157990002446], [-73.84158268926394, 40.64491485112801], [-73.84357992714139, 40.64475803164973], [-73.84557716501884, 40.64460121217146], [-73.84756727140469, 40.644373849589385], [-73.8495462280126, 40.6441628886879], [-73.8511549157406, 40.6453569051374], [-73.85237142201633, 40.64687196044421], [-73.8518363324528, 40.64873566055325], [-73.85077337932802, 40.64976795390709], [-73.84983526199622, 40.65083955277419], [-73.85018316027765, 40.65162004277767], [-73.85186896292973, 40.65079537152378], [-73.85376829418209, 40.6506408860947], [-73.85560376864521, 40.65126431709038], [-73.85663792663, 40.65271416733996], [-73.85836903318457, 40.65309878124038], [-73.85928438684573, 40.65474021079205], [-73.86070930890106, 40.65603221234496], [-73.86062217682952, 40.65662193199243], [-73.85991981657733, 40.657216084382995], [-73.86006670807708, 40.65860232791823], [-73.86092758619694, 40.65860141306604], [-73.86127843921223, 40.65867380922482], [-73.85983999024486, 40.65829826673073], [-73.8604534018483, 40.65720776934652], [-73.86161866672623, 40.657579542025836], [-73.8630086917685, 40.65736804408507], [-73.86300809648442, 40.65604935843276], [-73.86124391304078, 40.65525315941692], [-73.85976396446681, 40.65419070322516], [-73.85887469857813, 40.652607544828136], [-73.8573943396019, 40.65128829229911], [-73.85755995502136, 40.64968692975459], [-73.85810908736838, 40.64778132465997], [-73.85813656829303, 40.64589041503609], [-73.85719816597147, 40.644149079215026], [-73.85864404269317, 40.64327083512973], [-73.86063446779187, 40.64306243222693], [-73.86258582534212, 40.6426684974167], [-73.86420831795053, 40.64153396056298], [-73.86588645450435, 40.640450113910944], [-73.86590815692077, 40.639434787508264], [-73.86622164452167, 40.639336790803455], [-73.86774104474186, 40.64019817774536], [-73.8690557486547, 40.641651993781764], [-73.86993402920984, 40.64344212481029], [-73.87091618706893, 40.64509105107524], [-73.87270469169368, 40.64576500661742], [-73.87389018227074, 40.64737756760419], [-73.87507940480324, 40.648989802467995], [-73.87626862900814, 40.65060203609816], [-73.87745928130835, 40.652213215331834], [-73.87864996417703, 40.65382437199526], [-73.87946007810774, 40.65402927529896], [-73.87821025426373, 40.65250234984802], [-73.87701232008133, 40.65089657739137], [-73.87594199923097, 40.649230185608666], [-73.8747783602325, 40.647599389554856], [-73.87360814640017, 40.645974560748165], [-73.8733864752717, 40.6441986989222], [-73.8722589894484, 40.64272245041455], [-73.87110440413299, 40.641097254851616], [-73.87008235493441, 40.63951085490646], [-73.86866601776738, 40.63837136938315], [-73.8690814550485, 40.637432808634145], [-73.86963188680103, 40.63791816865044], [-73.87149305743132, 40.637187398513724], [-73.87326031851556, 40.63630480154915], [-73.8750994111085, 40.637018047024135], [-73.87664689384809, 40.63828085312704], [-73.87846277168225, 40.63895553976045], [-73.87976646686745, 40.64030556551182], [-73.88066248414087, 40.64151226389292], [-73.88079652043048, 40.642197310141576], [-73.88220817644509, 40.6434161262352], [-73.88352821979016, 40.64448730787331], [-73.8853422870086, 40.644012027933336], [-73.88681301117336, 40.645254744003466], [-73.88766794685316, 40.646793010695525], [-73.88841667924967, 40.647998678532346], [-73.88988115031357, 40.64918716119843], [-73.8911291927808, 40.64921307265661], [-73.89000758226346, 40.6477206006318], [-73.88895728915904, 40.64624136042914], [-73.88894463144494, 40.64718873578496], [-73.88853947863711, 40.64682186178125], [-73.88821694536384, 40.64600363412278], [-73.88808383991888, 40.645159300796195], [-73.88678983190337, 40.64452129579001], [-73.88537579244857, 40.64343666096708], [-73.88368155507042, 40.64240023171526], [-73.88218306114666, 40.64107104860356], [-73.88077806074166, 40.6396710127507], [-73.87948488217441, 40.638201319544095], [-73.87851967072534, 40.6375092612518], [-73.87718655198701, 40.636032928165385], [-73.87832799453693, 40.63448440736698], [-73.88003892101219, 40.63346149502255], [-73.8815875222465, 40.63229866089865], [-73.88330376593872, 40.6313405861547], [-73.883710796116, 40.62975727357794], [-73.88285330083102, 40.62847496613301], [-73.88401221467784, 40.62784158105172], [-73.88556146050273, 40.62854967713403], [-73.8874066974792, 40.62838170633327], [-73.88907920216815, 40.627292775172876], [-73.89063424948445, 40.626041184211324], [-73.89159312135648, 40.624438295511226], [-73.89319690527464, 40.62342312908566], [-73.89508102188202, 40.62281507730482], [-73.89677932517583, 40.62285313022968], [-73.89863767007583, 40.62334105467298], [-73.90010154874089, 40.6247087573972], [-73.90170765774572, 40.62580218158957], [-73.90366896482745, 40.626210624999224], [-73.90551625569226, 40.62696001130965], [-73.90732873416017, 40.62781351777776], [-73.90914122696785, 40.62866699379007], [-73.91095374314136, 40.62952042018317], [-73.91276787102333, 40.630370413702536], [-73.9145823060447, 40.63121975288133], [-73.91640348197312, 40.63203705471291], [-73.91713663941142, 40.63091242111253], [-73.91535678321696, 40.62999282151763], [-73.91353121775279, 40.62916768594319], [-73.91170560575003, 40.62834264515435], [-73.90987999374727, 40.62751760436551], [-73.90805598432487, 40.62668903223849], [-73.90623298963503, 40.62585822428915], [-73.90440861892415, 40.62503048925079], [-73.90504093666837, 40.62556148288755], [-73.9043115751327, 40.62522233263301], [-73.90293947843439, 40.62452630715742], [-73.90269708269913, 40.62420896431279], [-73.90265017378417, 40.623941725174916], [-73.90222655220784, 40.623187954578455], [-73.90089000622967, 40.62208327567227], [-73.89930994345403, 40.621757561020196], [-73.89735884691638, 40.62168228207072], [-73.8961557255894, 40.62070379889443], [-73.89576026050422, 40.61926688810234], [-73.89652758037242, 40.61770557080197], [-73.8962360922298, 40.61607872988875], [-73.89599360338785, 40.61474974870451], [-73.89438723787583, 40.61391243767351], [-73.8924119961528, 40.613761692606836], [-73.89103101019724, 40.61264452721862], [-73.89238689440455, 40.611922431522075], [-73.89396657513535, 40.611278818890746], [-73.89239328211424, 40.61142650884305], [-73.89112692123439, 40.61225565401306], [-73.88974917676131, 40.611213968509], [-73.8910493986603, 40.60980482580903], [-73.89176432421084, 40.60950534524305], [-73.89221453002125, 40.60845229148958], [-73.89317312562261, 40.606938204043345], [-73.89498670656198, 40.606337558862585], [-73.89681435341318, 40.60562821474634], [-73.89870912317195, 40.605351847685874], [-73.90029819968468, 40.60609355980532], [-73.90053313969047, 40.60779594161574], [-73.90023272186696, 40.609665577619275], [-73.90117522780204, 40.61102354056894], [-73.90224286867263, 40.61192041409746], [-73.9013281954413, 40.610681037873064], [-73.90231722800081, 40.611614883974944], [-73.90295707465263, 40.61215795756424], [-73.90341728192092, 40.612875414440545], [-73.90491246493534, 40.61420876812225], [-73.90598560719006, 40.61498977789385], [-73.90716004039793, 40.61601872414217], [-73.9072904736774, 40.61635545607383], [-73.90757732274028, 40.616763363729596], [-73.90854016336141, 40.6173088410161], [-73.90854000727556, 40.616694167213055], [-73.90862929719252, 40.61611080423598], [-73.90877174221237, 40.61618418399072], [-73.90957935232132, 40.61661311724987], [-73.9082692626102, 40.61534782748314], [-73.90676233766777, 40.61429668794773], [-73.90530934055874, 40.6130415452453], [-73.90414804619691, 40.612006641265275], [-73.90331373527236, 40.61123427560356], [-73.90225256534598, 40.610026913847015], [-73.90196877063651, 40.608260164550316], [-73.90172880842418, 40.60640012465377], [-73.90284886463871, 40.60549330033935], [-73.9047932076209, 40.6050105148224], [-73.90585087972698, 40.606251311277894], [-73.90779157556125, 40.60633951633239], [-73.90854517623576, 40.60595298481649], [-73.90840730914222, 40.60554644712251], [-73.90943875233431, 40.60641619730503], [-73.90895132570394, 40.60506459198139], [-73.90892519811634, 40.60396084793873], [-73.91085199175507, 40.60352282058971], [-73.91282933039638, 40.60380862928505], [-73.91442518659665, 40.60469523657632], [-73.91579827356759, 40.60595392935988], [-73.91664861530361, 40.607275930535906], [-73.91676853286485, 40.60882084464166], [-73.91667726313923, 40.608665203672224], [-73.91669864759106, 40.609490270370074], [-73.9158349617612, 40.610742034578024], [-73.91455414140711, 40.61182020892576], [-73.9148860300082, 40.613610430878175], [-73.91411836507666, 40.61485680465266], [-73.91552631879568, 40.61418311303203], [-73.91576046850784, 40.613648721702155], [-73.91599315938885, 40.613391611936954], [-73.91623576944835, 40.61319061963795], [-73.9159773466495, 40.61227266798199], [-73.91666897553465, 40.61107853697862], [-73.91809311690865, 40.610115882632684], [-73.91786010821697, 40.6091027274507], [-73.91849956343266, 40.60853608003362], [-73.91882988774154, 40.608331250900164], [-73.91846197144835, 40.60774971582434], [-73.91871695843005, 40.607475633454975], [-73.91910522751633, 40.60779198394211], [-73.91862725849377, 40.606870873448344], [-73.91716916692084, 40.60551610970712], [-73.91588257157652, 40.60419029359918], [-73.91459097701983, 40.6030125987411], [-73.9134671071621, 40.60265678850572], [-73.91320824275469, 40.60277759898763], [-73.91295347892333, 40.60242185802564], [-73.91241524797177, 40.602146256414215], [-73.91248189480216, 40.602360987279056], [-73.91240870453892, 40.60256155837776], [-73.91132014634091, 40.60244716180132], [-73.91138853942296, 40.60220578675781], [-73.91087003454297, 40.60204381174293], [-73.90929079522714, 40.60257868944328], [-73.91048038179255, 40.60244154578609], [-73.90945597238239, 40.60218781724797], [-73.9100927039219, 40.601988356402835], [-73.90844200443163, 40.60194112835058], [-73.90676948866903, 40.602378903730504], [-73.9049163217647, 40.60259368796191], [-73.90318873714335, 40.60264801679281], [-73.90143129520807, 40.60327209068649], [-73.89950125759056, 40.60345045037503], [-73.89767501295907, 40.603378813272684], [-73.8958149253374, 40.603218414884324], [-73.89390428069419, 40.603185685832436], [-73.89203231833969, 40.60345304085752], [-73.89032119560228, 40.60415722722606], [-73.88857742333168, 40.604890485039014], [-73.88667813386377, 40.60525291929391], [-73.88468803874548, 40.605168475171055], [-73.88312902775338, 40.60479407755348], [-73.8832247435248, 40.60316088627337], [-73.88256772329788, 40.60142568323933], [-73.88180965941667, 40.59963807764849], [-73.88144634740213, 40.597782280576894], [-73.88070022209352, 40.5959744688478], [-73.88049398328701, 40.59401454142911], [-73.87992110380961, 40.592094812127286], [-73.87956307726603, 40.59116317978249], [-73.87904495836598, 40.59007588214704], [-73.8788390252159, 40.588180772925234], [-73.87788908028125, 40.58643654224013], [-73.87675970733119, 40.58484562388276], [-73.87782111854365, 40.58314651890485], [-73.8788825297561, 40.58144741392694], [-73.88014301776916, 40.58001774360162], [-73.88180588687825, 40.57930396476496], [-73.88348035370826, 40.57892165979394], [-73.88541322178398, 40.5784719710567], [-73.88734468439452, 40.578075729770205], [-73.88926662689816, 40.577895553579154], [-73.89124763904549, 40.57786005565608], [-73.89312977319705, 40.5772589260994], [-73.89506252338401, 40.576755456806275], [-73.89604670040437, 40.578215722352084], [-73.89708780317525, 40.57988859606967], [-73.89656056632106, 40.581777243614766], [-73.89692385291721, 40.583657712131554], [-73.89813848335555, 40.58519507029922], [-73.89839503672873, 40.586953225879085], [-73.89958661690225, 40.587260242852956], [-73.89993269407209, 40.58781768141765], [-73.90117180355244, 40.587445745771284], [-73.90038977746227, 40.58809541016942], [-73.90216515972703, 40.587350264865535], [-73.90404713146224, 40.587028367322006], [-73.90588886611576, 40.58750427126548], [-73.90707519293635, 40.58746016543044], [-73.90738804719301, 40.58691195338045], [-73.90931352029993, 40.58638828001858], [-73.91125176220953, 40.58599052575278], [-73.91159744369864, 40.58731118244889], [-73.91171192015187, 40.58919776787437], [-73.91151640661346, 40.59097572902422], [-73.91188787252308, 40.59277243880894], [-73.91214061475722, 40.594612382976834], [-73.91319976165512, 40.59620009578235], [-73.91434390547082, 40.597549011470285], [-73.91541619209433, 40.59899890382858], [-73.91703924270621, 40.59982928459635], [-73.9185004963862, 40.600728708146235], [-73.91990247631699, 40.601029629531865], [-73.9213702578148, 40.60170104880248], [-73.92270718513394, 40.601549905709334], [-73.92372761524464, 40.600271793079465], [-73.92513435686995, 40.59998370679063], [-73.92679401086042, 40.601031880022056], [-73.92832453604404, 40.60221939213177], [-73.92958433984877, 40.60323191040006], [-73.92999495136702, 40.60377498654558], [-73.93146301998735, 40.60354654697387], [-73.93152614097549, 40.60217733883754], [-73.93003158361886, 40.60125971011736], [-73.92883392910831, 40.60043479147369], [-73.9274829553833, 40.600095501777055], [-73.92603779845611, 40.59896001764042], [-73.92448387229204, 40.59774244358106], [-73.92296082028636, 40.596494508190716], [-73.92172686524579, 40.59502558728572], [-73.91992371559587, 40.59439377250275], [-73.91836906380463, 40.59320205382786], [-73.91700906028147, 40.5918475750826], [-73.9157857936147, 40.59072203930478], [-73.91455353633086, 40.58966494523811], [-73.91483484858102, 40.58861729800192], [-73.91662049105557, 40.58778453659742], [-73.91811345189035, 40.58653020360843], [-73.91968237235653, 40.58614920765377], [-73.92079242420473, 40.58584620667743], [-73.92176219114963, 40.58576037994493], [-73.92323992672068, 40.585979425828576], [-73.92489369878419, 40.58570779262124], [-73.92622254194224, 40.586792003576456], [-73.92711139721816, 40.587488329166774], [-73.92734186889014, 40.58800038734246], [-73.92738825716759, 40.588072941245386], [-73.92754468824332, 40.5885033099746], [-73.92642110492802, 40.58955535714753], [-73.92472369103831, 40.59061931958074], [-73.92476691858407, 40.59105275141792], [-73.92638972766218, 40.59001610423249], [-73.92803009814816, 40.588907623101484], [-73.92844004365418, 40.58882635749923], [-73.92905954089396, 40.58892997672765], [-73.92972259139587, 40.58938690610652], [-73.93020319526585, 40.589559850804235], [-73.93048335758105, 40.5900323886085], [-73.93051670444923, 40.59038828376031], [-73.9305381249985, 40.59102307437634], [-73.9304884696984, 40.59136998287349], [-73.93039875785377, 40.59175704415854], [-73.93026848282736, 40.59251356948832], [-73.92979394996709, 40.59297275440317], [-73.92978643920097, 40.5934239227915], [-73.93041822228432, 40.593838321546905], [-73.93059347944704, 40.5944710639875], [-73.93123501114492, 40.59428142773053], [-73.93131966297963, 40.59453994558644], [-73.93213491424571, 40.59483362982882], [-73.93264871801091, 40.59419223356836], [-73.93170224296843, 40.59303285023438], [-73.9313670026903, 40.591918281949134], [-73.93107702635767, 40.5916886907432], [-73.93145882571599, 40.59115021994133], [-73.93111385281918, 40.5893638604655], [-73.93056938451531, 40.58875915138153], [-73.9303742641196, 40.5884254579845], [-73.93056240992445, 40.58743014302393], [-73.93069162146409, 40.58690955147932], [-73.93056597628359, 40.5869055145036], [-73.9295913260621, 40.58700588582964], [-73.92810324166393, 40.586378133022585], [-73.92756558290237, 40.58603336671487], [-73.92690918947716, 40.58568424559749], [-73.9258268998889, 40.5851950406598], [-73.92584254489178, 40.58495806247886], [-73.9240239948463, 40.58469794223573], [-73.92209394470905, 40.58467415761423], [-73.92016961969021, 40.58466525337467], [-73.91869721862429, 40.58526145566598], [-73.91718041479052, 40.58568537378673], [-73.91543747759012, 40.5862380349208], [-73.91359667829482, 40.5861112580285], [-73.91249729897439, 40.58477555393535], [-73.91247153058882, 40.5835567405252], [-73.9137538554921, 40.58300541660671], [-73.91523918750676, 40.5830905524895], [-73.91698037331001, 40.58321507347308], [-73.9160269052769, 40.582628072831056], [-73.91434510651827, 40.58241053131171], [-73.91307731392835, 40.58295283711159], [-73.91246650670695, 40.58288765046579], [-73.91145184528709, 40.58188824333824], [-73.91340150078268, 40.5816830946574], [-73.9153600892246, 40.581592643958494], [-73.91731455635325, 40.58200407220776], [-73.91924447765369, 40.582489836219146], [-73.92118158782972, 40.58298677994886], [-73.92313375991519, 40.583429469798965], [-73.92512757902801, 40.58351301067573], [-73.92706700676892, 40.583577404220456], [-73.92906580136265, 40.583451819133344], [-73.93087157628055, 40.5829769966612], [-73.93195691831777, 40.58301102581031], [-73.93278374452962, 40.58294305870418], [-73.93453299643198, 40.58316158050223], [-73.93582553443483, 40.583080530606935], [-73.9364282433868, 40.58298234712139], [-73.936972352719, 40.58297680608992], [-73.93716179450517, 40.58334718453476], [-73.93849768783295, 40.58322141289628], [-73.93978053679457, 40.58333159769217], [-73.94027464705934, 40.583072366936264], [-73.94092216692316, 40.583182049289455], [-73.94204666067925, 40.58356254452405], [-73.94271855484904, 40.58350798320551], [-73.94351233254807, 40.58347273951247], [-73.94380909268736, 40.58327652394925], [-73.94431259953768, 40.58315936277534], [-73.94509391709546, 40.58334403468321], [-73.94587317289148, 40.5835342730144], [-73.94664979176338, 40.58355545570387], [-73.94709827593778, 40.583402875123035], [-73.94836339272305, 40.583488776801545], [-73.95035556746691, 40.58327736436492], [-73.95235007101101, 40.58308893108661], [-73.95332968560159, 40.58214816535771], [-73.9514531961475, 40.58216458849833], [-73.94946094028683, 40.58227406080972], [-73.94749300472148, 40.58189885334569], [-73.94552504856425, 40.58152375329117], [-73.94355690007832, 40.58114966730298], [-73.94156807640393, 40.58101415387204], [-73.93956493503012, 40.58104539168187], [-73.9375617824532, 40.5810759079281], [-73.93555862930793, 40.581106386844155], [-73.93398015704227, 40.581202625857586], [-73.93449249592577, 40.581220176735506], [-73.9334141763996, 40.58113779884025], [-73.93238153777095, 40.580741276261016], [-73.93182042693783, 40.5788313705055], [-73.931266961738, 40.57694423678127], [-73.932022953888, 40.57563747290832], [-73.93402392076639, 40.57555000458643], [-73.93547602907226, 40.57564267049747], [-73.9370464717213, 40.57555013653964], [-73.93904881179644, 40.57548543946683], [-73.94105115035457, 40.57542069545929], [-73.94282342434035, 40.57561777744982], [-73.94460341910721, 40.575544054024405], [-73.94605636548502, 40.575450507491865], [-73.94723744591384, 40.57496442849957], [-73.94922518834173, 40.57472367057032], [-73.9511990925152, 40.57444092912793], [-73.95315934803405, 40.57428882286899], [-73.9547684810835, 40.574370991846365], [-73.95630446925817, 40.57381509609955], [-73.95803963981686, 40.574133912702386], [-73.95913741885008, 40.57387052222426], [-73.96113248811712, 40.57383676669756], [-73.96312469281119, 40.57363000872688], [-73.96512135320133, 40.573466055033], [-73.96711988877401, 40.57333069866152], [-73.96867399497579, 40.573099634312406], [-73.96952890550396, 40.57275319516038], [-73.97137768297631, 40.57251041111679], [-73.97211507983432, 40.57260632140315], [-73.9732472475703, 40.571629627892115], [-73.974736526379, 40.5721830483784], [-73.97571373130097, 40.571964774818845], [-73.97766166283799, 40.57171836995643], [-73.97787195435122, 40.57179111189878], [-73.97980410269061, 40.57156381024563], [-73.98042007662424, 40.57173771103259], [-73.98178837406243, 40.57131511031012], [-73.98308847120248, 40.57150715626531], [-73.98326506358148, 40.57018329338405], [-73.98363096431697, 40.570070267426345], [-73.98387678948734, 40.571384146019994], [-73.98587011515224, 40.57118379536922], [-73.9877846711457, 40.57101737183088], [-73.98940770789443, 40.57082436970847], [-73.99083170176823, 40.57044325197158], [-73.9926946797364, 40.570439639204004], [-73.99440812063227, 40.57039010543995], [-73.99590953989654, 40.570392967553936], [-73.99762442446026, 40.57036036360902], [-73.99961307354991, 40.57046615442756], [-74.00145806224913, 40.570345636587305], [-74.00219606946007, 40.57027401514899], [-74.00286230307745, 40.57207718513465], [-74.00459762783879, 40.572854100296965], [-74.0065354783289, 40.57335720659066], [-74.00850463708242, 40.57372318897678], [-74.01048364877202, 40.573957901805], [-74.01208182497538, 40.57505144538966], [-74.0125813195413, 40.57697300581126], [-74.012625398487, 40.57876429450147], [-74.01127881561372, 40.58021620392486], [-74.00942619626576, 40.580932470132716], [-74.00761874080597, 40.581769008443764], [-74.00563275288775, 40.58193955715837], [-74.00365651754639, 40.58163120361708], [-74.00168427084836, 40.58139850295127], [-73.99970040081051, 40.581284541660864], [-73.99790102548123, 40.5811355475997], [-73.99648848665235, 40.58029962319259], [-73.99453434042205, 40.57985818916751], [-73.99258019419176, 40.57941675514243], [-73.99061385782714, 40.57938592458449], [-73.98875697135644, 40.578827091530265], [-73.98750327854363, 40.57909174896771], [-73.9868413416222, 40.58022594890535], [-73.98610834430626, 40.58168204457781], [-73.98748365525212, 40.58030193376317], [-73.98904615985091, 40.580134990785766], [-73.99083896997905, 40.580923158860976], [-73.99159211260827, 40.582038221069524], [-73.9905929035739, 40.58377463484322], [-73.9912555283198, 40.584224696333436], [-73.99305155196073, 40.58336179935609], [-73.99483414950375, 40.58250942403776], [-73.99671754133259, 40.58225265120227], [-73.99864493232022, 40.58277313646397], [-74.00038626506723, 40.5834401689288], [-73.999341482562, 40.58485925424087], [-73.99861756746887, 40.58550367744765], [-73.99947292320007, 40.586304706558664], [-73.99756669484725, 40.58680134926951], [-73.99575081972873, 40.587647605165394], [-73.99439927080903, 40.58836679169029], [-73.99513636919943, 40.58818718707504], [-73.99476503370339, 40.58860572203657], [-73.99548317634328, 40.58840922691662], [-73.99729115610647, 40.58758012958662], [-73.9968684060837, 40.58781921721876], [-73.99506498239867, 40.588674041713574], [-73.99629588446122, 40.588857886546094], [-73.99808834062895, 40.587963094740914], [-73.99988079679669, 40.58706830293573], [-74.0000997939741, 40.587269779427345], [-73.99829677001618, 40.58814308126237], [-73.99900799660352, 40.58904094848753], [-73.99851527692726, 40.58977110186303], [-73.99833965373482, 40.59035143018975], [-73.99725917424728, 40.59163802904316], [-73.99731587173264, 40.59174012074169], [-73.99909415556291, 40.59119090681821], [-73.9997455052424, 40.59191649519006], [-73.99923961497062, 40.59314718806468], [-73.99936225053227, 40.59322891997567], [-74.00114728729278, 40.59268243812203], [-74.00214119553506, 40.59429641214706], [-74.00338684138676, 40.59585650564139], [-74.00495645316336, 40.59709996381732], [-74.006612994904, 40.59822293973493], [-74.00831166588863, 40.599285014818996], [-74.0100474832709, 40.600282249513214], [-74.0118597891027, 40.601133476951944], [-74.01375356994329, 40.60178032035793], [-74.01569462631953, 40.6022692199199], [-74.01768251712636, 40.60250049040808], [-74.01951613645168, 40.60293054703495], [-74.02137925793814, 40.60360535215126], [-74.02336695148871, 40.603854518735695], [-74.02535412670527, 40.60410883905066], [-74.02734229472892, 40.60435529269243], [-74.02933013869868, 40.604603658922294], [-74.03116813759291, 40.6053523906188], [-74.0328352617871, 40.60644009065126], [-74.03432192798991, 40.60778025206936], [-74.03575553527916, 40.609078648692396], [-74.03667252632054, 40.61080339207263], [-74.03801054548416, 40.612279940193325], [-74.03939933681673, 40.61371581265182], [-74.04041317438899, 40.61543702986775], [-74.04080797421294, 40.61739900566279], [-74.04124420313616, 40.61935419406674], [-74.04158106141695, 40.62128755644792], [-74.04170918189651, 40.62327315888495], [-74.04171686683334, 40.62523310318159], [-74.04151653237939, 40.62722495390465], [-74.04122844312941, 40.62920542326068], [-74.04058519991824, 40.63105360589751], [-74.03975901688253, 40.63287867056531], [-74.03890790478346, 40.63469221922531], [-74.03803768445351, 40.63649672282402], [-74.03716156515564, 40.6382983794127], [-74.03798290206862, 40.639347405506385], [-74.0377128501357, 40.63944167100198], [-74.0362262482404, 40.63997325477074], [-74.0366108288448, 40.64135786231275], [-74.03555028539107, 40.64277075613934], [-74.0342614651027, 40.64413687013802], [-74.03261745634852, 40.64376349314886], [-74.03162662058628, 40.64417194484789], [-74.03014189828964, 40.64504638233757], [-74.02882845318565, 40.64483598870368], [-74.02834681948744, 40.64409457900287], [-74.02691395769578, 40.645327821915956], [-74.0266756274037, 40.64663871640228], [-74.02839148141109, 40.64767283269807], [-74.02942367423697, 40.64877344715592], [-74.02770810798762, 40.647801771020106], [-74.0259871630048, 40.64677614932866], [-74.02481979102457, 40.647275123739696], [-74.0260794678118, 40.64815977764927], [-74.02441885442761, 40.647439362276046], [-74.02500719852286, 40.64868690832341], [-74.0250298346425, 40.650381256234716], [-74.0258889421336, 40.651171829547785], [-74.02475480115463, 40.650704614204614], [-74.02536843968129, 40.65176539062878], [-74.02392266411645, 40.651308396677045], [-74.02344290950546, 40.65153389978225], [-74.02514819493108, 40.652585352636684], [-74.0238917624702, 40.65201251377171], [-74.02216503399677, 40.65104107587378], [-74.0212224096053, 40.651192624082086], [-74.02178048600943, 40.65166862404764], [-74.02169128185209, 40.65173715004521], [-74.02339547423254, 40.65279037358191], [-74.02259628137583, 40.65259374579093], [-74.02137115854923, 40.65295467203341], [-74.02307189306181, 40.65401347022268], [-74.0216344391903, 40.65364321164477], [-74.02152421940198, 40.65480735107549], [-74.0197805215653, 40.65416530131597], [-74.01831765321501, 40.65372980511123], [-74.01963571895969, 40.65476042571741], [-74.01919824342731, 40.65483642305594], [-74.01754066769531, 40.65439154247337], [-74.0182910259624, 40.65553935705267], [-74.01963015346156, 40.65653804938442], [-74.01788869340263, 40.655547661404384], [-74.0165208128051, 40.65570208651897], [-74.01820503220762, 40.656786962775534], [-74.01840302175702, 40.657725637395274], [-74.01668002715584, 40.65670346270757], [-74.01581694015616, 40.65687445313237], [-74.01750743014938, 40.6579495322321], [-74.01675964169786, 40.65787137395373], [-74.01500659743195, 40.656993227266845], [-74.01540841377995, 40.65820683389914], [-74.01712127026616, 40.659245907595064], [-74.01612871100802, 40.66035761829226], [-74.01444090866171, 40.66008074596058], [-74.01272999058159, 40.65947235115165], [-74.01119021417702, 40.65960703570224], [-74.01269642497554, 40.660700230410605], [-74.0136329578997, 40.661732768153385], [-74.01183824323046, 40.66146911319758], [-74.01013991823456, 40.66040660565625], [-74.00843195128067, 40.65967334844408], [-74.00804003446922, 40.66092577785711], [-74.00973378445549, 40.66199571358971], [-74.00964785230684, 40.663201124233254], [-74.00781767760664, 40.66284773361879], [-74.00611150409024, 40.66189016964087], [-74.00445554113531, 40.66154643501788], [-74.00551140413206, 40.66242513036112], [-74.0052695778266, 40.66275616848092], [-74.0035912372711, 40.662133310135715], [-74.00486869303542, 40.662577871596916], [-74.00555831525735, 40.6629935215508], [-74.00646646473317, 40.66396054745186], [-74.00729179741494, 40.664610292167865], [-74.00656680374553, 40.664234384015685], [-74.00588568507997, 40.66387545037198], [-74.00559106029596, 40.663865791907945], [-74.00387372285621, 40.662881082000816], [-74.00457163881654, 40.66372212074395], [-74.00497337353288, 40.66495645941401], [-74.00326369981437, 40.66413716321984], [-74.00153102962001, 40.663131476645674], [-74.00006911789097, 40.66378400025735], [-74.00046090293007, 40.66496304443152], [-74.00217231347528, 40.66600449795117], [-74.00191415009732, 40.6667686872876], [-74.00062664650792, 40.66753767433587], [-73.99904363627223, 40.668424557952136], [-73.99912779853355, 40.66879701477379], [-73.99876733467595, 40.67046047093488], [-73.99919314488547, 40.67096921583418], [-74.0000750680284, 40.66917157002815], [-74.00143466005746, 40.66836472884746], [-74.00279264242695, 40.66753340926179], [-74.00440194476873, 40.667778924798434], [-74.00612468454898, 40.66762284738409], [-74.00695582048094, 40.666039328816545], [-74.00618001091343, 40.66776213074318], [-74.00531248891204, 40.669567886250675], [-74.00544284428919, 40.6709145639861], [-74.00635821045712, 40.66913255394747], [-74.00734437566517, 40.66747314365396], [-74.00723516310468, 40.66829280561515], [-74.00875693970889, 40.66855048611716], [-74.01025301980718, 40.66771030686862], [-74.01113520619494, 40.66591161326905], [-74.01261579910062, 40.66495363557899], [-74.01460420324509, 40.66470909428159], [-74.01657527301761, 40.664767651881135], [-74.01792446910753, 40.66609625397456], [-74.01822487886703, 40.668076987541774], [-74.01852528862652, 40.67005772110898], [-74.0191793249865, 40.6716167832569], [-74.01747816418765, 40.67081540064683], [-74.01718684635604, 40.668833309476156], [-74.01689552852442, 40.66685121830548], [-74.01646666401385, 40.66492758437889], [-74.01499600409659, 40.66553810404542], [-74.0129977253006, 40.6656810492846], [-74.01171584791305, 40.66688544335235], [-74.01078391731137, 40.668608968552675], [-74.0108929557376, 40.669712279476656], [-74.01208846077358, 40.67041468108943], [-74.01397393838339, 40.66973753585328], [-74.01268875384703, 40.67033850818325], [-74.01262335454872, 40.67084356502287], [-74.01441690044781, 40.67125638345577], [-74.01444269108295, 40.67139279791238], [-74.01485381611504, 40.67160198711804], [-74.01499179457625, 40.671635663602984], [-74.01347844743243, 40.67287853546109], [-74.01402986042875, 40.67304721818771], [-74.01562505074689, 40.672473220271854], [-74.01542637676243, 40.673681769866974], [-74.01528200576512, 40.674406957844376], [-74.01680734457366, 40.673108155346135], [-74.01835613914479, 40.67203170297972], [-74.01767355047504, 40.673251620157394], [-74.01789449271774, 40.674168494074706], [-74.01834019656795, 40.67542460814845], [-74.01844805752974, 40.6754905281711], [-74.01829558127483, 40.67656462075453], [-74.01993352578475, 40.677053547772175], [-74.01886594814187, 40.67788571476785], [-74.0194386703223, 40.67835974764483], [-74.01826502604048, 40.67862399395682], [-74.01937366258166, 40.67943742469049], [-74.01789095175832, 40.68056285785665], [-74.01617164685291, 40.681393901488924], [-74.01472795447471, 40.68246785587536], [-74.0130139582018, 40.68350504836681], [-74.01278282987118, 40.68251350284218], [-74.01378023084648, 40.68139137215117], [-74.0127301037163, 40.68065835884224], [-74.01120617243338, 40.6819588145056], [-74.00968221076909, 40.68325923456593], [-74.01115023402386, 40.68413501580832], [-74.01153313801363, 40.6844841777012], [-74.00981913791674, 40.68552136387337], [-74.00816414593912, 40.686174717161464]], [[-73.76644645768016, 40.61422488527399], [-73.7651176561586, 40.61332722344373], [-73.76452050103171, 40.61182816570425], [-73.76257609418492, 40.611417919106295], [-73.76092215528192, 40.61129538314074], [-73.76103048349198, 40.61001333638448], [-73.76116309416062, 40.60949308608321], [-73.75979457505423, 40.61085490070916], [-73.7588321542186, 40.610331222352634], [-73.75685528851773, 40.610253563360075], [-73.75580274164895, 40.6103772251676], [-73.75418248838095, 40.61045470506545], [-73.75223988690102, 40.61092498757485], [-73.75033149436192, 40.61155949944224], [-73.7483669823675, 40.61197484880128], [-73.74691562387353, 40.61171408654429], [-73.74545002137828, 40.611378881400164], [-73.74433526615618, 40.6097107819186], [-73.74323231104816, 40.60803802089332], [-73.74238107347504, 40.60657040021724], [-73.7409022856861, 40.605208073948276], [-73.73923589041556, 40.604146969146264], [-73.73812252674088, 40.60250279663502], [-73.73809773622742, 40.60050499495536], [-73.73828171836622, 40.59850231725643], [-73.73855209644965, 40.59724673577369], [-73.73962270415454, 40.59721324297262], [-73.74034813562605, 40.5962882976393], [-73.74142936518756, 40.59693627291482], [-73.74053995959144, 40.59649756659408], [-73.739606975234, 40.59676572284946], [-73.73951681216367, 40.597036421053424], [-73.73883699797106, 40.596811982268825], [-73.73807412361684, 40.59643866210196], [-73.73765387930133, 40.59447925379898], [-73.73896149675495, 40.59457540247231], [-73.74013824096932, 40.594573606182635], [-73.7416885286162, 40.594642040234426], [-73.74335218489485, 40.59479479798305], [-73.74515530356919, 40.59456219722646], [-73.74707562141711, 40.594095507968234], [-73.7489276839114, 40.59342042892595], [-73.75065440411649, 40.592404948976395], [-73.75219725545969, 40.591259856177], [-73.75416041266271, 40.59091357701568], [-73.75615048326758, 40.59094141386287], [-73.7581064295353, 40.59137805282219], [-73.76009423956286, 40.59162217901482], [-73.76209554775963, 40.5916551088284], [-73.76408342088051, 40.59139596523041], [-73.76606246577381, 40.591042398035675], [-73.76804158638652, 40.590724781787586], [-73.77001090904089, 40.59071971521908], [-73.77199812738174, 40.590517641317206], [-73.77399403751743, 40.5903820499809], [-73.77590608569575, 40.59022302290806], [-73.77764245462171, 40.590046725792995], [-73.77957897431011, 40.58960072277747], [-73.78152833692657, 40.58925679414423], [-73.78346428846734, 40.58877470500628], [-73.7854223657265, 40.58833789679197], [-73.78739963266166, 40.587989263979736], [-73.78924681414682, 40.58762220491158], [-73.79121634319496, 40.58727203112242], [-73.79317852673762, 40.5869500859664], [-73.79509869620684, 40.586511504756025], [-73.79704885972781, 40.586257633430506], [-73.79897944367426, 40.58588077763852], [-73.80092416676098, 40.58540668207226], [-73.80287897853486, 40.58502610541222], [-73.80479069599787, 40.58474049491856], [-73.80674536766459, 40.584386799951204], [-73.80869025339445, 40.58403341893749], [-73.8106668079565, 40.583758576391254], [-73.81266829734038, 40.5835694532791], [-73.81461869152179, 40.583122679144424], [-73.81654932955017, 40.582569996778865], [-73.81848903778807, 40.582044967642894], [-73.82041678782777, 40.58148348836578], [-73.82237913882747, 40.581059376075], [-73.8242772801975, 40.58040157958011], [-73.82618907596871, 40.579797858908634], [-73.82810554086588, 40.579212291035475], [-73.83005118210245, 40.57876509006271], [-73.83197483014494, 40.578227173400116], [-73.83389581056785, 40.5776380317295], [-73.8357345838668, 40.57682510815239], [-73.83758510554976, 40.57604386181703], [-73.83946452426503, 40.57535805611948], [-73.8413724427191, 40.57472212014344], [-73.84327291460961, 40.57406426680543], [-73.84515890819203, 40.5733664583393], [-73.84705408922814, 40.5726951324464], [-73.8489348302748, 40.57199144433971], [-73.85082344552131, 40.57131042471918], [-73.8526997557305, 40.570616153415024], [-73.85458190348768, 40.56999426740885], [-73.85646571590046, 40.56934202173367], [-73.8583220594882, 40.568598641087036], [-73.86021473214002, 40.5679245261908], [-73.8620482604193, 40.567098441913046], [-73.86320410104416, 40.56697382106186], [-73.86514770041295, 40.56662956691572], [-73.86639958908545, 40.5657204360273], [-73.86774675168058, 40.56577419034882], [-73.8686523949124, 40.56553368513043], [-73.87053303650018, 40.564841130798115], [-73.8710559601108, 40.56471363427292], [-73.8725163389695, 40.56381470962379], [-73.87377860922217, 40.5638838473376], [-73.87534588358692, 40.56329985797282], [-73.87693999486689, 40.56280951722977], [-73.87877084141077, 40.562111988213154], [-73.88045140986887, 40.561473940401285], [-73.88236281913339, 40.56092458366014], [-73.88400816428387, 40.56051557314746], [-73.88567668434571, 40.560047969741156], [-73.88732455031936, 40.55954221805238], [-73.88922390201628, 40.558970720479024], [-73.8909499909198, 40.55855316511742], [-73.89259180379953, 40.55812144100845], [-73.89447500616507, 40.55748770585082], [-73.89594297224417, 40.557268311131715], [-73.89748511256415, 40.55703723514892], [-73.89923377860485, 40.55671422050885], [-73.90082199912278, 40.55667481913728], [-73.90282046976907, 40.55672933484806], [-73.90477673799008, 40.55627186400741], [-73.90669672166344, 40.55567442380594], [-73.90856712290858, 40.55493923412047], [-73.91043829852666, 40.55420414752122], [-73.91231690224524, 40.55348622862767], [-73.91419399589645, 40.55276436519339], [-73.91607108954766, 40.552042501759104], [-73.91791598607959, 40.55124423291843], [-73.91978691006445, 40.5505160279977], [-73.92168161551757, 40.549841744200585], [-73.92357632097071, 40.54916746040346], [-73.92547102642384, 40.548493176606335], [-73.92735225682672, 40.54778318992197], [-73.92918922897269, 40.54696671604647], [-73.93106226764391, 40.546235014479045], [-73.93295487643282, 40.54555497404491], [-73.93486870538555, 40.5449395735806], [-73.93675641771785, 40.54424870168893], [-73.93856340516876, 40.54336789390093], [-73.94047603312336, 40.54282653507931], [-73.94065394096492, 40.542664118892766], [-73.9404574145845, 40.54466560453473], [-73.9402608882041, 40.54666709017669], [-73.94012902026746, 40.548671778341934], [-73.94038618133757, 40.55065397832476], [-73.94063987921953, 40.55263734964412], [-73.93990592431902, 40.554484615613745], [-73.938427362508, 40.55583001209533], [-73.93667127410276, 40.556806461030156], [-73.93476297389867, 40.55734107328522], [-73.93277107925091, 40.557484255414955], [-73.93100598712266, 40.558421023666746], [-73.9293409051888, 40.5595488842728], [-73.92760305452931, 40.56055382526766], [-73.92591719195697, 40.56163410215652], [-73.92394924053109, 40.56202707260709], [-73.92194178142995, 40.56207520470488], [-73.92024078492412, 40.562544349786315], [-73.9190660205789, 40.56247799013165], [-73.91713544194529, 40.563028856377315], [-73.91537065122328, 40.56399007944068], [-73.91348475060022, 40.56463759464479], [-73.91193260569078, 40.56524972158249], [-73.91190431391225, 40.56529625325588], [-73.91031342722246, 40.564963982705486], [-73.90988800948861, 40.56451537836951], [-73.90812585260777, 40.56401687829068], [-73.90706271507628, 40.56293211719976], [-73.90508124570422, 40.56283496954867], [-73.90315050813135, 40.56337126754998], [-73.90137087083902, 40.562977801903266], [-73.89947499503108, 40.56363452322165], [-73.89766517604511, 40.56448976955383], [-73.8959485542712, 40.565513312773675], [-73.89549003467647, 40.5670570483205], [-73.8938015823109, 40.56802158974473], [-73.89193963558549, 40.568487899102394], [-73.89002740287371, 40.56810064287406], [-73.88820163106688, 40.56803628310496], [-73.88628131102296, 40.568466692548], [-73.88433043735523, 40.568689187423566], [-73.88465410603936, 40.56830261894272], [-73.88379443779708, 40.56813026505987], [-73.88368461843326, 40.56881464123766], [-73.8824677061867, 40.56844392682897], [-73.88065952900416, 40.56869992517349], [-73.87866764335466, 40.568640824613695], [-73.87673896360879, 40.569182853750235], [-73.87492033005343, 40.57004031650719], [-73.87311491883615, 40.57092633764382], [-73.87130857204444, 40.57181045815253], [-73.86950308186636, 40.57269633207698], [-73.86769759168827, 40.573582206001426], [-73.86589260926876, 40.57446909544514], [-73.8641122156799, 40.57540407502183], [-73.86233720289253, 40.57634951924172], [-73.86056088002712, 40.57729251684031], [-73.85878387565194, 40.57823422445811], [-73.85700367609087, 40.57916988300466], [-73.85522562687382, 40.58010962030144], [-73.85344719713629, 40.58104863793657], [-73.85156852521123, 40.58175359146773], [-73.84961921993731, 40.5821562894209], [-73.84762389639562, 40.58201380266758], [-73.84564422190425, 40.58165966340979], [-73.8436418993263, 40.581648596456006], [-73.8416329495609, 40.581741570006564], [-73.83962442483987, 40.581843529989], [-73.83828636536141, 40.58271378503541], [-73.8362991227277, 40.58284488687394], [-73.83434290755356, 40.58328335014642], [-73.83240131585349, 40.58380755341175], [-73.83049586637142, 40.58435333502935], [-73.8285679701326, 40.58484261305064], [-73.82742566678169, 40.586265394475156], [-73.82549562661171, 40.58683039525089], [-73.82379731266391, 40.58731528658655], [-73.82192084355711, 40.58701442446506], [-73.8201381927778, 40.58745637542136], [-73.81838797027673, 40.58841404671253], [-73.81728367007605, 40.58929121358797], [-73.81547357920833, 40.589880743320805], [-73.81381811829739, 40.59071211093923], [-73.81329189548762, 40.591184960742495], [-73.81158100187017, 40.59168077272969], [-73.81142756185375, 40.59224447462888], [-73.8112239745514, 40.59245945797861], [-73.81094727873241, 40.59277773613265], [-73.81081780012502, 40.59212694882746], [-73.80989423764186, 40.593030822078966], [-73.80952816903844, 40.59300863050251], [-73.8084526950458, 40.59304031386067], [-73.80663661788174, 40.59226003640436], [-73.80574819541397, 40.590757093966424], [-73.80502489906658, 40.59157873767652], [-73.80478027006478, 40.59210509643306], [-73.80663018342428, 40.59288966023217], [-73.80782863319688, 40.593866580271], [-73.80704994977766, 40.59530212246166], [-73.80518892434316, 40.59519902090727], [-73.80400926201544, 40.593795380516774], [-73.80306968720257, 40.59260684369528], [-73.80249484090014, 40.59386730673299], [-73.80255587143505, 40.59420324715031], [-73.80270842517957, 40.594298009887886], [-73.80346495189194, 40.59445999614528], [-73.80333750781422, 40.5949504081324], [-73.80338623815027, 40.5951714901626], [-73.80468921727999, 40.59636591456538], [-73.80517355421965, 40.59690250208574], [-73.80442656538983, 40.597730627675915], [-73.80307312746311, 40.59872998419096], [-73.8012028395899, 40.599125835859056], [-73.7999868920544, 40.59921142224003], [-73.79841011295399, 40.5991751116738], [-73.79647967923516, 40.59939470883673], [-73.79455229540174, 40.59942137843887], [-73.79274403761539, 40.59998788739757], [-73.79108383404527, 40.600683965355785], [-73.7895110523001, 40.60185794757828], [-73.7879132053854, 40.60307018888612], [-73.78625191753942, 40.60296772510176], [-73.7875383538828, 40.601633209853645], [-73.78894814455238, 40.60026619116682], [-73.79032408428478, 40.59903489596193], [-73.79107180711614, 40.59719277739782], [-73.79095596078434, 40.59526854507183], [-73.79067780904052, 40.59580082129823], [-73.79041446812705, 40.59491109066683], [-73.7904228895558, 40.596042031083385], [-73.78985948549419, 40.59472105589163], [-73.78986152902922, 40.596101684563166], [-73.78968228546596, 40.59492308984766], [-73.78918378039191, 40.5962023002892], [-73.78904972514044, 40.59803452489236], [-73.78751307735666, 40.599204301399084], [-73.78602972306275, 40.600280093793494], [-73.78590001660967, 40.60091310306439], [-73.78450706243564, 40.60178875245917], [-73.78327604541006, 40.60324975664219], [-73.78394616703395, 40.604821116440405], [-73.78279382703448, 40.606173733822935], [-73.78138850017886, 40.607521331816564], [-73.77988103907377, 40.60884965980799], [-73.77811091107569, 40.609737623394004], [-73.77613866727651, 40.60965848036465], [-73.77436905533307, 40.60904032388921], [-73.77428809583877, 40.60782703259969], [-73.77520832195572, 40.60850942923349], [-73.77538278441592, 40.6085609994191], [-73.77460848200595, 40.606857193732075], [-73.77501325503921, 40.60495815764771], [-73.77544351521469, 40.604095944278], [-73.77572862817404, 40.60302740571458], [-73.77665270350916, 40.60205648514179], [-73.77814171021956, 40.60079762099323], [-73.77923626132804, 40.60055330836136], [-73.78082453435123, 40.599940698875294], [-73.78194011069623, 40.59854232706668], [-73.78051942270396, 40.59729511048853], [-73.77919654082947, 40.59758543644279], [-73.77763380727227, 40.59865277465528], [-73.77669470660238, 40.60034640181468], [-73.77538085747007, 40.601652579721666], [-73.77475933318466, 40.60090081612771], [-73.77413890960047, 40.59948474712916], [-73.77336922614334, 40.59806326577731], [-73.77147421012657, 40.59809015053043], [-73.76960616951474, 40.59822272924052], [-73.76799150610093, 40.59817690368998], [-73.76981831109576, 40.5987022364076], [-73.77113510467886, 40.599541581581754], [-73.77077462200387, 40.601465843117204], [-73.77039198972889, 40.602932493897676], [-73.77054213197214, 40.60467908703099], [-73.76983949688561, 40.60633338684579], [-73.76958907113335, 40.60812924945401], [-73.76924594662373, 40.609746733702124], [-73.77103273868768, 40.6103897129839], [-73.7724571767656, 40.6114842668259], [-73.77291363765188, 40.610263883401], [-73.77383139037221, 40.611696471714374], [-73.77383381460865, 40.612915723189545], [-73.7723517753534, 40.61378176051531], [-73.7703961815299, 40.614044242566294], [-73.76842887493719, 40.614209478052466], [-73.76644645768016, 40.61422488527399]], [[-73.76950321562758, 40.84721783423517], [-73.76804899026686, 40.84558411996368], [-73.76955328534389, 40.84557397318563], [-73.77121668905842, 40.84699158340916], [-73.77107733351525, 40.84897727042244], [-73.77162344799274, 40.8509327800952], [-73.7725661356972, 40.85210522574645], [-73.77237023516768, 40.85244051103685], [-73.77230661737757, 40.85351297099234], [-73.77234142598996, 40.85390098408527], [-73.77216290873854, 40.85603456460277], [-73.77219129211491, 40.85821761291494], [-73.77183574165437, 40.86001691703423], [-73.76980458746081, 40.859516335684674], [-73.7683618693411, 40.858026401284974], [-73.76698516385488, 40.85646893687087], [-73.76533751293148, 40.85504237460343], [-73.7674644885076, 40.85453063987509], [-73.76895431838348, 40.85328121160091], [-73.76886976467566, 40.85137670906038], [-73.76906465342115, 40.84931360333951], [-73.76950321562758, 40.84721783423517]], [[-73.76760072096499, 40.86749638654145], [-73.76760072096499, 40.86749638654145]], [[-73.76670827781243, 40.61491086618555], [-73.76908494540098, 40.61504138251382], [-73.7714329242545, 40.615503201980474], [-73.77378090310803, 40.615965021447124], [-73.77237424820403, 40.61750075149606], [-73.77062559264009, 40.61913430150603], [-73.76887693707613, 40.620767851516], [-73.76734413625434, 40.619654357600226], [-73.76702550397084, 40.61728270092517], [-73.76670827781243, 40.61491086618555]], [[-73.77109611675695, 40.87069300521903], [-73.77162473185601, 40.87180678931611], [-73.77109611675695, 40.87069300521903]], [[-73.77310632921939, 40.86161457503282], [-73.77310632921939, 40.86161457503282]], [[-73.7745364051096, 40.87471001543833], [-73.7745364051096, 40.87471001543833]], [[-73.77457410741184, 40.86195718217299], [-73.77457410741184, 40.86195718217299]], [[-73.78992229296311, 40.858532289389935], [-73.78878330561783, 40.85743403421999], [-73.78871584156215, 40.857011164621255], [-73.78842510475332, 40.855331697866944], [-73.78792569949842, 40.85425892898586], [-73.78806879285055, 40.85410812920971], [-73.7875978204529, 40.85383635985718], [-73.78708674346176, 40.852694963939875], [-73.78546983218041, 40.8516748665296], [-73.78398379236891, 40.85153995312335], [-73.7841952306917, 40.85113511096814], [-73.78400652953061, 40.85051695383861], [-73.78317911770989, 40.8492222553991], [-73.78174333225333, 40.84933023126145], [-73.7815539615452, 40.84879430488129], [-73.78212384244618, 40.848390613315665], [-73.78138617140159, 40.84839813594129], [-73.78146478565507, 40.84830648812567], [-73.78189516915536, 40.84799520720461], [-73.7822112685357, 40.84684359908651], [-73.78061256843293, 40.84707311226234], [-73.78112016264761, 40.84666718121348], [-73.78128337321793, 40.84676432523714], [-73.78248946251857, 40.845954365589144], [-73.78254124541922, 40.84563395783124], [-73.78299551832518, 40.845506965540274], [-73.78189005379356, 40.845333189912125], [-73.78305095571534, 40.84487340849438], [-73.78331489678887, 40.8437927287367], [-73.7818478235678, 40.84417822081222], [-73.78012299092102, 40.84409265800235], [-73.78050768788714, 40.84424334714381], [-73.78137621119761, 40.844254686609446], [-73.7818974337659, 40.843829758651104], [-73.78228910492393, 40.84353921048198], [-73.78277005366571, 40.843715178375234], [-73.78282903742684, 40.84385350098812], [-73.78314131096194, 40.843172779188684], [-73.78303815220553, 40.842631744785336], [-73.7823432498153, 40.84284832989168], [-73.78161113860945, 40.84273130298922], [-73.78080845700262, 40.84288191316296], [-73.78029468216249, 40.843228337289666], [-73.78066296947901, 40.842884407281325], [-73.78265334687913, 40.84251715368154], [-73.78138938181581, 40.84263961337549], [-73.78174976522469, 40.842541483135605], [-73.78167656951098, 40.84231907541941], [-73.78145477495704, 40.84213806481596], [-73.78220238900956, 40.84173623912949], [-73.78103788083484, 40.84193697598123], [-73.78036824982648, 40.842108329894714], [-73.78110904085696, 40.84188150404408], [-73.78109960148963, 40.84122847032067], [-73.78144868126137, 40.841038023207695], [-73.78131689893182, 40.840231047209286], [-73.78137113040282, 40.83914903038807], [-73.78213259033006, 40.837487454657456], [-73.78281988713613, 40.83634095149271], [-73.78442185791998, 40.836946747346595], [-73.78480540445594, 40.837417299332934], [-73.78517637765859, 40.83746399610463], [-73.78573252346071, 40.839227891923905], [-73.7873826590909, 40.83976001218722], [-73.78804149274168, 40.84073516067285], [-73.78785263174873, 40.8410538191568], [-73.78823023614599, 40.84180226328518], [-73.78869125660415, 40.84262614919788], [-73.78988621742637, 40.84306587245692], [-73.78938082536162, 40.84384106079218], [-73.79034649968077, 40.84533891713834], [-73.7910621553787, 40.84634633174393], [-73.79176336897045, 40.84673843126055], [-73.79150153554309, 40.84734384945662], [-73.79131355828378, 40.848389795945046], [-73.79012815776439, 40.84926452901789], [-73.79090950990867, 40.84978502140749], [-73.7902450056751, 40.85027195034388], [-73.79045372659209, 40.85051228292633], [-73.79006402506369, 40.85090321020535], [-73.78974948889145, 40.85146998243462], [-73.7906873656445, 40.85131090888179], [-73.79009046660408, 40.85151371353264], [-73.7908978000574, 40.851641760742005], [-73.7901412740463, 40.85220917145723], [-73.79066076950116, 40.851908941053786], [-73.79135586239391, 40.85177074865444], [-73.79221248186765, 40.85164810765916], [-73.79089959469734, 40.85209837820333], [-73.79130841122083, 40.85217249275826], [-73.7926937235846, 40.85192711866781], [-73.79251999455224, 40.85199570682087], [-73.79175572695624, 40.85251103220426], [-73.7934894462925, 40.85221900174898], [-73.79167631437235, 40.85255907255549], [-73.79079795430818, 40.85316202494412], [-73.79187387390675, 40.852918031438016], [-73.79274416967324, 40.85270233505311], [-73.7914621397333, 40.85304072814185], [-73.79174479755453, 40.853593815494044], [-73.79297496062065, 40.85329149906988], [-73.79193123052207, 40.8535787257504], [-73.79200796922927, 40.85370787392648], [-73.79107358502354, 40.85394414021327], [-73.79239022017343, 40.85393686506602], [-73.79151977742764, 40.854912357642974], [-73.79207661374257, 40.85607361714867], [-73.79280892624985, 40.85637610131502], [-73.79229059679562, 40.856607466146], [-73.79210776332141, 40.85660283341465], [-73.7921614837951, 40.85712587981393], [-73.79298757718266, 40.85709583763773], [-73.79228934836974, 40.85722714544578], [-73.79226757252373, 40.85761899989219], [-73.7920686975993, 40.85718805514306], [-73.79136191909308, 40.85774956418679], [-73.7910632612089, 40.85762828562688], [-73.78992229296311, 40.858532289389935]], [[-73.7815638969994, 40.85500128643382], [-73.7815638969994, 40.85500128643382]], [[-73.783023715225, 40.85509276666491], [-73.783023715225, 40.85509276666491]], [[-73.78301025759062, 40.8627952710025], [-73.78301025759062, 40.8627952710025]], [[-73.9089785132042, 40.87222435383726], [-73.91038444800462, 40.87379759008292], [-73.91227647092475, 40.87465638040497], [-73.91417818966539, 40.87524127536355], [-73.91626825788286, 40.8757472148036], [-73.91834052012636, 40.87584020749602], [-73.92016969413821, 40.87675881827132], [-73.92170915132125, 40.878264247599155], [-73.92359692757123, 40.87893866591977], [-73.92465024152355, 40.879219410264774], [-73.92347283930278, 40.88102932284943], [-73.92254659892895, 40.882992110114664], [-73.92162265525273, 40.88495597393599], [-73.92070688465624, 40.88692366779069], [-73.91991269428667, 40.88894255435261], [-73.91913085506287, 40.89096715619501], [-73.9183709766341, 40.893]], [[-73.83412730617835, 40.893], [-73.83219608997922, 40.89245860171643], [-73.83028581735259, 40.891845034168604], [-73.82836192357277, 40.891270962859174], [-73.82644022170064, 40.89069015402292], [-73.82450808660975, 40.89014407444608], [-73.82263887103173, 40.88971528651604], [-73.82333976857609, 40.890792716897295], [-73.82169828743494, 40.89090092055152], [-73.81976230521234, 40.89036902892251], [-73.81785739435065, 40.88974067667244], [-73.81590797551453, 40.88927357291207], [-73.81397178256664, 40.88875438688339], [-73.81202066597145, 40.88828058987307], [-73.8100746224831, 40.887786680152665], [-73.80813058268309, 40.8872916511044], [-73.80618895017835, 40.886785387356376], [-73.8042311800356, 40.886340174538915], [-73.80229050798053, 40.88583102849794], [-73.80034807590393, 40.88532589303908], [-73.79840290637044, 40.88482863430795], [-73.79645742097692, 40.884332893545924], [-73.79451577228669, 40.88382184669582], [-73.7931705413238, 40.882962957534104], [-73.79428809200128, 40.8813415634097], [-73.79537870248825, 40.88038782683456], [-73.7955478502506, 40.87858227521029], [-73.79646054771948, 40.87681545039012], [-73.79743508250036, 40.87514386678196], [-73.79911430363099, 40.87453705922154], [-73.80015099699081, 40.87302520870091], [-73.80126073538193, 40.871489878090436], [-73.80271617636812, 40.870854210827275], [-73.80301706392144, 40.872348019125994], [-73.80430042760948, 40.87118595163751], [-73.80325490023024, 40.87000391976354], [-73.80365227381833, 40.86907466105319], [-73.80550161625195, 40.86897769554031], [-73.80658458658566, 40.87016323063273], [-73.8083360657024, 40.87114490918726], [-73.8077169471054, 40.86998660643326], [-73.80672143033523, 40.86876536999957], [-73.80486453818332, 40.86817644289051], [-73.80425871104569, 40.86690072155435], [-73.80303447876398, 40.86637791013838], [-73.80192950566398, 40.86612914007157], [-73.80085816671262, 40.86782725806867], [-73.79973703581888, 40.869492734969306], [-73.79860713831366, 40.87115246491978], [-73.79721165561084, 40.872506073551484], [-73.79528624939005, 40.87306698501752], [-73.79402357533039, 40.87448307511074], [-73.79358427881255, 40.876425847841126], [-73.79425854220105, 40.87743511405907], [-73.7933000894396, 40.87895065081307], [-73.79159056106138, 40.87993688848431], [-73.79016050725077, 40.88102042085241], [-73.78916184029426, 40.88018494305718], [-73.78949369046926, 40.87899519713577], [-73.7875018643408, 40.87898872079123], [-73.78552973415431, 40.8789144128689], [-73.78418816135056, 40.87769374727334], [-73.78507333284041, 40.875914059718575], [-73.78649137388105, 40.87452144743645], [-73.78715789069882, 40.87271213674811], [-73.78549391382069, 40.87307889592504], [-73.7856361383516, 40.872451889391996], [-73.78451731929098, 40.8726355263071], [-73.78334616801924, 40.87348900477009], [-73.7832647089331, 40.87224940058648], [-73.78342708047177, 40.87055693973412], [-73.78496549296895, 40.8695175532016], [-73.78551798778246, 40.86900052477985], [-73.78715333033796, 40.869851170882164], [-73.7891314320056, 40.86960892798715], [-73.79086083700531, 40.86861109126359], [-73.79185873303153, 40.86692865338124], [-73.79246059748573, 40.86501934082296], [-73.79207532684772, 40.86319360729549], [-73.79180826158134, 40.86142369210041], [-73.79328178285584, 40.86061052561648], [-73.79410821696221, 40.859397709793775], [-73.79474186766457, 40.857646409058276], [-73.7950025151879, 40.85655418266782], [-73.7969538214699, 40.856180246096265], [-73.79828285706698, 40.85482063829079], [-73.79881076900462, 40.85354445408691], [-73.79781638373515, 40.85202652817665], [-73.79863767279818, 40.85032468661299], [-73.79988964244768, 40.84887737599486], [-73.80128616183775, 40.84856609321324], [-73.80198817797698, 40.85038635974782], [-73.80315974919345, 40.852015286100695], [-73.80426044293716, 40.853663772832384], [-73.80389590403183, 40.85522430512231], [-73.80390555148212, 40.856960427460045], [-73.80419861937722, 40.858929998553684], [-73.80467887499907, 40.86082999267962], [-73.80590703258518, 40.86194268339478], [-73.80584178377396, 40.86010460406752], [-73.80749503704365, 40.86039780512012], [-73.80771694510585, 40.85901810152189], [-73.80839600099135, 40.859754098070894], [-73.80986234012148, 40.861113388395005], [-73.8112158317118, 40.862501393274236], [-73.81298143502866, 40.8632305942208], [-73.81418681239762, 40.86391391623141], [-73.8153195202975, 40.86275045870049], [-73.81632446744074, 40.86115121281181], [-73.81476921424279, 40.8608727313384], [-73.81327129165567, 40.85970759968795], [-73.81264002114258, 40.8578639869136], [-73.81245960598685, 40.85586428137218], [-73.8126046294289, 40.85415622053585], [-73.81461207765115, 40.85411718829499], [-73.81657383769492, 40.853951325934105], [-73.81712828791042, 40.85211986609664], [-73.81647851753803, 40.85088993896989], [-73.81627525357369, 40.850174157805945], [-73.81532027752424, 40.84889782595378], [-73.81581451783524, 40.847676149484094], [-73.81562150697086, 40.84641733226412], [-73.81491563844311, 40.84692073576728], [-73.81486772581991, 40.8465108354156], [-73.81384606822294, 40.84707453016463], [-73.81454375234534, 40.84607394659716], [-73.81411242145069, 40.845930759950704], [-73.81390652644367, 40.845739753280604], [-73.81375016280779, 40.84560765292282], [-73.81337631972073, 40.84578031623913], [-73.81283673159031, 40.846219811406634], [-73.81293535197999, 40.845195073837246], [-73.81235763702094, 40.84654803530744], [-73.8126385767443, 40.84511514919759], [-73.81212209669894, 40.84607312596922], [-73.81185042672561, 40.84669002506716], [-73.8123930686205, 40.844981184248994], [-73.8129316203637, 40.84453909919891], [-73.81258309340085, 40.84485211466825], [-73.814136908646, 40.844757039300006], [-73.81345908612762, 40.84424580696258], [-73.81447141602516, 40.84317923139074], [-73.81587750621844, 40.84440961813251], [-73.81727929629852, 40.84429781816113], [-73.81747819259525, 40.84420860411649], [-73.81620340095883, 40.8430756581972], [-73.81557699991558, 40.84244442136688], [-73.81479635003473, 40.84140056226842], [-73.81498713461343, 40.84016924642425], [-73.81434107196135, 40.83964735211674], [-73.8156804518343, 40.838694905674], [-73.81641147584882, 40.83712785986897], [-73.81563215131705, 40.83588855553006], [-73.81609821134138, 40.83509471138731], [-73.81589287547091, 40.83393560422382], [-73.81549067060317, 40.832310198318226], [-73.81453113522441, 40.831153583638525], [-73.81417315849447, 40.830779845427465], [-73.81415439270934, 40.83020927282584], [-73.81348700004371, 40.829380924383486], [-73.81290039689829, 40.82869116088829], [-73.81130255247916, 40.82829487899945], [-73.81023349380864, 40.82790863544888], [-73.81008276587217, 40.82779710016743], [-73.81171917145447, 40.82784517263503], [-73.81226557396839, 40.8278680930015], [-73.81373870230894, 40.826853530557216], [-73.81330411285732, 40.82631109834779], [-73.81370206304018, 40.8258127374531], [-73.8126450224524, 40.825384111202645], [-73.81313541921268, 40.82508108815663], [-73.81357384101129, 40.82398633575098], [-73.81231642285732, 40.82440973778907], [-73.81093859976325, 40.824824677053776], [-73.80957075093889, 40.8253775438784], [-73.80792098772491, 40.82577603487949], [-73.80672680246387, 40.824675797286496], [-73.80667325979961, 40.823710683802204], [-73.80606070977528, 40.82284270529673], [-73.80597809118683, 40.821068204538655], [-73.8049926481728, 40.819407173227916], [-73.80338191953965, 40.818254122918766], [-73.80171099175524, 40.81830594224111], [-73.80006891786464, 40.81746460431954], [-73.79816774318391, 40.816828351348136], [-73.79783474900489, 40.815568324772556], [-73.79949692793575, 40.81498411468255], [-73.80091882379769, 40.813758035204856], [-73.80138912521345, 40.81236928394871], [-73.80304507473782, 40.81244865856577], [-73.80384530281526, 40.813265818869276], [-73.80358754365868, 40.8130066124289], [-73.80384361477196, 40.81383229767803], [-73.80374199379011, 40.81375508451951], [-73.80398442034053, 40.81440140200704], [-73.80511048230221, 40.815630641168184], [-73.80651683417096, 40.81648471236372], [-73.80505544030683, 40.815170237463505], [-73.8052372590407, 40.815335500991935], [-73.80671279382886, 40.816562728391574], [-73.80688289494597, 40.81645474126759], [-73.80635201905365, 40.81553352938958], [-73.80521509975743, 40.81408965749847], [-73.80449793361741, 40.81236855660949], [-73.80307167799873, 40.81113218395682], [-73.80161452148617, 40.810500064158894], [-73.80100025492395, 40.80999367228794], [-73.79903953481504, 40.80962662891054], [-73.79716442090731, 40.80897272749428], [-73.7953316469843, 40.80815278138184], [-73.79349517797306, 40.80734311891179], [-73.7915873279948, 40.80689885411549], [-73.79073713020148, 40.806956632342015], [-73.79012404413388, 40.80518262457557], [-73.79169015326501, 40.80412290407326], [-73.79357632745088, 40.8043573507128], [-73.79501883191793, 40.80557997454849], [-73.79642136214937, 40.8062098959584], [-73.79819401204556, 40.80682332528937], [-73.79990947924409, 40.80785509163862], [-73.80164077960309, 40.80885956095285], [-73.8035338676394, 40.80879454235815], [-73.80502753895425, 40.80942469297599], [-73.80657112027471, 40.810284006164515], [-73.80798690827751, 40.811676319590205], [-73.80964159432904, 40.812800009847564], [-73.81138797935432, 40.813024376578085], [-73.81323897120416, 40.81335027650175], [-73.81446002424777, 40.81296601817653], [-73.81538646931801, 40.8135169512861], [-73.81719510792341, 40.81361876114817], [-73.81822948701941, 40.813484109072704], [-73.82009831773398, 40.81295099259106], [-73.8207661354739, 40.81228631474455], [-73.82105993946462, 40.81246829000554], [-73.8212286198324, 40.81287999733413], [-73.82217621920039, 40.81244982588515], [-73.82360894939333, 40.81227655159235], [-73.82493329980096, 40.81163438358906], [-73.82515382782279, 40.81160202626371], [-73.82547420511672, 40.811278825170554], [-73.82565653840894, 40.81121855078472], [-73.82671187141705, 40.811355011517435], [-73.82870823075649, 40.81135549972838], [-73.83055226992785, 40.810600610440346], [-73.83190352181452, 40.809141978897806], [-73.8320692144748, 40.807213871889935], [-73.83187785891292, 40.80572718682997], [-73.83276458423725, 40.80495444699228], [-73.83474435868129, 40.8052669139551], [-73.83665689282088, 40.80587096314311], [-73.83805828280073, 40.807145511112196], [-73.83868964197879, 40.80898467627995], [-73.839741067603, 40.81067184133552], [-73.84041364105886, 40.81247231193216], [-73.83965334792201, 40.814168800532606], [-73.83967296968305, 40.81609537374862], [-73.84005753707218, 40.81791041153187], [-73.83882634220652, 40.81939284522327], [-73.83895928894137, 40.82107538932303], [-73.83915300793547, 40.82280561682539], [-73.84003365665762, 40.82422282989299], [-73.84098206064222, 40.82596841130557], [-73.84187234125439, 40.827752631010604], [-73.84225429442078, 40.82964904062412], [-73.84126436832464, 40.831332110657435], [-73.83977100632603, 40.832659175479826], [-73.83887960242816, 40.83428123946567], [-73.83916253672571, 40.836255109017316], [-73.83922725345005, 40.83820789087125], [-73.84001363405491, 40.83954470842751], [-73.83995838903466, 40.838290970292725], [-73.83984046631463, 40.83686218333926], [-73.83977315813854, 40.83594836161643], [-73.83979000007248, 40.83561848043185], [-73.83955842353053, 40.83503432767096], [-73.83958180624441, 40.834500204489075], [-73.8404630724874, 40.83282118025806], [-73.84206068504612, 40.831618221006785], [-73.843073575817, 40.830060781228994], [-73.84274479499751, 40.828305899394216], [-73.8420136323283, 40.82651447024243], [-73.84117979888971, 40.82476547927077], [-73.84041833959095, 40.822999191328606], [-73.83990399024212, 40.82117357099518], [-73.84034262710804, 40.81959145293822], [-73.84202143196941, 40.8186957200062], [-73.84280401863438, 40.81692537576375], [-73.84375125534797, 40.81525998291198], [-73.84451611744059, 40.81342817974435], [-73.84546023211846, 40.8117642488787], [-73.84681393101835, 40.81053755642712], [-73.84796981854893, 40.8119811646417], [-73.84943950020693, 40.81325732012787], [-73.85104507596368, 40.81431085267734], [-73.85279253167042, 40.81443562662156], [-73.85343593794295, 40.81360323100966], [-73.85524232525675, 40.81439346497461], [-73.85379858822532, 40.813558786546324], [-73.85185329169236, 40.813664376698576], [-73.85002332736215, 40.81293000871377], [-73.84926738033676, 40.811472952896374], [-73.84983874861193, 40.80981418662074], [-73.84980481394896, 40.80886012085262], [-73.84945568769534, 40.80815949442042], [-73.84931514440007, 40.80784758018723], [-73.84838756334607, 40.806428585566934], [-73.84778175213823, 40.8050869482211], [-73.84933091899964, 40.80505047848348], [-73.85016636297067, 40.804525611214494], [-73.85214716797826, 40.80459290888445], [-73.85414888516713, 40.80446937088353], [-73.85612105250256, 40.80461489094066], [-73.85559162397037, 40.805002534891315], [-73.85707604642191, 40.805166561553825], [-73.85808440944396, 40.80545066407878], [-73.85839554672086, 40.80623584047403], [-73.85906205596345, 40.806074251781446], [-73.8592277500854, 40.807244708558656], [-73.8584524948555, 40.807935243255635], [-73.858880415898, 40.80985502117142], [-73.86005270986362, 40.809531328820704], [-73.8594476592585, 40.80819530120584], [-73.86066546812425, 40.8096334844245], [-73.86263712615073, 40.81001075212765], [-73.86462415776617, 40.81029687885568], [-73.86662305941718, 40.81048599276419], [-73.86826807364122, 40.81133639924282], [-73.86944915093731, 40.81295837158192], [-73.87076252561755, 40.814470530190604], [-73.87263841482806, 40.81515441183888], [-73.87458555201997, 40.81564433901381], [-73.87652341995829, 40.816118401947556], [-73.8755488194551, 40.814992980868766], [-73.87365358084531, 40.81433268730559], [-73.8720917760769, 40.81373332447902], [-73.87100776624102, 40.812225665161556], [-73.87024147836397, 40.81066944499831], [-73.86928266180112, 40.80890534673585], [-73.8683238452383, 40.80714124847338], [-73.86886331755503, 40.80539040503595], [-73.87005749297862, 40.803776418540465], [-73.87128051558497, 40.802184065694775], [-73.87243865388251, 40.800962984881224], [-73.87291695940559, 40.80060873423542], [-73.87372497526324, 40.80087278975183], [-73.8754785458249, 40.801418972956526], [-73.87717099032258, 40.801216091897665], [-73.87802968828566, 40.80221078790826], [-73.87955096586818, 40.802760371679675], [-73.88152387289448, 40.80248261609342], [-73.8833382695159, 40.80220845975411], [-73.88451669581127, 40.802016561332145], [-73.8857394336488, 40.80265416640156], [-73.88725172105613, 40.80393267630845], [-73.88835688493073, 40.804866807825285], [-73.88933893449637, 40.80570233052724], [-73.88965679392851, 40.80557359857568], [-73.89077420735437, 40.80588148502727], [-73.89194735570742, 40.80625871005677], [-73.89222646390105, 40.80553194765079], [-73.89183708135081, 40.80514974854777], [-73.89293328302084, 40.80632401396093], [-73.89466056777125, 40.806034650256706], [-73.8950778308828, 40.8067631675314], [-73.89546570096317, 40.80621261556483], [-73.89579230655005, 40.80583481621953], [-73.89701162467486, 40.80613277456598], [-73.8978097108389, 40.805985370265304], [-73.89827540057672, 40.80595346980683], [-73.89948901284967, 40.805241777350346], [-73.90141079779154, 40.804858631079426], [-73.90279761009927, 40.8042966926554], [-73.90372842742342, 40.80375622190571], [-73.904875785037, 40.802809424543995], [-73.90625394203329, 40.801442771756676], [-73.90725154344794, 40.80024901841992], [-73.90806106401152, 40.79952931360514], [-73.90858239374742, 40.798746495815166], [-73.91013081028663, 40.79759221881083], [-73.91184133269729, 40.79663371973376], [-73.91382726357743, 40.79683217453922], [-73.915678012027, 40.79761005199327], [-73.91753434932588, 40.798374195258894], [-73.91937807607536, 40.79916478105335], [-73.92086604043126, 40.80043163218676], [-73.92213642519836, 40.80193220066407], [-73.92401389491273, 40.80253525784862], [-73.92601873028376, 40.8024453577044], [-73.92745629876667, 40.803007253402036], [-73.92837045793058, 40.804037236652], [-73.92965088822312, 40.80535576269303], [-73.93087176371017, 40.80688579465108], [-73.93226171227823, 40.808330519922585], [-73.93279157189585, 40.81010538758425], [-73.93263100200878, 40.811917247101704], [-73.9324390014018, 40.81391575876119], [-73.93235545153328, 40.815920572817184], [-73.93234439114417, 40.81792816451755], [-73.93239649952842, 40.81993343263851], [-73.93249546018693, 40.82193831102556], [-73.93265522641578, 40.82393966292492], [-73.93285386288139, 40.82593224040181], [-73.93304436318923, 40.827930864273725], [-73.93331121842533, 40.82992053006954], [-73.93356475271734, 40.83190907585802], [-73.93340592565681, 40.83388550706649], [-73.93293133127514, 40.835830768650595], [-73.93192847976152, 40.837558226589636], [-73.93092192353399, 40.83929241412857], [-73.9301381177496, 40.84104519666428], [-73.92920938884616, 40.84278951102764], [-73.9286078204112, 40.844683809884536], [-73.92744072991188, 40.84622499677611], [-73.9263432432541, 40.84782098450027], [-73.92503344456429, 40.84931343831999], [-73.92395046055627, 40.85099281578273], [-73.92298134550977, 40.85260137549787], [-73.92176114713948, 40.854195106420974], [-73.92072784375394, 40.85534546065254], [-73.91993335638288, 40.85637947187473], [-73.91857797309275, 40.857858089905406], [-73.9170559274606, 40.859104146887404], [-73.9157679232138, 40.86062116014509], [-73.91461455177537, 40.86204857138242], [-73.91323333451083, 40.86327341041709], [-73.91272411813164, 40.8639304264497], [-73.91168032015135, 40.865103786305546], [-73.9103892877481, 40.86663155829654], [-73.9096436940361, 40.86847358550735], [-73.90908056724768, 40.870396984382985], [-73.9089785132042, 40.87222435383726]], [[-73.78381322544644, 40.863162751962605], [-73.78381322544644, 40.863162751962605]], [[-73.78442797497668, 40.86010659359289], [-73.78591193608808, 40.859275997530666], [-73.78691815320285, 40.859867061157466], [-73.78442797497668, 40.86010659359289]], [[-73.78609930496401, 40.88038657172333], [-73.78609930496401, 40.88038657172333]], [[-73.78845700015215, 40.83530991431538], [-73.78845700015215, 40.83530991431538]], [[-73.80180285116792, 40.604211431452256], [-73.80406817554218, 40.604492353193706], [-73.80507643753874, 40.606425511651025], [-73.80433279848474, 40.608474526188324], [-73.80247671191428, 40.60972604372923], [-73.80032882455733, 40.610276956343775], [-73.798100211516, 40.6100591705162], [-73.7961727457353, 40.60901519001177], [-73.79439533681389, 40.60781869589149], [-73.79397469097377, 40.60609203541028], [-73.79475459329724, 40.606725039760555], [-73.79534714246212, 40.60517880894567], [-73.79731227413976, 40.604100909474525], [-73.79959226644966, 40.603990245061965], [-73.80180285116792, 40.604211431452256]], [[-73.79362927481347, 40.6251564761949], [-73.79552426878932, 40.62426729454913], [-73.79741926276517, 40.623378112903346], [-73.79890331031744, 40.62198310512823], [-73.79967936757453, 40.620106075917136], [-73.80035094606855, 40.618907190805274], [-73.8016075673146, 40.619628857927516], [-73.80098410695248, 40.61764612315551], [-73.80143956165168, 40.615622820466], [-73.80254114414409, 40.61384288727059], [-73.80436565479154, 40.61332112814966], [-73.80469506846164, 40.614697173753726], [-73.8054976447376, 40.61646360011178], [-73.8060638569145, 40.618334779399945], [-73.8070734288622, 40.620168467118766], [-73.80746470931972, 40.62193961451443], [-73.80700743038506, 40.62382126612409], [-73.80537408771521, 40.62481804572726], [-73.80354304536304, 40.62550168275059], [-73.80182070914438, 40.626502125285676], [-73.80037998038763, 40.62712340287441], [-73.79951538296064, 40.62747139129424], [-73.79782221971205, 40.62701751293837], [-73.79595684242192, 40.62627818441292], [-73.79718754666634, 40.625242859120824], [-73.79900512580642, 40.62420456617698], [-73.79746702482306, 40.624695671780934], [-73.79545392175558, 40.625264726263154], [-73.79362927481347, 40.6251564761949]], [[-73.80367560026528, 40.842258492915995], [-73.80310268749113, 40.84109055575736], [-73.80582939221642, 40.8412409365306], [-73.80624520864187, 40.84250966512446], [-73.80367560026528, 40.842258492915995]], [[-73.81003425937602, 40.60161090846043], [-73.81011700661641, 40.599854500267156], [-73.81135053579233, 40.5985271097813], [-73.81291522713747, 40.59940548807723], [-73.8146096110666, 40.600975847505744], [-73.81465588243894, 40.60323930969437], [-73.81322086543943, 40.60422512371238], [-73.81121221167786, 40.60319138477733], [-73.81003425937602, 40.60161090846043]], [[-73.81210045334302, 40.621100596814905], [-73.81138108863914, 40.61922596476525], [-73.81069978390164, 40.6172525882119], [-73.8112846075323, 40.61655231938226], [-73.8123614283285, 40.61824343122531], [-73.81328111171491, 40.62011348260104], [-73.81418045000115, 40.621993923826466], [-73.81436681913651, 40.62388792779726], [-73.81596645786044, 40.62524622709637], [-73.81607520348945, 40.6262466668293], [-73.81398287071201, 40.62594766710864], [-73.81544885337529, 40.626805728469115], [-73.81679926823004, 40.628250211410446], [-73.817283271521, 40.63026830302303], [-73.81581795026551, 40.63128409284675], [-73.81384920949843, 40.63065423051065], [-73.81318930528555, 40.62875597565714], [-73.81311145016736, 40.62777533611177], [-73.81214782480103, 40.627128401216325], [-73.81144602263701, 40.6251347284731], [-73.81135197086115, 40.62304806392465], [-73.81210045334302, 40.621100596814905]], [[-73.82224934034942, 40.634512427373835], [-73.8218429485132, 40.632528193825316], [-73.8213557014831, 40.63057332959031], [-73.820468716252, 40.62876413449645], [-73.81904395432858, 40.62747855490902], [-73.81787266304386, 40.62625210380171], [-73.81642279588618, 40.62484721689976], [-73.81729117999622, 40.623973287210745], [-73.81889699046856, 40.62311116507475], [-73.8177869255939, 40.621720661244034], [-73.81625379813768, 40.62182843466391], [-73.81543266363703, 40.62012054517372], [-73.81723035859882, 40.6192001134379], [-73.81775956821942, 40.6173333527936], [-73.81713305381953, 40.61544211206804], [-73.81596533492946, 40.614292818991395], [-73.81412387631313, 40.61460717208516], [-73.81540915284454, 40.6141225793434], [-73.81527620951513, 40.61319763198162], [-73.81589695247426, 40.612078004403976], [-73.81523868499521, 40.61052531464554], [-73.81509688506371, 40.61024405143414], [-73.8147996605282, 40.60833597370522], [-73.81566807633928, 40.60660156637464], [-73.81589066449379, 40.60592893980088], [-73.81738338076687, 40.605067235001385], [-73.81748293312391, 40.60307036310836], [-73.81831966883534, 40.601247794347564], [-73.81855939393687, 40.59923548642159], [-73.81946329534009, 40.597524501724386], [-73.82051748201312, 40.59598600592461], [-73.82163475430062, 40.59474428707741], [-73.8236563104288, 40.594902155946784], [-73.82566699240925, 40.59495918149188], [-73.82766776651654, 40.59485965555122], [-73.82967572285878, 40.59465389418703], [-73.83170614713542, 40.5946262244222], [-73.83370211804028, 40.59492745537717], [-73.83454964742509, 40.59609511503423], [-73.83309376801289, 40.59736774457755], [-73.83163853043395, 40.59793414350893], [-73.83000041430815, 40.59782498791778], [-73.82826841551365, 40.597651163902505], [-73.82686164812559, 40.5987388623085], [-73.82574009606958, 40.598784967657856], [-73.82414425669464, 40.59858857178992], [-73.82459006585256, 40.59884771759441], [-73.82393587093276, 40.59957837566048], [-73.82298421044342, 40.599923835512705], [-73.82175864547372, 40.60012860868157], [-73.82364667472831, 40.60026659293671], [-73.82389730672847, 40.601196315605165], [-73.82297093350184, 40.60249979736376], [-73.82277990816672, 40.60451333065999], [-73.8227565536193, 40.60601813082911], [-73.82122733437853, 40.607117456599404], [-73.82017475675846, 40.60873882123198], [-73.81969799025141, 40.61060545516535], [-73.82063991444323, 40.61224758516292], [-73.82104411808788, 40.610755257990455], [-73.82098549365915, 40.609156753309925], [-73.82173184182592, 40.609315444195104], [-73.82299118272962, 40.6105333114394], [-73.82405466949407, 40.61218580066402], [-73.82489214851817, 40.61325284179303], [-73.82626146391709, 40.61385021990322], [-73.82780681060332, 40.6137671188218], [-73.82857570922324, 40.61424689333803], [-73.83049106971528, 40.614917457247955], [-73.83246645987889, 40.61470793197693], [-73.83445623141047, 40.61439170852334], [-73.83604735582936, 40.61522980164621], [-73.8374114893822, 40.61541555887224], [-73.83645979902005, 40.61615976765401], [-73.83504549994521, 40.61759702439371], [-73.83546128283021, 40.61892661233004], [-73.83503953359624, 40.619674565766225], [-73.83491900848787, 40.62053822229319], [-73.83475974789272, 40.6221811447313], [-73.83531479350003, 40.62398187231766], [-73.83472811790209, 40.6257996197768], [-73.83377665258475, 40.626969124604585], [-73.83370867289385, 40.62791377145424], [-73.83238875389648, 40.62913114734965], [-73.83178845700526, 40.63097380886925], [-73.83115086774707, 40.6328734913947], [-73.83190700267856, 40.6346347860859], [-73.83267514934853, 40.6364163653804], [-73.8333558251028, 40.63833031174114], [-73.83175840899472, 40.63862908972781], [-73.83005504447782, 40.63751601392852], [-73.82843158339057, 40.636316456042685], [-73.82661102818427, 40.63580270075414], [-73.82463688744886, 40.6360890748204], [-73.82422639718355, 40.637996859787236], [-73.82429384135101, 40.63979550054777], [-73.82327441552546, 40.63841528210159], [-73.82291910554147, 40.63641174941464], [-73.82224934034942, 40.634512427373835]], [[-73.82590092720773, 40.60646593064943], [-73.82861754233178, 40.60584636203562], [-73.82741822804745, 40.607927197975556], [-73.82590092720773, 40.60646593064943]], [[-73.82661051008792, 40.60819620584166], [-73.82784052665336, 40.60996532911774], [-73.82661051008792, 40.60819620584166]], [[-73.83067824786616, 40.60878967826982], [-73.83059440737254, 40.606618396049186], [-73.83288973979647, 40.60583305165928], [-73.83527650732904, 40.60556524734184], [-73.83604117244671, 40.60742334537921], [-73.83432524395137, 40.60914375489769], [-73.8325157169391, 40.61037962384058], [-73.83067824786616, 40.60878967826982]], [[-73.83599100458638, 40.59442798314017], [-73.83450869296297, 40.59373817477145], [-73.83303660250958, 40.59282227098217], [-73.83306066146352, 40.59170135376284], [-73.83422064641192, 40.591937210257754], [-73.83302893666901, 40.591354906889016], [-73.8329207060833, 40.59009592691699], [-73.83486324686784, 40.58985407532305], [-73.83326453128439, 40.58967662953093], [-73.83519568230155, 40.589466206887025], [-73.8372196483326, 40.589717663191756], [-73.83866686636595, 40.5910465108033], [-73.83993034659976, 40.59187996918056], [-73.84057513535132, 40.59297198235357], [-73.84142842183496, 40.59255331084913], [-73.84322299808193, 40.59347679515459], [-73.84302672872617, 40.59446629597568], [-73.84130490886902, 40.59526206019552], [-73.8393776812423, 40.59616605452047], [-73.8373235731064, 40.59568463260776], [-73.83599100458638, 40.59442798314017]], [[-73.84445711462233, 40.629847794439975], [-73.84275954913869, 40.63125431819695], [-73.84071812316527, 40.63199976657049], [-73.83859190300382, 40.63258219723175], [-73.83687305062402, 40.63188792724595], [-73.83695283594477, 40.63014681727395], [-73.8382667196055, 40.6283765779183], [-73.83958060326621, 40.62660633856265], [-73.84089448692694, 40.624836099207], [-73.84209607540818, 40.62612413435478], [-73.84327659501525, 40.627985964397375], [-73.84445711462233, 40.629847794439975]], [[-73.84714809687655, 40.60361424219198], [-73.84889967275515, 40.60485194928756], [-73.85065124863374, 40.60608965638313], [-73.85137802210906, 40.60751575724012], [-73.849502193906, 40.60848335795192], [-73.84782138167346, 40.60950840433587], [-73.84806526034413, 40.61163923987783], [-73.8473121994863, 40.613437253537086], [-73.84659865046808, 40.615459669437406], [-73.8461736037141, 40.6175535086324], [-73.84418007679052, 40.617734301780295], [-73.84286089779009, 40.61674561309374], [-73.84418881649621, 40.61630668398595], [-73.8439532327111, 40.614562346584805], [-73.84204965032701, 40.61357426206418], [-73.84007806850681, 40.613303942431024], [-73.83832879530931, 40.613614061528786], [-73.83896260483591, 40.61156510511224], [-73.8395964143625, 40.6095161486957], [-73.8402302238891, 40.607467192279145], [-73.84101881089842, 40.60557160920264], [-73.84306190622446, 40.60491915353242], [-73.84510500155051, 40.6042666978622], [-73.84714809687655, 40.60361424219198]], [[-73.84504859278645, 40.63317483899963], [-73.84698231935334, 40.63209721994259], [-73.84838247082371, 40.630409385219664], [-73.8504562715988, 40.63019307766831], [-73.85266880769944, 40.63026550191066], [-73.8548813438001, 40.630337926153004], [-73.85709387990076, 40.63041035039535], [-73.85821116169907, 40.631121336522924], [-73.85718423317208, 40.63308245331395], [-73.8561573046451, 40.635043570104976], [-73.85411215074978, 40.63586314387851], [-73.85204689014519, 40.63666017581181], [-73.8499816295406, 40.63745720774511], [-73.847916368936, 40.6382542396784], [-73.8459538314431, 40.638220161008476], [-73.84414477824104, 40.636944273952466], [-73.84412483996931, 40.63518661483217], [-73.84504859278645, 40.63317483899963]], [[-73.85665510191754, 40.61999364918835], [-73.85853837606064, 40.61910707452485], [-73.86037315929235, 40.618129457543375], [-73.86233679312596, 40.617793887158264], [-73.86386611423741, 40.61861329557175], [-73.86263622173233, 40.61898691752227], [-73.86149707010728, 40.62001080616521], [-73.86134173809204, 40.622082328954], [-73.86102997905145, 40.62413863623731], [-73.86302024323172, 40.623529058822385], [-73.86339727905835, 40.62498846317528], [-73.8622061269386, 40.625956342279814], [-73.8604187122947, 40.62517355019389], [-73.85929038477667, 40.626908905869], [-73.85778403990763, 40.62798129046822], [-73.8565307159622, 40.629085239698895], [-73.85502941906508, 40.627939534417855], [-73.85427264999053, 40.62852886104068], [-73.85263497156045, 40.62843081898113], [-73.85062294748731, 40.62807158418824], [-73.84894140647727, 40.62929843216724], [-73.84750423853055, 40.62891040961465], [-73.84887224382435, 40.62734155727991], [-73.84925392483903, 40.62631611325118], [-73.84720589735691, 40.62658229517256], [-73.84537684444355, 40.62558866467175], [-73.84411000894791, 40.62398317700906], [-73.84462779780056, 40.62278863982196], [-73.84660607628877, 40.62226201488598], [-73.84867265713574, 40.622361000750345], [-73.85066826833118, 40.62176916285984], [-73.85266387952663, 40.621177324969345], [-73.85465949072209, 40.62058548707885], [-73.85665510191754, 40.61999364918835]], [[-73.85515592288351, 40.60612051300153], [-73.85708221219097, 40.606634757961146], [-73.85743829092257, 40.608536145094014], [-73.85905495230084, 40.60976378649239], [-73.8588349621914, 40.61172278719676], [-73.85717403141999, 40.612945087801414], [-73.85716787632003, 40.61440667119261], [-73.85821152522163, 40.61626128199553], [-73.85724132252118, 40.61660300049334], [-73.85523220454047, 40.61606857880637], [-73.85528391447201, 40.61394111309735], [-73.85397110377772, 40.61315021165025], [-73.85280344125148, 40.61344608932784], [-73.85304280590043, 40.61473023090987], [-73.85105302648303, 40.61512791759555], [-73.84980044968778, 40.6143436851395], [-73.84995872297429, 40.612221484906996], [-73.85019652808982, 40.610140893782145], [-73.85184965968772, 40.608800766855275], [-73.85350279128562, 40.6074606399284], [-73.85515592288351, 40.60612051300153]], [[-73.85492648581453, 40.5963016643732], [-73.8571046628145, 40.596047946160986], [-73.85928044147555, 40.596317163928525], [-73.86087727599781, 40.59732449419231], [-73.86244180275384, 40.5988286977724], [-73.86318035963873, 40.60064703241117], [-73.86172232520398, 40.60226192261045], [-73.85973512325876, 40.60219283374321], [-73.85755580973336, 40.60199245235511], [-73.85536456691496, 40.601891908986964], [-73.85339127454479, 40.601244311813645], [-73.8518327415337, 40.599826680919676], [-73.8514150381978, 40.59849562695244], [-73.85298760442757, 40.59717942724251], [-73.85492648581453, 40.5963016643732]], [[-73.8703477840131, 40.58306413703522], [-73.8707435211693, 40.58519498772782], [-73.87094138103103, 40.58729269697803], [-73.86992292809589, 40.589250675587145], [-73.86813798429853, 40.59045333773914], [-73.86642701934804, 40.591834538383765], [-73.86429707060293, 40.59140939138521], [-73.86271433595883, 40.590062101148945], [-73.86139861584218, 40.58832304555618], [-73.861663948543, 40.58619564789593], [-73.86287856046852, 40.58436584348806], [-73.86476047916192, 40.583460625850385], [-73.86660354143989, 40.58226717335838], [-73.86872695065449, 40.581779172096745], [-73.8703477840131, 40.58306413703522]], [[-73.87084603194216, 40.616967426457514], [-73.8729313210964, 40.616538404770225], [-73.87501661025064, 40.61610938308294], [-73.87710189940486, 40.615680361395654], [-73.87787511505523, 40.616328309237055], [-73.87704783630676, 40.61828996678547], [-73.8762205575583, 40.62025162433389], [-73.87539327880984, 40.62221328188231], [-73.87425078163935, 40.623886892717685], [-73.87237143936555, 40.624887174219495], [-73.87049209709176, 40.62588745572131], [-73.86861275481797, 40.62688773722312], [-73.86676234997098, 40.62773433088568], [-73.86537548148584, 40.62611906426068], [-73.86536559473825, 40.6241849246393], [-73.86590125757341, 40.6221244499872], [-73.86616042041122, 40.62001952821361], [-73.86679630440354, 40.61828259516249], [-73.86882116817284, 40.61762501081], [-73.87084603194216, 40.616967426457514]], [[-73.86777501561139, 40.608539488778355], [-73.86777501561139, 40.608539488778355]], [[-73.86830808464617, 40.603139161146146], [-73.86830808464617, 40.603139161146146]], [[-73.86952707548933, 40.59871375035444], [-73.86952707548933, 40.59871375035444]], [[-73.87180082867992, 40.61028041358028], [-73.87058111445901, 40.608351711575345], [-73.86988819756667, 40.60625104040664], [-73.87108344684634, 40.60512115341536], [-73.87178680118035, 40.60727689611666], [-73.87274429449988, 40.609419784968836], [-73.87180082867992, 40.61028041358028]], [[-73.87026280564919, 40.60168122225856], [-73.87026835772636, 40.59898851416682], [-73.87077727282677, 40.60081897965359], [-73.87026280564919, 40.60168122225856]], [[-73.87284047915948, 40.78594312287901], [-73.8749189154563, 40.78586182738847], [-73.87704197755676, 40.78576380932308], [-73.87909218462526, 40.78550130089098], [-73.88118751853419, 40.78588729512137], [-73.88328285244312, 40.78627328935176], [-73.88537599887644, 40.78666916161145], [-73.88746316485236, 40.786835386587256], [-73.88933379335609, 40.787707158145665], [-73.8901454737855, 40.78966194173886], [-73.89202733363203, 40.79027170593372], [-73.89267618998376, 40.79226280336589], [-73.89247916183827, 40.79433488752984], [-73.89190238070331, 40.796385921234624], [-73.89080538625662, 40.79786184681431], [-73.88962217621831, 40.79784908370686], [-73.88843388056897, 40.79845424959023], [-73.88828744044737, 40.7983525533952], [-73.8863754400095, 40.79784562361593], [-73.88471994113937, 40.79650985701174], [-73.88341204591231, 40.79571894298413], [-73.88142951959409, 40.79505640085949], [-73.87932198039509, 40.794786213175435], [-73.87735525830293, 40.79400857266736], [-73.87554703653612, 40.79290965481849], [-73.87378115254043, 40.79182283494605], [-73.87192780512841, 40.790806389035836], [-73.8709584278082, 40.78899878176098], [-73.87144238399834, 40.787139374857446], [-73.87284047915948, 40.78594312287901]], [[-73.89971563817446, 40.80079880850277], [-73.89848510381375, 40.80234297511535], [-73.8966850581092, 40.800619853245664], [-73.89907565780385, 40.79917616371447], [-73.89971563817446, 40.80079880850277]], [[-73.89919434249983, 40.79650245601821], [-73.89679510601869, 40.79611170740946], [-73.89919434249983, 40.79650245601821]], [[-73.92629456200272, 40.87750609001859], [-73.92497057400318, 40.87739088546321], [-73.92303480406039, 40.87712071040247], [-73.9224525310336, 40.87565824977934], [-73.92227478187375, 40.873785037951166], [-73.92052595619074, 40.873016735720306], [-73.92036646134025, 40.87406012550515], [-73.92110580599937, 40.87528133582274], [-73.91934446524647, 40.87487718871438], [-73.91909126230318, 40.87346440798798], [-73.91820906456432, 40.87374975524072], [-73.91780269745333, 40.87395575795898], [-73.91595022179516, 40.87451736958285], [-73.91399634041889, 40.87412605878482], [-73.91209410955496, 40.87353529978171], [-73.91064639680232, 40.87227913178161], [-73.9107623805666, 40.87052154126221], [-73.91140699673264, 40.86935284278093], [-73.91173976039421, 40.867974771896854], [-73.91256445428284, 40.86653385433706], [-73.9137644410128, 40.86495207824863], [-73.9144316497959, 40.86418215518124], [-73.91573279005836, 40.86409598731795], [-73.91556801146204, 40.86291190362812], [-73.91715150050219, 40.86181179930271], [-73.91832798285236, 40.860335098104485], [-73.91936264662016, 40.85893851829645], [-73.91979928449875, 40.85881710397087], [-73.9211082281488, 40.85998166310448], [-73.92180914706385, 40.859361533303904], [-73.92104429115192, 40.8582967489109], [-73.92063021101013, 40.85790863016564], [-73.92089230964962, 40.857700915681], [-73.92118674065374, 40.8575239997512], [-73.92237349890108, 40.85639396778061], [-73.92169011172041, 40.85666900948], [-73.92259423497967, 40.855271958014725], [-73.92382443150993, 40.85368463369143], [-73.92499272033696, 40.85205166701759], [-73.92611205894192, 40.85039204296867], [-73.92726561168655, 40.84874829730083], [-73.92841177085387, 40.847099314490265], [-73.92956156220609, 40.84545280925982], [-73.93045863970843, 40.843665248920416], [-73.93127469106477, 40.84183804439594], [-73.93225658364467, 40.840086096342525], [-73.93322289398044, 40.83832618141727], [-73.93419839314647, 40.83657207122903], [-73.93498393593987, 40.83476859845318], [-73.93516721973424, 40.83287469239703], [-73.93497158622337, 40.83091265287235], [-73.93465066882948, 40.829059020041335], [-73.93443965699461, 40.827159992072446], [-73.93432500508848, 40.825218448814006], [-73.93417611804009, 40.823218441868654], [-73.93404719463129, 40.82121738572335], [-73.93382583264842, 40.819344451778974], [-73.93379097240285, 40.81733648403303], [-73.9339362449091, 40.815467128959185], [-73.93390291991797, 40.813682659757085], [-73.93414131693314, 40.81168942890138], [-73.93433942919724, 40.80969448241971], [-73.9336794362018, 40.80782378504863], [-73.9323876645735, 40.806296470822716], [-73.93104572624857, 40.804810080618516], [-73.93002747220464, 40.8031490566694], [-73.9292597005983, 40.80132184422736], [-73.9289198890997, 40.79944785458592], [-73.92900682676988, 40.79744139326099], [-73.9295071195116, 40.795539640755074], [-73.93076151162889, 40.794286615377594], [-73.93252409887691, 40.793324171996346], [-73.9342203311875, 40.792253609252384], [-73.93569830511032, 40.7911965100036], [-73.93691774968637, 40.78960859364954], [-73.93666950879066, 40.78897108077875], [-73.93776109736837, 40.78781064251445], [-73.93896976428432, 40.786224166217195], [-73.94045669656553, 40.78492096265971], [-73.94224792413175, 40.784015542143464], [-73.94364774760722, 40.782657213359194], [-73.94372925990857, 40.78068986809693], [-73.94287372778187, 40.77956165687108], [-73.94263039482533, 40.77803464516342], [-73.9420107122991, 40.77626771656151], [-73.94300124478977, 40.77459565651908], [-73.94435762412787, 40.773115144138245], [-73.94583338365969, 40.77175660980422], [-73.94726595233243, 40.77035304477414], [-73.94863755748766, 40.76888602844449], [-73.94985478063066, 40.767289691601015], [-73.95119956590834, 40.76579878130309], [-73.95253617920763, 40.76429981884934], [-73.9538712134624, 40.76279944077366], [-73.95530788641457, 40.76140129629209], [-73.95680134140206, 40.760058627343355], [-73.95829522302547, 40.758716412553284], [-73.95965863137248, 40.75725300187259], [-73.96091612041745, 40.7557046326131], [-73.96236688855541, 40.75436804916346], [-73.9636524426727, 40.75287479749435], [-73.9650081204903, 40.75139304550832], [-73.96631570269336, 40.74986909105056], [-73.96760867727075, 40.748332319097486], [-73.96865954470303, 40.74685241489303], [-73.96996461570363, 40.7454902697842], [-73.97103202772267, 40.744153548814616], [-73.9711954458702, 40.743478108767896], [-73.97197944067837, 40.74223814642365], [-73.97220816622995, 40.74040342796263], [-73.97262663284215, 40.7386512819061], [-73.97258229802553, 40.73673386492102], [-73.97350195966997, 40.73603443325071], [-73.97440355236685, 40.73624980681716], [-73.97447209929824, 40.735742748100776], [-73.97285834336101, 40.7354523390917], [-73.97331703206832, 40.73502200798609], [-73.97425121858147, 40.73455456766487], [-73.97386801806175, 40.73306534119543], [-73.9733109382162, 40.7311496402582], [-73.97181314450572, 40.72982439402718], [-73.97152212967416, 40.727925305692494], [-73.97170450022058, 40.726197021731686], [-73.97213383686737, 40.724266381729095], [-73.97260066801479, 40.72231314818936], [-73.97306378587623, 40.720358970925204], [-73.97362914513523, 40.718432619910104], [-73.97431774053763, 40.716546242507405], [-73.97509626807329, 40.71469516588848], [-73.97592922494565, 40.71287574687736], [-73.97703004952034, 40.71122143145642], [-73.9788208131635, 40.71046024213004], [-73.98077250765839, 40.71025426574898], [-73.98233902573008, 40.70971731724348], [-73.98433813273874, 40.70952490502651], [-73.98633723664356, 40.70933246056373], [-73.98833237265796, 40.709132466405954], [-73.98968668544396, 40.70985743620393], [-73.99167407633028, 40.70956973210311], [-73.99365733544752, 40.7092587258629], [-73.99563947644401, 40.70896911827789], [-73.99761805897221, 40.708638677914145], [-73.99942841509666, 40.70781481118397], [-74.0010502207242, 40.706934112748414], [-74.00086628538675, 40.70569033535471], [-74.00188744727065, 40.705259614454405], [-74.00197693600765, 40.70474335009609], [-74.00329277959986, 40.705601648380764], [-74.00333680886223, 40.70508539649621], [-74.00454239496118, 40.70474458433559], [-74.0039653487344, 40.70387763777228], [-74.00498617744708, 40.70417588024848], [-74.00426574585006, 40.70332172397032], [-74.00539175314036, 40.70395190197466], [-74.00616229633081, 40.70332396822515], [-74.00569617720133, 40.7026027809175], [-74.0072508169121, 40.70328366494809], [-74.00888409520908, 40.70215746857028], [-74.00822594942903, 40.70134463398296], [-74.0084211835105, 40.7007656982284], [-74.00957303048556, 40.70182864519002], [-74.01122613696522, 40.70125974813573], [-74.01102371530092, 40.70063199508351], [-74.01181577645904, 40.700646022451366], [-74.0125506524901, 40.70058146165505], [-74.01301307568967, 40.69981497884853], [-74.01355017392494, 40.700368838726], [-74.01417757916272, 40.700251443563964], [-74.01438100910403, 40.70058813876785], [-74.01480158550982, 40.70089921607266], [-74.01634330229514, 40.70184980313745], [-74.0176018220938, 40.70337764150627], [-74.01788743099351, 40.70413822075498], [-74.01774009384178, 40.7045533894164], [-74.0189533181464, 40.704859815446504], [-74.01916969199104, 40.706786166994874], [-74.01841448801702, 40.70723803926816], [-74.01870199395348, 40.7086596630928], [-74.01821460918121, 40.71060796450305], [-74.01782137929575, 40.71257666715477], [-74.01663207300528, 40.712158569090384], [-74.01694898915089, 40.713503272455036], [-74.01758453105678, 40.71383902034228], [-74.01722347908463, 40.71581463777468], [-74.01686237193698, 40.717790252131415], [-74.01560515793167, 40.7185291024868], [-74.01367823182123, 40.718378294508284], [-74.01301009427608, 40.71970672724669], [-74.01456426046873, 40.72027312175344], [-74.0131442745423, 40.7203531146916], [-74.01284013017172, 40.72153986225362], [-74.01220596808732, 40.723174975952524], [-74.01180049548137, 40.72514195143915], [-74.0128919259417, 40.726092091801476], [-74.01489022008835, 40.72629276232462], [-74.0138946559654, 40.72666779682878], [-74.01189520521521, 40.72647907030386], [-74.0113952401408, 40.72809455763862], [-74.01325069965114, 40.728374433437956], [-74.01424830451059, 40.729314751341235], [-74.01345349397258, 40.730637113533916], [-74.01145176265233, 40.73047425465319], [-74.0110078414367, 40.73216133027515], [-74.01208790609329, 40.733038177569746], [-74.01400126864418, 40.73316181419748], [-74.01216181394355, 40.733311701251566], [-74.0108463888593, 40.7338543176728], [-74.01160828408963, 40.734320217651444], [-74.01069687782002, 40.735490620044025], [-74.01053469767713, 40.73737079456244], [-74.01077110788395, 40.73838144520885], [-74.01126929514596, 40.73920863007388], [-74.0123471762764, 40.73973752396166], [-74.01148858325936, 40.74027002194247], [-74.01229390075817, 40.74072298439239], [-74.0102943103017, 40.740669898718494], [-74.01009735024992, 40.74126726680456], [-74.01209391819671, 40.741484448128304], [-74.01045712823701, 40.7415871050938], [-74.00917866523149, 40.742356066455166], [-74.01018056796786, 40.743323022659155], [-74.01214696718012, 40.74356608970033], [-74.01044134372302, 40.743773890477456], [-74.00885936932823, 40.74413699140794], [-74.00962381676361, 40.745295849615964], [-74.01032864620774, 40.74537204798738], [-74.010940615416, 40.74543146076404], [-74.01157141917363, 40.7455024209198], [-74.01141742541031, 40.745956813715665], [-74.00948348124902, 40.745752167012256], [-74.01075055457585, 40.74648963663288], [-74.01074728673403, 40.74692010258581], [-74.00915660291884, 40.74725118299791], [-74.01074952623439, 40.74752818305385], [-74.01038677228173, 40.747922873253046], [-74.00897918357505, 40.7484091136019], [-74.01091920111024, 40.748619272248646], [-74.00990135325516, 40.74905300202494], [-74.01057183821499, 40.75023344356407], [-74.00931568963867, 40.7500104202323], [-74.00857598569235, 40.75177005040242], [-74.00900172999299, 40.752183879390884], [-74.0087040887581, 40.75211269095985], [-74.00986113866752, 40.75276856060857], [-74.00876825986387, 40.75238460275188], [-74.00781969413823, 40.75376197478429], [-74.00708648646678, 40.75501038096261], [-74.00591103428893, 40.756638687662964], [-74.00501475302222, 40.75790596484892], [-74.00623675388604, 40.75885784958417], [-74.00622469105915, 40.7598049509167], [-74.00442104068166, 40.759201953644435], [-74.00410516621686, 40.75989028062905], [-74.0033449119099, 40.76078441364979], [-74.00280030173143, 40.761743434472805], [-74.00451218032036, 40.7625823219727], [-74.00269743620626, 40.7619413856485], [-74.0018411569725, 40.76277446442393], [-74.00369178775445, 40.76355460351562], [-74.00204809338753, 40.763125774188815], [-74.00151458425727, 40.76364730707373], [-74.00301354415429, 40.764524687418124], [-74.00179870702118, 40.76419894316036], [-73.9999493117261, 40.76341615402866], [-73.9999193241594, 40.764529956234306], [-74.00176926546801, 40.76531172886636], [-74.00110899208761, 40.765507104049405], [-73.99925851261175, 40.76472660612956], [-73.99848524723753, 40.765653771901285], [-74.00033538549937, 40.766435078310806], [-74.00107783503996, 40.767148652097816], [-73.99923250115405, 40.766356065103814], [-73.99763578786076, 40.76646733393708], [-73.99882217966005, 40.76743639447489], [-74.00064967896186, 40.76823871977616], [-73.99890744806729, 40.76787460511031], [-73.99709477116572, 40.76721355317774], [-73.99730286617277, 40.76845423592811], [-73.99915435189001, 40.76923234384631], [-73.99858867235865, 40.769384433819226], [-73.99706174632564, 40.76896249627625], [-73.99772073492555, 40.76991079485301], [-73.99863120093991, 40.770770213653236], [-73.99677892857267, 40.769993980201846], [-73.9956082642784, 40.77077608282981], [-73.99539647473642, 40.771236332071354], [-73.99604811667578, 40.77210750607944], [-73.99644046547414, 40.77263452898246], [-73.99465622010018, 40.77208985352751], [-73.99591286143529, 40.7728302990758], [-73.99633042425437, 40.773363797753824], [-73.99448004527682, 40.772583061605744], [-73.99456668623533, 40.773277739894525], [-73.99619822610978, 40.77377223331586], [-73.99483114761524, 40.7735576795525], [-73.99331802350568, 40.77398425696581], [-73.99208238036414, 40.77545486488004], [-73.99146183795366, 40.776835358819866], [-73.99006393208884, 40.7780485394611], [-73.98888355786369, 40.77967323991683], [-73.99081258659973, 40.77965787175285], [-73.99041678922833, 40.77980421841002], [-73.98885652862667, 40.780314093286094], [-73.98787503917512, 40.78189529649087], [-73.98673137773541, 40.78354620224374], [-73.98558111382052, 40.78519247543578], [-73.98676825766256, 40.78554951328765], [-73.98610606579503, 40.78623966659851], [-73.98518791230295, 40.78601987203511], [-73.9849029981596, 40.78617815626952], [-73.9858142144353, 40.786615124239646], [-73.98415575828864, 40.787252898686184], [-73.98300924924867, 40.78890182813103], [-73.98186271413682, 40.7905507394474], [-73.98071636374067, 40.79219977918692], [-73.97953866644029, 40.793826306750695], [-73.97837633896951, 40.79546412265764], [-73.97721979768036, 40.79710602046763], [-73.97606704159551, 40.798750575596436], [-73.97494653486032, 40.80039651564576], [-73.97378513243018, 40.802032930362145], [-73.97265108226766, 40.80366375988275], [-73.97148676760769, 40.805271481500945], [-73.970268818175, 40.806867807669285], [-73.96905741517081, 40.808468869458004], [-73.96795618064723, 40.81010586861577], [-73.96688388283047, 40.811769621388414], [-73.96572857096005, 40.81340922568337], [-73.96460886386198, 40.81507277732914], [-73.96340764885963, 40.816679618584594], [-73.9620048406268, 40.8181160604885], [-73.96067461763415, 40.81962070379571], [-73.95934041808322, 40.820925604481204], [-73.95888267630187, 40.82144497326595], [-73.95967692149449, 40.822473738986446], [-73.95882768013834, 40.82237692639441], [-73.95817298337528, 40.82286613269392], [-73.95945545713029, 40.82384442150916], [-73.95833627589091, 40.825491677683715], [-73.95720454635213, 40.8270968324532], [-73.9558171338533, 40.82771329321988], [-73.95430972582217, 40.82818622448863], [-73.95314632863688, 40.829815681954926], [-73.95201156543233, 40.831471474358295], [-73.9509779147421, 40.83317644455389], [-73.94997558333868, 40.8348943821001], [-73.94937619609566, 40.836716367031066], [-73.94901866380671, 40.83837874359236], [-73.94819799957108, 40.84019565619892], [-73.94732885750653, 40.841996208327174], [-73.94625313182407, 40.84366393518048], [-73.94622904929636, 40.84556935697139], [-73.94681891735193, 40.84719078751909], [-73.94670970509189, 40.84912933501255], [-73.94670617060781, 40.85076433206772], [-73.94553117112693, 40.851320564363384], [-73.94420025708187, 40.85200963003994], [-73.94261448441468, 40.853062719533185], [-73.94142492581142, 40.854654286012114], [-73.94042283154187, 40.85633717201994], [-73.93922125227586, 40.85789510520899], [-73.93813320360105, 40.8595543965764], [-73.93701826492796, 40.86108539194398], [-73.93585409190919, 40.86267261376882], [-73.93462619113751, 40.864260362972054], [-73.9335687345236, 40.86584801808323], [-73.9328802982685, 40.86733518169303], [-73.93248843720178, 40.86867608015929], [-73.93222640250828, 40.86930694532187], [-73.9322060052046, 40.87009644125466], [-73.93143224061131, 40.87191973938261], [-73.93040395647643, 40.8736248309186], [-73.92931632961763, 40.87529978891139], [-73.92787060621161, 40.876638029605715], [-73.92629456200272, 40.87750609001859]], [[-73.91986505165511, 40.59952240822562], [-73.91812204706592, 40.59903386480434], [-73.9162305247594, 40.59802294872991], [-73.91494375413579, 40.59638758310523], [-73.9135075034867, 40.59484671501723], [-73.91320831756936, 40.59287554837841], [-73.9139696008178, 40.59166682039085], [-73.91591909063153, 40.59207822759984], [-73.91693169770983, 40.5937407132987], [-73.91857852490931, 40.59517496014441], [-73.92025715640256, 40.59621218582089], [-73.92182088888909, 40.59736658110309], [-73.92161514816743, 40.59906725878087], [-73.91986505165511, 40.59952240822562]], [[-73.9192378576436, 40.79888106768282], [-73.91730470291579, 40.79812560675587], [-73.91551164268071, 40.79710094863375], [-73.91430331493102, 40.795419935752214], [-73.91400505629916, 40.793546263506364], [-73.91527326872585, 40.79190882912659], [-73.91660592909146, 40.790605715587006], [-73.91840458063392, 40.789825912790896], [-73.91955303760028, 40.78827464728726], [-73.92094887872967, 40.78673688598536], [-73.92226829847934, 40.78527384617561], [-73.92303738133762, 40.78337024898156], [-73.92474007976672, 40.782237797413316], [-73.9266017715017, 40.78156503117398], [-73.92850527849623, 40.7810157872509], [-73.93029532120326, 40.782068792632785], [-73.93227975638594, 40.78262181537711], [-73.9343353684405, 40.782914913626335], [-73.93599305010811, 40.78397592107603], [-73.93551666152483, 40.78591053722707], [-73.934169802001, 40.787491376150925], [-73.93280758718036, 40.78905857896275], [-73.93144750299058, 40.79050214103613], [-73.92963398874531, 40.791341799550075], [-73.92766176973589, 40.79081600826211], [-73.92604637671451, 40.791213952918646], [-73.92563194530489, 40.791897083443864], [-73.92637104874868, 40.79120345787177], [-73.92769432961276, 40.791310395436525], [-73.92826292338158, 40.79232539638898], [-73.92757743667914, 40.79415492230826], [-73.92689988472799, 40.79607250794861], [-73.92757715352494, 40.79733003965279], [-73.92726297371738, 40.798918492646756], [-73.92718488366081, 40.8004735966051], [-73.92666417893157, 40.800656274449985], [-73.92599631820455, 40.80138696853307], [-73.92419247845585, 40.801974190061074], [-73.92217475105988, 40.80163627524953], [-73.92087917925323, 40.8000648969703], [-73.9192378576436, 40.79888106768282]], [[-73.93779269036345, 40.78035790421232], [-73.93876101004653, 40.78047726764062], [-73.93779269036345, 40.78035790421232]], [[-73.94623787959829, 40.764285014549735], [-73.94758507248594, 40.762715531135306], [-73.94892551348647, 40.761139829647256], [-73.95043546692945, 40.75974166254535], [-73.95187751517624, 40.75827312932504], [-73.95303562582637, 40.75660837386321], [-73.95457895286845, 40.755231463886176], [-73.95608918354196, 40.75384810847418], [-73.95756916888281, 40.75240668485267], [-73.95916043938566, 40.75117661492821], [-73.96080493781312, 40.749929594684545], [-73.96120011299939, 40.750375743704495], [-73.95994065440576, 40.75198722769586], [-73.9588438272954, 40.75363093548519], [-73.95741467815841, 40.75512053345475], [-73.9560383902589, 40.7566650232971], [-73.95471837662235, 40.75825185101874], [-73.95333234317795, 40.75975276366646], [-73.95199709362946, 40.76102534542734], [-73.95079799395768, 40.762697084892764], [-73.94934312174736, 40.76415650589861], [-73.94798997746538, 40.76565568632686], [-73.94666130958088, 40.767240966377074], [-73.94561975758513, 40.768705588933024], [-73.9443689566938, 40.77005433662596], [-73.94281809290678, 40.771409797547754], [-73.94104786863608, 40.77235141362589], [-73.94028099446571, 40.7721567711064], [-73.94059321157565, 40.77020124000218], [-73.9420805432293, 40.768849458946654], [-73.9435985619294, 40.76746442613281], [-73.94484691962647, 40.765816304075805], [-73.94623787959829, 40.764285014549735]], [[-74.01525474322264, 40.693206891183905], [-74.01417238842973, 40.69277792176825], [-74.01246967163563, 40.69241116030663], [-74.01268770528053, 40.6921674758771], [-74.01242764865064, 40.69141694053507], [-74.01184282193366, 40.6910120421585], [-74.01227369185098, 40.68979894553446], [-74.01329885448679, 40.68810720633476], [-74.01515825924459, 40.68727440632004], [-74.01700019779678, 40.68681199262818], [-74.0151482619913, 40.68648659546632], [-74.0170158528134, 40.68595422185183], [-74.01683294015255, 40.686295220898586], [-74.0183814413164, 40.68626469910612], [-74.02026833443288, 40.68539847498938], [-74.01968263598344, 40.68495884740942], [-74.02046967464591, 40.68470138549714], [-74.02180533290979, 40.684711512373745], [-74.0224727023578, 40.683454193813006], [-74.02237889076322, 40.68376986727242], [-74.02412800046356, 40.683945864469344], [-74.02606652816897, 40.68453417528249], [-74.02627849729465, 40.68632821340467], [-74.02477540431036, 40.6877596731349], [-74.02325802557328, 40.68917630596292], [-74.02174130806242, 40.69059395710055], [-74.02022829873941, 40.69201469909191], [-74.01889513324446, 40.69321813695775], [-74.01682262207089, 40.693338764812644], [-74.01525474322264, 40.693206891183905]], [[-74.03934037670152, 40.69811551483597], [-74.04122893221246, 40.69952659308611], [-74.04040965092639, 40.69809371904125], [-74.04131596139082, 40.69669917807019], [-74.04318683846003, 40.697641333905814], [-74.04285794226716, 40.69908507495868], [-74.0410150915699, 40.700430011388576], [-74.03960215381163, 40.70064053827062], [-74.03772182614071, 40.69933570794409], [-74.03934037670152, 40.69811551483597]], [[-74.04263929305134, 40.689928175911014], [-74.04414351882255, 40.688555160678284], [-74.04632184942066, 40.68938255069919], [-74.04734768668266, 40.68984344628198], [-74.04645618049622, 40.691081207025256], [-74.04423108642754, 40.6903748594012], [-74.04263929305134, 40.689928175911014]], [[-74.04923629842045, 40.5653627363681], [-74.04923629842045, 40.5653627363681]], [[-74.08135603833722, 40.648490943530994], [-74.07942197992621, 40.64825095558096], [-74.0775910809913, 40.647449006725935], [-74.07588878028774, 40.64645546061038], [-74.07444259695926, 40.64506794842614], [-74.0735814682377, 40.64561211705215], [-74.07302962614392, 40.645133128944764], [-74.07270640141977, 40.644858003961154], [-74.07230968520567, 40.6446143138177], [-74.07202356953313, 40.64440931947218], [-74.07163250482003, 40.643731573967585], [-74.07136574060729, 40.64328230106801], [-74.07204817341494, 40.64273738511279], [-74.0705156529361, 40.642672815992746], [-74.07201136792796, 40.642328721711316], [-74.07271985790068, 40.64190479587929], [-74.07072713081338, 40.64214826258344], [-74.07150045377112, 40.6418400971849], [-74.07297844793104, 40.641243357987065], [-74.07136521031711, 40.64116170124485], [-74.0704258570467, 40.64103366955668], [-74.07239736576118, 40.64084755777835], [-74.073083945671, 40.63954611135283], [-74.07253071100324, 40.63823343691284], [-74.0735164855266, 40.63748581788607], [-74.07173947261222, 40.63737457879149], [-74.07097207848896, 40.63709538498149], [-74.07297283697066, 40.63693045233339], [-74.07213785689589, 40.63672201399645], [-74.07325965698566, 40.635998687422244], [-74.07289750853364, 40.63402407713686], [-74.07331672281514, 40.63209565676864], [-74.07280735648702, 40.630253949506425], [-74.07088791315189, 40.62966575402633], [-74.06896844254871, 40.62907764699185], [-74.06884400124474, 40.628756600915516], [-74.07076433573141, 40.62934188096799], [-74.07268467021807, 40.62992716102046], [-74.07260588622356, 40.62825987595472], [-74.07268794073309, 40.62679162871127], [-74.07229641746699, 40.6248226982512], [-74.07125542908388, 40.623124296452275], [-74.07007995197512, 40.621581552339265], [-74.06863121193305, 40.62046543426255], [-74.0669975203132, 40.619305946984966], [-74.06633670108107, 40.618931647302155], [-74.06594177737851, 40.618747268251944], [-74.06589742981822, 40.61809166263098], [-74.06426869620617, 40.61818022551564], [-74.06434058085283, 40.61713929338249], [-74.06369046744202, 40.61654502992131], [-74.06224009763756, 40.61515966225185], [-74.06103869494032, 40.613588794128084], [-74.06026786122392, 40.61193339532282], [-74.05987551315019, 40.61239262738005], [-74.05929407887061, 40.611517761379986], [-74.05849985165588, 40.610018223259296], [-74.05712337794509, 40.60861870986957], [-74.05613804967648, 40.60691195273038], [-74.05509947676238, 40.60629165834246], [-74.05361940215866, 40.605278915567155], [-74.05352678401292, 40.603573101071156], [-74.05304842096321, 40.601630182987755], [-74.05281182862655, 40.6000663234699], [-74.05338216211776, 40.59952220518447], [-74.05492673436963, 40.598362770057854], [-74.05644283010312, 40.5970468327465], [-74.05791677128353, 40.59568523507008], [-74.05934936407256, 40.594278851345294], [-74.06066065623176, 40.593289013819536], [-74.062188677979, 40.59198738251333], [-74.06357458393512, 40.59053497005082], [-74.06495339248717, 40.589075827698025], [-74.06507179016607, 40.588265057032864], [-74.06669863543709, 40.587090038688714], [-74.06823057690372, 40.58580027831698], [-74.06968729751017, 40.58441968993793], [-74.07108638084432, 40.582991988213514], [-74.07063528303601, 40.58164903747504], [-74.07235585721608, 40.58143661798783], [-74.07392888222914, 40.580190555031564], [-74.07450884353767, 40.578949414907065], [-74.07351303344515, 40.578337334109065], [-74.07523446410782, 40.578980895656166], [-74.07563729540891, 40.578043096270704], [-74.07681267117239, 40.57745992533936], [-74.07821501666946, 40.57654115249576], [-74.07881180680377, 40.57521556174323], [-74.08013993845051, 40.57520096594543], [-74.081711898764, 40.57396278241309], [-74.08321751070942, 40.57263800431597], [-74.08478672441379, 40.57138822387003], [-74.0862271271059, 40.56999171800439], [-74.08623638369716, 40.568590319975385], [-74.08785508550064, 40.5686457685875], [-74.0892007440068, 40.567176945492726], [-74.09079528257773, 40.56689420989849], [-74.09212240715357, 40.56539791212771], [-74.0933742380555, 40.56382846742544], [-74.09465582851715, 40.56298011820033], [-74.09626682743261, 40.56244503718554], [-74.09744399545593, 40.560846804275535], [-74.09811731139423, 40.559221018517874], [-74.09926229735554, 40.55914286554131], [-74.10078640908398, 40.55833419425524], [-74.10170353010925, 40.55655984259141], [-74.10199194216673, 40.5557979289186], [-74.10362956655372, 40.555354641858905], [-74.1048337039541, 40.55376150087067], [-74.10580439464313, 40.553514523429826], [-74.10741487254742, 40.55411437588549], [-74.10896171282839, 40.552849245077134], [-74.11035050900118, 40.55140263009239], [-74.11150091094623, 40.549757418502054], [-74.11263810225668, 40.54810302036261], [-74.11437880348385, 40.54803601723986], [-74.1160931872311, 40.547868056225376], [-74.1179721638724, 40.54731179547548], [-74.11932592256079, 40.54587146620789], [-74.12114369342328, 40.54528051995764], [-74.1228797083387, 40.54437516145974], [-74.12433857091715, 40.542997666124045], [-74.12562493812254, 40.54145640148311], [-74.12683812836279, 40.539858715916296], [-74.12799378480209, 40.53821743907293], [-74.12918600494831, 40.5366022460803], [-74.13037822509453, 40.53498705308767], [-74.13170393720885, 40.53348340212878], [-74.13308151881293, 40.53202309181772], [-74.13462441689668, 40.53075202104642], [-74.13625837376583, 40.52958788209048], [-74.13796771028798, 40.52966875238066], [-74.13900480885941, 40.5309445217343], [-74.13989674738667, 40.53271693503095], [-74.14061383389478, 40.53454651931886], [-74.13919157191754, 40.5353087973796], [-74.13719007405537, 40.535213899982445], [-74.13518269582993, 40.53523978319147], [-74.13333934959246, 40.5359539820871], [-74.13276377274863, 40.53648077178727], [-74.13126216412051, 40.53781321646097], [-74.132052711008, 40.53801228292683], [-74.13207259800245, 40.53753126762292], [-74.13229726886522, 40.537226739270594], [-74.13259890462643, 40.536958170952076], [-74.13301145613922, 40.536595814546914], [-74.13332946666276, 40.53704449820323], [-74.1318049569211, 40.53835067793201], [-74.13028852788568, 40.539666132686804], [-74.12991870884893, 40.539485827981295], [-74.13033611213845, 40.5392655193789], [-74.13075338474866, 40.5390597459054], [-74.13118031081422, 40.53885007284668], [-74.13160076692111, 40.53849222917712], [-74.13042150693492, 40.53855951039009], [-74.12892065713466, 40.5398928097404], [-74.12761363827073, 40.54134183586136], [-74.12762584688713, 40.54327917263223], [-74.12795900012208, 40.54377996167345], [-74.12926370840088, 40.545301351129204], [-74.13095693312637, 40.54633459920578], [-74.13290366140147, 40.54681254997057], [-74.13489752489428, 40.54669360295614], [-74.13656220484998, 40.545920381150495], [-74.13642244083688, 40.5451118681554], [-74.13711937446178, 40.545710569846925], [-74.13681087051813, 40.54471820113385], [-74.13781502321228, 40.54582988421275], [-74.13857686094663, 40.544835108881976], [-74.1380811718367, 40.544475161647476], [-74.13834634589531, 40.54423998225054], [-74.13889015244852, 40.54460206940756], [-74.13936674782299, 40.54424785419089], [-74.13876297890157, 40.544156837573055], [-74.13881845694856, 40.54378748164188], [-74.13838164502647, 40.54357080621863], [-74.13954559685946, 40.54425540531468], [-74.13889446076844, 40.543141277504496], [-74.13987133548093, 40.543767337074044], [-74.14008289327938, 40.543626353358064], [-74.13986333547642, 40.543433559717535], [-74.13944051062006, 40.54279966477323], [-74.14053969892096, 40.543049606648005], [-74.1401102899202, 40.54270665645562], [-74.14117353192111, 40.54299390055], [-74.14035184403683, 40.542370327889024], [-74.14113857994577, 40.54270307002415], [-74.14050611112941, 40.54208942755153], [-74.14136238169485, 40.5425663987589], [-74.14135961092093, 40.541894513190464], [-74.14133570281895, 40.541849175072755], [-74.14222318718471, 40.54192316325745], [-74.14191110060514, 40.54036536239416], [-74.14226153266034, 40.53911065031579], [-74.14196378116387, 40.53836714145749], [-74.14132432078073, 40.537330602936265], [-74.14217216498761, 40.53790868296487], [-74.14225272885278, 40.53711838121094], [-74.14412304680762, 40.536871616311984], [-74.1454640771042, 40.53580742575476], [-74.14710850285238, 40.53528412955589], [-74.14890984906751, 40.53440221173484], [-74.15013933552869, 40.53307702682461], [-74.15159095299677, 40.532506890616204], [-74.15308519216151, 40.53155803292784], [-74.15436329842598, 40.53046382578898], [-74.15557861181092, 40.52971789014084], [-74.15619930242072, 40.52870772122747], [-74.157799508264, 40.528573195530385], [-74.1588839886923, 40.527948761454894], [-74.1605170040454, 40.52747298708097], [-74.16237891225599, 40.527130794023925], [-74.16415401229835, 40.52627133369912], [-74.16593445416234, 40.52540600343499], [-74.16764316485661, 40.52435638555846], [-74.16937583998839, 40.523352265454896], [-74.17112445667092, 40.523550969109685], [-74.1729654939116, 40.5228210487731], [-74.17466653235752, 40.52175719322195], [-74.17629988544283, 40.52059951802865], [-74.17760427956291, 40.51923165170575], [-74.17927324923792, 40.52000947920208], [-74.18100127974319, 40.52069968944393], [-74.18286765604039, 40.52006330635077], [-74.18470784093118, 40.51939491945385], [-74.18636622485458, 40.51826973454595], [-74.18787102496071, 40.5169423913767], [-74.18920119230339, 40.515446596644104], [-74.19001585214444, 40.51499868382253], [-74.1913939065273, 40.51353881965133], [-74.1928354407204, 40.51217427321451], [-74.19410690143104, 40.51063502564194], [-74.19592390590131, 40.50985804692645], [-74.19770933502373, 40.5106677412418], [-74.19953989634082, 40.51138539485735], [-74.19948840446344, 40.51274536796545], [-74.20027845716018, 40.51299700790846], [-74.20226429452521, 40.51280434866919], [-74.20423202227938, 40.51240891507732], [-74.20620520317738, 40.51215211391915], [-74.20814644395368, 40.51164963220641], [-74.20949731979492, 40.51065146811335], [-74.21032092974347, 40.51022193969677], [-74.21152567611809, 40.50865335394074], [-74.21275080364194, 40.507274252038194], [-74.21421973702411, 40.50654336348912], [-74.2158620164651, 40.50542205249651], [-74.21714169019859, 40.503880820721946], [-74.21881557426937, 40.50305443860919], [-74.22076813025929, 40.50273404653669], [-74.22271881890634, 40.5025271993123], [-74.22458823396515, 40.50191455299211], [-74.22650215126569, 40.502188006363944], [-74.22849429943655, 40.50224511302332], [-74.23036212201775, 40.50184788274942], [-74.23224565750078, 40.50145951608955], [-74.23412381034825, 40.50082336509578], [-74.23604680889193, 40.50029630582139], [-74.23765422887064, 40.49921623039486], [-74.2391547539468, 40.498233454908394], [-74.24088303795581, 40.49763844438614], [-74.2428522202901, 40.49763410463059], [-74.2448249732274, 40.49737804876712], [-74.24650329189751, 40.49629670259302], [-74.24844739618803, 40.49628758696456], [-74.25010842528933, 40.497360873235294], [-74.25113838075346, 40.49896591886434], [-74.25291291731864, 40.49987161043383], [-74.25383957701587, 40.50162317754621], [-74.25490313005614, 40.503310176582], [-74.2553568669639, 40.5052158860777], [-74.25544134036765, 40.50720775487563], [-74.25468707639905, 40.50870736140182], [-74.25417066429313, 40.5093135842202], [-74.25441551527462, 40.50981093202524], [-74.25338158561537, 40.509785097122084], [-74.25304328793081, 40.511325215426254], [-74.25308334969912, 40.51200717408115], [-74.25204556300932, 40.51340808859282], [-74.2507715607653, 40.514616863792185], [-74.25035256231814, 40.515668285857075], [-74.2504392196795, 40.51611721044079], [-74.24926282346067, 40.515134789932944], [-74.24952440530649, 40.515761391306235], [-74.24861456973987, 40.51624000888081], [-74.24927792468996, 40.517007891604976], [-74.24871252316345, 40.51699443751515], [-74.24728071620943, 40.51586942090264], [-74.24668701415246, 40.51643841126849], [-74.24639493939361, 40.516758516157644], [-74.24532689035883, 40.51741793909281], [-74.24461035898189, 40.51833088266775], [-74.242712311928, 40.51826917715726], [-74.24109397369647, 40.51934246153458], [-74.23984113539662, 40.52002997371543], [-74.24125423249592, 40.52093939620667], [-74.242872007971, 40.52149913393146], [-74.24274394944752, 40.523298621752446], [-74.2436287945708, 40.524848375154875], [-74.24318511948167, 40.52634138622683], [-74.24288676528549, 40.528185292994905], [-74.24224593175974, 40.529811309205236], [-74.24162752796504, 40.531541714871075], [-74.24224829159473, 40.5331245104179], [-74.24242863774582, 40.534737157805424], [-74.24366832108595, 40.53607879671064], [-74.2447906463925, 40.53676830441813], [-74.24450568802162, 40.537824571640265], [-74.24531262372776, 40.539467610884515], [-74.24593204299175, 40.5411983390884], [-74.24713232666544, 40.542713727036855], [-74.24744174701958, 40.54377260036573], [-74.24631776290443, 40.54543599959303], [-74.24480169034834, 40.54673728926846], [-74.24331029062905, 40.547820199168356], [-74.24212003119348, 40.54694982168896], [-74.24029262512074, 40.54773335788968], [-74.23875051825699, 40.54894913902986], [-74.23730821294906, 40.55021956325219], [-74.23618780934733, 40.55149218547046], [-74.23548206491584, 40.552749571430695], [-74.23367129687153, 40.55248844456816], [-74.23214810093528, 40.55362033538577], [-74.23096490688224, 40.5551911420397], [-74.22926511826843, 40.5555410756406], [-74.22796682948874, 40.55626192701138], [-74.22610100326607, 40.556240660821], [-74.22412481895664, 40.555929267684675], [-74.22314321894908, 40.55577587973143], [-74.22149797421501, 40.55558729052475], [-74.22028169639461, 40.555548249643415], [-74.21909237698597, 40.554930897991255], [-74.21898172214217, 40.55499690630925], [-74.21879512460636, 40.55594655771875], [-74.21740250983575, 40.55509686742455], [-74.21554202681278, 40.55582669759716], [-74.21456379383164, 40.55686069690032], [-74.21321384251873, 40.556838686698285], [-74.21209479803974, 40.5582215442076], [-74.2116042305526, 40.55990990514475], [-74.21117220191265, 40.5616601699494], [-74.2113269141544, 40.563600160712056], [-74.21064373010435, 40.56546922083685], [-74.2096898505308, 40.56722718054252], [-74.20888484642626, 40.568879292547834], [-74.20807843795315, 40.570435762198095], [-74.20788929630679, 40.57230501704104], [-74.20719581909816, 40.574171370132326], [-74.20685908598543, 40.5757428659813], [-74.20673425672867, 40.577072791897244], [-74.20591736404386, 40.57861731711268], [-74.20588550721564, 40.58055880192459], [-74.2051319758177, 40.582061132120764], [-74.20442090533298, 40.58366774730299], [-74.20440307401397, 40.58546552258134], [-74.20425573747714, 40.587185053595014], [-74.20412444382828, 40.58881101429032], [-74.20454238868616, 40.58946983719957], [-74.20377855553406, 40.5898677094138], [-74.20213971007499, 40.590810326169006], [-74.20242437202545, 40.59095455501514], [-74.20227826527207, 40.591518745659265], [-74.2010635409064, 40.59273652375009], [-74.19959438842861, 40.593736337202415], [-74.1986351062896, 40.5952187250254], [-74.19755305080521, 40.596801659478956], [-74.19749217270095, 40.59859640525957], [-74.19822600061607, 40.60046502343124], [-74.19911632683116, 40.60225645936466], [-74.20034365172774, 40.60383371313822], [-74.20175221565279, 40.6052238758751], [-74.2025021071643, 40.60706141883519], [-74.20272656054473, 40.609023141710814], [-74.20245876926403, 40.611009646637655], [-74.20241480125146, 40.61299740064882], [-74.20150155038034, 40.61472223880455], [-74.2004010645594, 40.61640127669513], [-74.20083026627175, 40.61811726123502], [-74.20070241717674, 40.61924382205109], [-74.2004794646868, 40.620399029235195], [-74.20138668391279, 40.62165320056105], [-74.2016322608648, 40.6232659480642], [-74.20105331087161, 40.624872419205445], [-74.20136179617724, 40.62648357820221], [-74.20110048443458, 40.6284740438396], [-74.20042433435756, 40.63002708846485], [-74.2002436108111, 40.631100486179015], [-74.19938554642735, 40.632111882974904], [-74.19795014907021, 40.6332634474218], [-74.19669375662276, 40.634034365121764], [-74.19543195061738, 40.63517314051399], [-74.19441918089893, 40.636602153128855], [-74.19383154124213, 40.63734500542199], [-74.19250627685538, 40.63854976725358], [-74.19094500565654, 40.63981177736612], [-74.1893837344577, 40.64107378747867], [-74.18782246325887, 40.64233579759121], [-74.18624755311185, 40.64319801777644], [-74.18495850549252, 40.644071674252565], [-74.18435859149675, 40.64310641511561], [-74.1839079110798, 40.6428332421251], [-74.18337938618883, 40.643530951500004], [-74.18296494829752, 40.64479536951845], [-74.18103517324583, 40.644697548355786], [-74.17993433593081, 40.64465491922618], [-74.17952213469727, 40.6443910238148], [-74.17905700319096, 40.64405569626726], [-74.179527622689, 40.64238308059418], [-74.17896519820744, 40.64281212711504], [-74.17802379136349, 40.64253935780234], [-74.17677086895574, 40.642636437714415], [-74.17659879499506, 40.64342322374381], [-74.17547268786299, 40.64412073161284], [-74.17474353919138, 40.645075672999894], [-74.17306144152778, 40.64429118702211], [-74.17255317290795, 40.64313044693038], [-74.17147096112706, 40.64298233414964], [-74.17149865481952, 40.64177666092219], [-74.17263775787609, 40.64065228412575], [-74.17156387744947, 40.64102036843586], [-74.17105435262485, 40.64247062549522], [-74.17013477464464, 40.64200231311484], [-74.1683944507709, 40.64198876894642], [-74.16661516457957, 40.64144760091258], [-74.16625973736097, 40.64169860702403], [-74.16545724262562, 40.6422016048679], [-74.1651643900031, 40.64080605198848], [-74.16443499489291, 40.64127560253346], [-74.16409199906124, 40.64048719940917], [-74.16389321625023, 40.639902057284154], [-74.16286121293184, 40.64100654429449], [-74.16188753569459, 40.639968223350245], [-74.16170753631775, 40.6388813480519], [-74.1612312055242, 40.638605791290004], [-74.1609593114449, 40.63855062530149], [-74.1600255549632, 40.6396531576255], [-74.1602261283318, 40.638349449381856], [-74.1591526716405, 40.637873768803956], [-74.1586420448929, 40.63820814313642], [-74.15773475974922, 40.638850689439145], [-74.15715350224829, 40.638476990347925], [-74.15705317602662, 40.638197012692714], [-74.15577850768122, 40.63752039700774], [-74.15551678119185, 40.63773013916599], [-74.15476665169736, 40.63904242660463], [-74.15464448450524, 40.637439895221355], [-74.15278280360997, 40.63714156297737], [-74.15210494922619, 40.63807143624278], [-74.1512616111988, 40.63847363910458], [-74.15111850315466, 40.63850182060233], [-74.1496852998749, 40.637538561595406], [-74.1489261488532, 40.63869996808392], [-74.14861681201832, 40.638058591135035], [-74.14761477107805, 40.6390367069585], [-74.14585405566893, 40.63926434863868], [-74.14399668392954, 40.63889288770245], [-74.14276253723091, 40.63955779592953], [-74.14153218874027, 40.640279632899386], [-74.13990428769938, 40.64073751805285], [-74.13803729386413, 40.640959159719806], [-74.1362784616325, 40.64150939412467], [-74.1343565399418, 40.64188604406577], [-74.13259987839838, 40.641514723361574], [-74.13129894716823, 40.641188810895336], [-74.1297053586913, 40.641349208895846], [-74.12925139673126, 40.64044329251867], [-74.12882863585614, 40.640411541852714], [-74.12732246055435, 40.63979299842418], [-74.12666883565531, 40.64033466981501], [-74.12623728835429, 40.64134785587735], [-74.1260242928655, 40.640448406047526], [-74.12423516358288, 40.64014425576301], [-74.12258421293656, 40.64063701060515], [-74.1218913470198, 40.64140203185103], [-74.1213573710887, 40.64154428968432], [-74.12071142469289, 40.64104573799703], [-74.11988613332352, 40.64204544988891], [-74.11926505344776, 40.64185916897333], [-74.11862351251385, 40.64152914894115], [-74.11852752393355, 40.64185150667221], [-74.1177259747924, 40.641782195967465], [-74.11726981931103, 40.64215709217398], [-74.11711369520661, 40.64297154381631], [-74.11654849893885, 40.64275909429494], [-74.11581968646796, 40.642319421964324], [-74.1158064094391, 40.64267713153244], [-74.1143100356048, 40.64326944372277], [-74.11323414983455, 40.6444035502808], [-74.11358453566964, 40.643936645179416], [-74.11190523215447, 40.64455341999163], [-74.11167513709985, 40.64468878729007], [-74.1098216422495, 40.64543714985311], [-74.10782617345981, 40.64556203712486], [-74.10581863139113, 40.6455618338475], [-74.10390674466805, 40.64561405773523], [-74.10192487877958, 40.64545863199662], [-74.10040872990112, 40.6451039525922], [-74.09853075629897, 40.6453371105497], [-74.09653769171726, 40.645372269094715], [-74.09454723272778, 40.64559254800178], [-74.09272692576367, 40.6461816957852], [-74.0908386569213, 40.6468608260525], [-74.08896535428708, 40.6475542184666], [-74.08718009629598, 40.64840790152461], [-74.08524921595732, 40.648923470039605], [-74.08330912491137, 40.648463571327135], [-74.08135603833722, 40.648490943530994]], [[-74.05368629150419, 40.58054875961441], [-74.05312084022096, 40.57790878146161], [-74.05483084836162, 40.57840698240183], [-74.05368629150419, 40.58054875961441]], [[-74.1606963816236, 40.64168952114458], [-74.16146497423003, 40.64423458792457], [-74.15865768327988, 40.643945373438335], [-74.15848548882497, 40.6425381350325], [-74.1606963816236, 40.64168952114458]], [[-74.025, 40.88], [-74.02533188436297, 40.87800869382218], [-74.02566376872595, 40.87601738764435], [-74.02599565308891, 40.87402608146653], [-74.02632753745189, 40.872034775288704], [-74.02665942181486, 40.87004346911088], [-74.02699130617783, 40.86805216293306], [-74.0273231905408, 40.86606085675523], [-74.02765507490376, 40.86406955057741], [-74.02798695926674, 40.862078244399584], [-74.0283188436297, 40.86008693822176], [-74.02865072799268, 40.85809563204394], [-74.02898261235565, 40.85610432586611], [-74.02931449671863, 40.85411301968829], [-74.02964638108159, 40.85212171351046], [-74.02997826544456, 40.85013040733264], [-74.03031014980753, 40.84813910115482], [-74.0306420341705, 40.84614779497699], [-74.03097391853348, 40.84415648879917], [-74.03130580289644, 40.84216518262134], [-74.03163768725942, 40.84017387644352], [-74.03196957162238, 40.8381825702657], [-74.03230145598535, 40.83619126408787], [-74.03263334034833, 40.83419995791005], [-74.03296522471129, 40.83220865173222], [-74.03329710907427, 40.8302173455544], [-74.03362899343723, 40.82822603937658], [-74.03396087780021, 40.82623473319875], [-74.03429276216318, 40.82424342702093], [-74.03462464652614, 40.82225212084311], [-74.03495653088912, 40.82026081466528], [-74.0352176017616, 40.818259185907124], [-74.03546799983005, 40.81625600135957], [-74.03571839789849, 40.81425281681202], [-74.03596879596694, 40.812249632264475], [-74.03621919403538, 40.81024644771692], [-74.03646959210383, 40.80824326316937], [-74.03671999017227, 40.80624007862182], [-74.03697038824072, 40.80423689407427], [-74.03722078630916, 40.802233709526725], [-74.03747118437761, 40.80023052497917], [-74.03772158244605, 40.79822734043162], [-74.0379719805145, 40.79622415588407], [-74.03822237858294, 40.79422097133652], [-74.03847277665139, 40.792217786788974], [-74.03872317471982, 40.79021460224142], [-74.03897357278827, 40.78821141769387], [-74.03922397085671, 40.78620823314632], [-74.03947436892516, 40.78420504859877], [-74.0397247669936, 40.782201864051224], [-74.03997516506205, 40.78019867950367], [-74.04044106269924, 40.77823574920304], [-74.04093068725675, 40.776277250973045], [-74.04142031181425, 40.77431875274304], [-74.04190993637174, 40.77236025451304], [-74.04239956092924, 40.77040175628304], [-74.04288918548674, 40.76844325805304], [-74.04337881004425, 40.76648475982304], [-74.04386843460175, 40.76452626159303], [-74.04435805915924, 40.76256776336304], [-74.04484768371674, 40.760609265133034], [-74.04533730827424, 40.75865076690303], [-74.04582693283174, 40.756692268673035], [-74.04631655738925, 40.75473377044303], [-74.04680618194675, 40.75277527221303], [-74.04729580650424, 40.750816773983026], [-74.04778543106174, 40.74885827575303], [-74.04827505561924, 40.746899777523026], [-74.04876468017675, 40.74494127929302], [-74.04925430473425, 40.74298278106303], [-74.04974392929174, 40.741024282833024], [-74.05023355384924, 40.73906578460302], [-74.05072317840674, 40.737107286373025], [-74.05121280296424, 40.73514878814302], [-74.05170242752175, 40.73319028991302], [-74.05219205207925, 40.73123179168302], [-74.05268167663675, 40.72927329345302], [-74.05317130119425, 40.727314795223016], [-74.05366092575176, 40.72535629699302], [-74.05415055030925, 40.72339779876302], [-74.05464017486675, 40.721439300533014], [-74.05532110604179, 40.71957185861095], [-74.05653237030228, 40.71795683959697], [-74.05774363456275, 40.716341820583], [-74.05895489882323, 40.71472680156902], [-74.06016616308372, 40.713111782555046], [-74.0613774273442, 40.71149676354107], [-74.06258869160467, 40.709881744527095], [-74.06379995586516, 40.70826672551312], [-74.06501122012564, 40.70665170649914], [-74.06622248438613, 40.70503668748516], [-74.06743374864661, 40.70342166847119], [-74.06864501290708, 40.70180664945721], [-74.06985627716757, 40.700191630443236], [-74.0712581096383, 40.69874189036171], [-74.07268559825894, 40.697314401741046], [-74.0741130868796, 40.69588691312039], [-74.07554057550027, 40.69445942449973], [-74.07696806412093, 40.69303193587907], [-74.07839555274158, 40.69160444725841], [-74.07982304136225, 40.69017695863775], [-74.08125052998291, 40.68874947001709], [-74.08267801860356, 40.68732198139644], [-74.08410550722422, 40.68589449277577], [-74.08553299584489, 40.68446700415512], [-74.08696048446555, 40.68303951553446], [-74.0883879730862, 40.6816120269138], [-74.08981546170686, 40.68018453829314], [-74.09146257568642, 40.679024949542395], [-74.09314229699385, 40.67790513533744], [-74.09482201830126, 40.67678532113249], [-74.09650173960868, 40.675665506927544], [-74.09818146091611, 40.67454569272259], [-74.09986118222353, 40.67342587851764], [-74.10154090353096, 40.67230606431269], [-74.10322062483839, 40.671186250107745], [-74.10490034614581, 40.67006643590279], [-74.10658006745324, 40.66894662169784], [-74.10825978876066, 40.667826807492894], [-74.10993951006809, 40.666706993287946], [-74.11161923137551, 40.66558717908299], [-74.11329895268294, 40.66446736487804], [-74.11497867399036, 40.663347550673095], [-74.11665839529779, 40.66222773646814], [-74.11833811660522, 40.66110792226319], [-74.12001515931077, 40.65998484068923], [-74.12144264793143, 40.65855735206857], [-74.12287013655208, 40.65712986344791], [-74.12429762517274, 40.65570237482726], [-74.12572511379341, 40.65427488620659], [-74.12715260241407, 40.65284739758594], [-74.12858009103472, 40.65141990896527], [-74.13000757965538, 40.64999242034462], [-74.13143506827605, 40.64856493172395], [-74.1328625568967, 40.6471374431033], [-74.13429004551736, 40.64570995448264], [-74.13571753413802, 40.64428246586198], [-74.13714502275869, 40.64285497724132], [-74.13857251137934, 40.64142748862066], [-74.14, 40.64]]]}}]}